FECHA_DEF,muertes_observadas,muertes_esperadas_HDI5%,muertes_esperadas_HDI50%,muertes_esperadas_HDI95%,muertes_exceso_HDI5%,muertes_exceso_HDI50%,muertes_exceso_HDI95%,muertes_exceso_acumulado_HDI5%,muertes_exceso_acumulado_HDI50%,muertes_exceso_acumulado_HDI95%
2016-01-04,1853,1801.5842635219062,1859.1742030969003,1916.0055507251602,-63.005550725160305,-6.174203096900328,51.41573647809377,-63.005550725160305,-6.174203096900328,51.41573647809377
2016-01-11,1942,1801.592664067497,1859.7752587593818,1917.880207150165,24.119792849835033,82.22474124061807,140.40733593250306,-8.618414256671949,75.82117876928305,159.93916562913833
2016-01-18,1895,1802.5053771719465,1859.4559648194338,1917.0166087725688,-22.016608772568745,35.5440351805662,92.4946228280536,4.912601569363509,111.47024340607493,217.06671362199617
2016-01-25,1895,1793.6578448600872,1849.9353945273806,1906.1357251493112,-11.1357251493112,45.06460547261929,101.34215513991288,35.5950270165423,156.93149876984478,277.76402625755287
2016-02-01,1827,1792.4288075158465,1849.5733222463064,1906.5833470621956,-79.58334706219559,-22.57332224630636,34.57119248415339,-2.3011138760230883,134.0367590642726,268.8940128368522
2016-02-08,1724,1793.1536155724007,1850.3929462943318,1908.0998519275245,-184.0998519275246,-126.39294629433175,-69.1536155724007,-144.75908085137462,7.41942678311807,158.7357840177038
2016-02-15,1790,1792.9809681631614,1850.4129673939208,1907.6946162255058,-117.69461622550573,-60.41296739392078,-2.980968163161502,-220.27114460440782,-52.76250416585128,113.26549012263959
2016-02-22,1766,1793.4691377421732,1849.7932901148704,1906.1740537675312,-140.17405376753126,-83.79329011487039,-27.469137742173174,-316.1721353614894,-134.5294008846763,42.15721093523782
2016-02-29,1768,1727.7446001953554,1785.2864755389355,1841.5984446533914,-73.59844465339144,-17.286475538935406,40.25539980464456,-345.7933017782387,-151.47205076354396,35.71536764296086
2016-03-07,1760,1727.793643782584,1784.377599333087,1841.179278103739,-81.17927810373908,-24.377599333086778,32.20635621741591,-380.652268844862,-176.66702429907843,22.341838892180277
2016-03-14,1788,1726.638635774539,1784.4255582980268,1842.959233820126,-54.959233820125974,3.574441701973228,61.36136422546112,-389.8196058795454,-173.30984710789585,34.512458829591424
2016-03-21,1757,1728.0514120914409,1784.6451816211534,1841.862056882187,-84.862056882187,-27.64518162115337,28.948587908559215,-428.75007147014514,-199.74363696518742,22.744570498546604
2016-03-28,1751,1836.756848674895,1895.5559100335818,1953.3567867613122,-202.3567867613122,-144.55591003358177,-85.75684867489512,-582.5217436244374,-344.9540870507668,-118.62965906382783
2016-04-04,1845,1838.9352018615818,1895.3373292434949,1953.9454853533282,-108.94548535332817,-50.33732924349499,6.064798138418225,-639.8729348383723,-395.60575405748386,-159.25772144439523
2016-04-11,1893,1838.6827029286924,1895.7593920651498,1953.24420267231,-60.244202672310024,-2.7593920651497683,54.317297071307514,-654.2795619467427,-399.8382756995584,-152.91418771691724
2016-04-18,1929,1837.9235084891159,1896.3108071613096,1953.922153355957,-24.922153355957217,32.689192838690246,91.07649151088411,-628.88416764114,-364.2101141747445,-109.62497029883951
2016-04-25,1990,1973.1242462424475,2028.5971919025178,2085.430410516261,-95.43041051626105,-38.59719190251769,16.875753757552403,-673.6836702008322,-405.7555940669155,-142.07715383650688
2016-05-02,1904,1970.5238521322033,2028.8558105580455,2085.9768124599086,-181.9768124599087,-124.85581055804539,-66.5238521322032,-806.8393873357053,-528.7027355497261,-256.67684896626884
2016-05-09,1955,1971.8718127284312,2029.889388526637,2086.913825695302,-131.9138256953019,-74.88938852663705,-16.87181272843114,-886.6770969890177,-605.484911694983,-323.6640135489419
2016-05-16,1984,1973.620432291377,2029.5132547381556,2086.135605931238,-102.135605931238,-45.51325473815564,10.379567708622943,-941.9349515518142,-651.5655541159822,-359.699383822274
2016-05-23,2055,1970.9695291248945,2028.8437914035658,2086.61123241753,-31.61123241753009,26.15620859643434,84.03047087510558,-927.5586104086317,-624.8682292222468,-325.1518361206926
2016-05-30,1993,2280.2249854817064,2339.7538205667843,2397.360696752014,-404.3606967520141,-346.7538205667845,-287.2249854817065,-1278.0150339377553,-972.0952333225526,-665.1796347001882
2016-06-06,2221,2281.4349369765036,2338.75161258334,2397.659690545353,-176.65969054535284,-117.75161258334015,-60.43493697650362,-1406.740495313334,-1087.1766398032748,-774.928321358013
2016-06-13,2136,2282.6994227036753,2339.50685400388,2396.6636534801614,-260.66365348016154,-203.50685400387988,-146.69942270367525,-1617.3331095058336,-1293.0589959664271,-971.3397618911582
2016-06-20,2391,2283.9709245021295,2340.1354334067237,2398.7342049035774,-7.73420490357732,50.864566593276095,107.02907549787038,-1576.6635143096826,-1243.5685641734008,-912.9123806998765
2016-06-27,2359,2328.338285717575,2385.8036642730967,2443.3362866742887,-84.33628667428863,-26.803664273096956,30.66171428242489,-1612.258650939948,-1270.171681079165,-929.1956001405042
2016-07-04,2407,2329.799339045887,2386.24818669866,2442.623251942425,-35.623251942425235,20.751813301340007,77.20066095411309,-1598.332334615491,-1249.0221092848114,-907.5384872664384
2016-07-11,2479,2330.3690201253594,2386.7967227364143,2443.8535737394536,35.146426260546384,92.2032772635855,148.6309798746408,-1508.7459326494072,-1157.265810669352,-804.6549483053484
2016-07-18,2504,2329.59524155511,2386.438647008118,2443.0623705068247,60.93762949317536,117.5613529918819,174.4047584448901,-1399.851474602486,-1041.3274661176042,-680.4290510865555
2016-07-25,2288,2195.476369240406,2252.8098061893443,2309.2977957839157,-21.297795783915873,35.1901938106555,92.52363075959425,-1369.6723300976018,-1005.7909753112376,-641.9275206093052
2016-08-01,2251,2194.0281504684126,2252.0521134394066,2309.161001962511,-58.161001962510795,-1.0521134394068667,56.971849531587424,-1378.3723384419761,-1004.6959834496724,-641.068830451751
2016-08-08,2162,2194.5891308127766,2252.2858487889835,2310.2730471940804,-148.2730471940804,-90.28584878898323,-32.58913081277649,-1477.106094203392,-1094.8448848330013,-721.9836138396175
2016-08-15,2239,2196.079317977615,2252.937170708088,2309.0172798495105,-70.0172798495106,-13.937170708087933,42.92068202238502,-1498.2736881996898,-1109.2851027750316,-733.070378794475
2016-08-22,2111,2195.030820245944,2253.5213722041726,2311.6940620139485,-200.6940620139484,-142.5213722041724,-84.03082024594424,-1656.0376445254133,-1252.183882024709,-864.2280615989843
2016-08-29,2150,2118.007900382567,2175.352884990987,2232.251244507557,-82.25124450755739,-25.352884990986922,31.992099617432867,-1687.9868289365586,-1276.6087034194384,-881.2503862717894
2016-09-05,2298,2117.2290445723474,2175.0514763184246,2232.942434407533,65.05756559246709,122.94852368157535,180.7709554276527,-1569.5278421312846,-1151.7338350189416,-752.7160902362647
2016-09-12,2122,2117.570507762144,2175.012762426649,2233.7909898317594,-111.79098983175938,-53.012762426648806,4.429492237855719,-1625.954927098038,-1207.7340894433162,-797.3603711750741
2016-09-19,2142,2118.2969989288704,2176.348740845751,2233.1689636721835,-91.16896367218371,-34.348740845750854,23.70300107112958,-1668.4351465785458,-1241.5711436132535,-818.6440280212009
2016-09-26,2024,1939.2141018915017,1996.7252545551598,2053.78617705058,-29.78617705058036,27.274745444840164,84.78589810849823,-1647.4330112365265,-1213.6283395907458,-781.289682672642
2016-10-03,1992,1939.958415593545,1997.7142932177464,2054.8530161313347,-62.85301613133456,-5.7142932177464445,52.041584406454966,-1658.3519010389448,-1220.3820809724702,-783.7415114147333
2016-10-10,1908,1938.1094133043764,1997.5124882049604,2054.6067448983517,-146.60674489835156,-89.51248820496039,-30.109413304376368,-1749.139716684423,-1310.1706447584359,-872.099737684465
2016-10-17,1891,1939.6878239878802,1997.9736927355707,2054.7393207265886,-163.73932072658874,-106.97369273557081,-48.687823987880115,-1865.8558911650618,-1415.6481061590732,-969.2935990116421
2016-10-24,1888,1939.5325189824302,1998.3243384436482,2054.511093175245,-166.51109317524504,-110.32433844364834,-51.53251898243022,-1984.770968208281,-1524.7007056143789,-1067.8775980697867
2016-10-31,1973,1862.309373455644,1920.2302473518657,1978.2284663662283,-5.2284663662284,52.76975264813427,110.69062654435602,-1933.9255087852648,-1472.7624044456475,-1010.0717057032017
2016-11-07,1782,1863.5416851860439,1920.6405908336278,1978.3152359450412,-196.31523594504114,-138.6405908336277,-81.54168518604388,-2077.882392163769,-1611.1766929506311,-1151.8330935992744
2016-11-14,1817,1862.8897662869417,1920.7183877620503,1977.6416484706992,-160.64164847069932,-103.71838776205027,-45.889766286941814,-2187.4828428740257,-1712.5412825996998,-1247.054364359651
2016-11-21,1866,1863.675211669832,1920.4020087253925,1977.7487375681799,-111.7487375681799,-54.40200872539242,2.324788330168015,-2247.8371792008998,-1769.7474496065179,-1297.5561978509947
2016-11-28,1805,1817.7912431385125,1875.7263201540145,1932.1162096968744,-127.11620969687436,-70.72632015401439,-12.791243138512542,-2324.6068845518034,-1841.1288493329298,-1358.8989217247151
2016-12-05,1850,1819.0191814758869,1875.8139441865198,1933.0805198026521,-83.08051980265218,-25.813944186519848,30.980818524113168,-2353.998645646186,-1866.9617490798491,-1386.329320051573
2016-12-12,1822,1817.861540541126,1876.351543284613,1932.5894978106546,-110.58949781065468,-54.35154328461306,4.138459458873918,-2415.6714521804806,-1917.7608450420569,-1435.183821077045
2016-12-19,1813,1820.3261805600866,1876.4577206967579,1933.14583313988,-120.14583313988004,-63.45772069675786,-7.326180560086567,-2488.774018221385,-1981.9970692668044,-1492.93468762148
2016-12-26,1694,1815.545632067764,1873.4054874323879,1929.4748737771483,-235.47487377714836,-179.405487432388,-121.54563206776412,-2667.2406662223766,-2159.290482620607,-1661.4398931407302
2017-01-02,1840,1816.7477359720135,1873.1695351015696,1930.4038987343065,-90.40389873430655,-33.169535101569636,23.25226402798639,-2708.498424117136,-2193.356360484332,-1689.1934794376573
2017-01-09,1901,1818.1039039276309,1874.786281090715,1931.4718709552503,-30.471870955250367,26.21371890928492,82.89609607236909,-2686.8891102710218,-2169.0301533859447,-1655.0905254750812
2017-01-16,2041,1819.212921200193,1875.0407352282232,1932.6525197388721,108.34748026112794,165.95926477177682,221.78707879980684,-2529.3623899664954,-2004.0039208979426,-1481.3618717439033
2017-01-23,2077,1818.913377346141,1875.552479651355,1931.5829164270053,145.41708357299456,201.44752034864496,258.086622653859,-2326.903871320586,-1800.0462177454833,-1280.0137885790018
2017-01-30,1893,1806.1775046238126,1864.6473605849988,1921.4451216562388,-28.445121656238754,28.352639415001136,86.82249537618742,-2304.6261952624955,-1774.2193519080638,-1239.647179142291
2017-02-06,1797,1808.3252998102864,1864.7598929585579,1921.4754917067978,-124.4754917067978,-67.75989295855788,-11.325299810286316,-2378.485203297722,-1839.719215040674,-1306.6421975690077
2017-02-13,1809,1808.7738242413222,1865.0159802968774,1923.1628233077047,-114.16282330770477,-56.01598029687739,0.2261757586777647,-2439.5720132027277,-1896.1532765031584,-1358.6715852588154
2017-02-20,1970,1808.2968020951605,1864.9614382710988,1921.8731290423204,48.12687095767948,105.03856172890119,161.70319790483956,-2337.644971861152,-1790.1422229999457,-1247.8907571622535
2017-02-27,1699,1741.5636517228083,1798.0577857549697,1856.6789851526935,-157.67898515269343,-99.0577857549697,-42.56365172280829,-2443.632169473061,-1891.597997134199,-1346.6094892017363
2017-03-06,1745,1743.1098649486967,1799.4188953015937,1857.911871456858,-112.91187145685812,-54.41889530159358,1.8901350513032764,-2501.872409426624,-1946.9513187069292,-1394.1322121352712
2017-03-13,1737,1742.4905234834102,1799.6431866034293,1854.7663792317294,-117.7663792317295,-62.643186603429285,-5.49052348341033,-2568.79480803603,-2009.6993252921222,-1448.2086400093515
2017-03-20,1796,1742.4336453281473,1799.7137812228125,1856.41732273576,-60.4173227357601,-3.713781222812372,53.56635467185265,-2583.275944539716,-2013.8515233562089,-1447.530918670287
2017-03-27,1832,1852.5907879664471,1910.2249923742436,1966.1093766465153,-134.10937664651527,-78.22499237424358,-20.59078796644713,-2662.7799453935563,-2089.0904650590646,-1516.833488633664
2017-04-03,1896,1854.038417609207,1910.699054564092,1968.1381919936134,-72.13819199361352,-14.699054564091966,41.96158239079296,-2684.171255655063,-2100.901527003619,-1532.7782435535353
2017-04-10,1953,1854.2897173690376,1911.2117760858287,1967.9437579319472,-14.943757931947264,41.788223914171226,98.71028263096238,-2649.56946736314,-2060.50915820519,-1485.192780836127
2017-04-17,1828,1853.9417273177303,1912.080379578373,1968.672794091092,-140.67279409109216,-84.08037957837291,-25.941727317730177,-2741.580376872387,-2144.2941437834334,-1558.4860429406283
2017-04-24,1987,1987.133205526936,2042.9959835067907,2100.3521123393753,-113.35211233937507,-55.995983506790594,-0.13320552693624016,-2802.013539261422,-2199.8953042319054,-1608.5403626911293
2017-05-01,1938,1986.9005056728226,2044.8004746382471,2100.5821114772743,-162.58211147727422,-106.80047463824712,-48.9005056728227,-2911.4176581835627,-2307.958683202566,-1715.5204621988069
2017-05-08,1929,1987.6990909179517,2044.9848063826207,2102.1142046777977,-173.11420467779766,-115.98480638262083,-58.69909091795177,-3029.8619541601465,-2422.403761535,-1822.562235150479
2017-05-15,2084,1987.5894711795693,2044.633812573818,2101.438534694136,-17.43853469413591,39.36618742618202,96.41052882043067,-2992.7536939034376,-2383.5230757981226,-1779.2743403901259
2017-05-22,2235,1987.5545664066974,2045.1914278191218,2101.5849572768975,133.41504272310266,189.80857218087817,247.4454335933025,-2813.936553970191,-2193.6456129891985,-1582.500091505332
2017-05-29,2306,2296.7086968223575,2354.192715418587,2412.3713047758633,-106.37130477586324,-48.19271541858711,9.291303177642341,-2860.3033403874406,-2243.9051874931165,-1623.20891659732
2017-06-05,2429,2296.045808614549,2354.3432120128646,2411.5409178994278,17.459082100572438,74.65678798713566,132.95419138545097,-2792.7346977235984,-2166.1415680808586,-1537.8108160660197
2017-06-12,2612,2297.6686330465113,2354.2233536569247,2412.4675975264904,199.53240247350934,257.7766463430751,314.3313669534885,-2537.954157660895,-1910.2349574187685,-1281.6184753696093
2017-06-19,2672,2298.599443264514,2355.410339704378,2410.8354421828794,261.16455781712057,316.589660295622,373.40055673548596,-2225.681833849034,-1592.9923409934377,-963.9657022407935
2017-06-26,2502,2343.2830095653217,2401.3255086563468,2459.2830624995386,42.716937500461455,100.67449134365302,158.71699043467837,-2130.5970981166183,-1489.8821511901738,-858.3759019026127
2017-07-03,2387,2343.489224786746,2401.2573049804123,2456.5600138850064,-69.56001388500658,-14.2573049804123,43.51077521325397,-2146.0275004193904,-1505.0211441775064,-861.5141049467553
2017-07-10,2339,2343.9634140221174,2401.4889125609207,2460.038358385417,-121.03835838541671,-62.48891256092088,-4.9634140221172265,-2216.474250759899,-1568.8758109122987,-921.9783158209158
2017-07-17,2368,2346.1849519056173,2402.273586167463,2457.9454004291515,-89.94540042915166,-34.273586167462554,21.81504809438281,-2246.695533455927,-1604.288697198421,-948.9399015503459
2017-07-24,2339,2344.869541848859,2401.3079960814202,2457.0599282813946,-118.05992828139485,-62.30799608142047,-5.869541848859155,-2319.509968935649,-1665.898377847905,-1001.3699226418116
2017-07-31,2305,2210.680231734108,2266.888293012631,2324.6725086993897,-19.67250869938971,38.11170698736896,94.31976826589194,-2287.033124194277,-1627.775816730234,-960.1968966840515
2017-08-07,2176,2210.8739981416384,2267.600238552691,2325.063978416022,-149.06397841602222,-91.60023855269083,-34.8739981416384,-2383.3109230651507,-1719.9420868508578,-1049.486954542192
2017-08-14,2177,2211.251793310404,2268.427950297484,2324.809141744668,-147.80914174466787,-91.42795029748436,-34.25179331040425,-2475.786727084263,-1810.1064002021983,-1136.1971520715633
2017-08-21,2101,2210.127441534544,2268.909319543749,2325.9254600191107,-224.92546001911057,-167.90931954374878,-109.1274415345436,-2651.044368487076,-1976.226949674146,-1291.247060952395
2017-08-28,2156,2132.92977960924,2190.415806099515,2247.803303881868,-91.80330388186799,-34.415806099515294,23.070220390760092,-2692.0923694630674,-2013.443033627547,-1326.1722677340629
2017-09-04,2100,2131.8008029672287,2190.2003626496744,2246.6810464553537,-146.68104645535385,-90.20036264967462,-31.800802967228933,-2785.0364956659623,-2101.5247486893413,-1412.3267683819677
2017-09-11,2216,2131.50402214716,2190.4362837422987,2246.9604282777987,-30.960428277798563,25.563716257701117,84.49597785284011,-2759.2961851490572,-2077.3139180854873,-1387.3036600120458
2017-09-18,2248,2133.671125935156,2190.353168826075,2248.6436419868387,-0.6436419868387683,57.646831173924966,114.32887406484387,-2709.789230203911,-2020.9176978720593,-1322.0667257474963
2017-09-25,2074,1953.9315145049495,2011.2848039372348,2068.3832785392806,5.616721460719464,62.71519606276513,120.06848549505044,-2652.1924478327405,-1957.866033836689,-1250.9401310057633
2017-10-02,2074,1954.424210816792,2012.453618270008,2068.9973678218576,5.002632178142475,61.546381729991936,119.57578918320795,-2601.2286543518667,-1896.0759007974243,-1190.4117271803023
2017-10-09,2002,1955.2751975608548,2011.969010478097,2068.79007244402,-66.79007244402005,-9.969010478097061,46.72480243914519,-2614.5238550311738,-1908.6461454958926,-1185.0312865954095
2017-10-16,1929,1954.992709585708,2012.0476719792723,2069.3752267045866,-140.3752267045864,-83.04767197927242,-25.992709585708084,-2699.072827683081,-1994.5835810971316,-1262.9106043765812
2017-10-23,1888,1955.0113274484959,2013.2868529247376,2069.811862683664,-181.81186268366417,-125.28685292473756,-67.01132744849579,-2830.580672849347,-2118.7812197876538,-1389.1415225119354
2017-10-30,1874,1877.2292549608487,1935.3443889647065,1993.5614463471243,-119.56144634712426,-61.344388964706354,-3.2292549608488317,-2892.8528815475506,-2177.0650404389835,-1445.6007285157114
2017-11-06,1961,1877.8071089457333,1935.442785024613,1993.8324274451404,-32.832427445140375,25.55721497538707,83.19289105426678,-2870.8233961058454,-2150.383806365885,-1410.7281663878396
2017-11-13,1813,1877.737224530741,1934.793894222168,1991.0145916674205,-178.01459166742046,-121.79389422216809,-64.73722453074105,-2999.054042876611,-2269.9530266986176,-1528.3361286750915
2017-11-20,1914,1878.8410266706535,1935.73720762525,1992.6850201953944,-78.68502019539446,-21.73720762524988,35.15897332934644,-3028.3270555802105,-2290.89505169535,-1550.1902032663456
2017-11-27,1861,1834.4228030741601,1890.5169811867393,1949.5441281040519,-88.54412810405184,-29.516981186739258,26.57719692583979,-3056.3349710317902,-2321.316669564924,-1577.6070866612092
2017-12-04,1875,1834.1113369536006,1890.01848604392,1946.5352719096716,-71.5352719096717,-15.018486043920007,40.888663046399415,-3071.588652281806,-2339.223357282239,-1588.7981687829783
2017-12-11,1878,1832.7742108738082,1891.8228445230473,1947.9322753528438,-69.93227535284379,-13.822844523047252,45.22578912619175,-3084.6318408280054,-2350.85272390498,-1599.323135890625
2017-12-18,1875,1833.9860360088824,1891.1298278103034,1948.7320516424052,-73.73205164240524,-16.129827810303368,41.01396399111763,-3105.180886381899,-2366.9065809454987,-1609.458827627182
2017-12-25,1690,1832.2226171402867,1888.8264166865488,1946.2088399842132,-256.20883998421317,-198.82641668654867,-142.22261714028667,-3307.972268190208,-2565.815177182207,-1803.7495444711915
2018-01-01,1899,1833.1331728792225,1889.2878954099815,1945.4493853104382,-46.44938531043829,9.712104590018498,65.86682712077744,-3312.790617761274,-2557.3721366728305,-1797.3123798868312
2018-01-08,1782,1831.9921885022034,1890.4661400576028,1947.6510004542015,-165.65100045420147,-108.46614005760296,-49.992188502203334,-3424.536345809573,-2663.82660810575,-1899.9328622019736
2018-01-15,1839,1832.7461595756993,1889.6964705279597,1947.0863530080508,-108.08635300805079,-50.69647052795972,6.253840424300808,-3477.871431819645,-2713.145383530642,-1947.2291910017057
2018-01-22,1776,1831.5702574170002,1889.9929518489214,1946.7227425033946,-170.72274250339458,-113.9929518489214,-55.57025741700018,-3602.129176635707,-2828.5120102688143,-2050.607605096117
2018-01-29,1901,1823.3375071385865,1879.6787699626793,1936.6760837296276,-35.676083729627734,21.321230037320674,77.66249286141351,-3583.6450042384026,-2807.215540556197,-2031.0019529173362
2018-02-05,1827,1821.6815290430745,1880.0768528179965,1936.287413379088,-109.28741337908812,-53.07685281799661,5.318470956925549,-3637.400319073008,-2858.3734965935714,-2073.5016388922872
2018-02-12,1880,1822.4181407310693,1880.1147103721264,1936.8841855724972,-56.8841855724973,-0.11471037212652391,57.58185926893056,-3647.936817269165,-2859.743086915202,-2069.8652323560436
2018-02-19,1795,1825.008876590324,1880.5924721244924,1937.603145863739,-142.60314586373897,-85.59247212449236,-30.00887659032412,-3732.9288248838006,-2948.8652383816984,-2152.8009136382416
2018-02-26,1781,1756.8451668458047,1813.9644309810958,1870.390463473119,-89.39046347311921,-32.9644309810958,24.154833154195266,-3770.394130640814,-2982.281062889051,-2178.529723540783
2018-03-05,1846,1756.2667526071884,1814.2665184084822,1870.8010414632904,-24.801041463290456,31.733481591517943,89.73324739281153,-3740.376566315636,-2952.8491483057746,-2141.6027487308183
2018-03-12,1819,1757.8072218615266,1814.217495178548,1871.4362148889727,-52.43621488897278,4.782504821451994,61.19277813847347,-3739.9110619520584,-2948.668087421885,-2135.8873184697754
2018-03-19,1832,1758.3308705619997,1814.870019714393,1871.8767196545443,-39.8767196545444,17.129980285606848,73.66912943800035,-3726.4917260753205,-2928.1627110165646,-2119.429504514294
2018-03-26,1948,1869.3716926213465,1924.891222536392,1982.667813078139,-34.66781307813906,23.10877746360802,78.6283073786534,-3704.3186908188545,-2906.1444859059156,-2095.905688230531
2018-04-02,1925,1866.3776570706698,1925.8041331897934,1983.4174801342033,-58.41748013420325,-0.8041331897933333,58.6223429293301,-3713.0020281119037,-2904.549215868709,-2090.8296835325045
2018-04-09,1921,1869.3300657180291,1926.1651834386437,1982.3448093531936,-61.344809353193554,-5.16518343864368,51.66993428197086,-3715.7541659429676,-2909.172162826042,-2097.1241478230436
2018-04-16,1913,1867.0428034092927,1925.744074127969,1984.5303965465505,-71.53039654655052,-12.744074127969043,45.95719659070732,-3734.3014552382224,-2919.1504062443337,-2103.374110612675
2018-04-23,1941,1867.7698222451618,1926.96945685527,1984.7343085538018,-43.73430855380184,14.030543144730018,73.23017775483805,-3718.6165771666647,-2902.775683470507,-2090.041668966317
2018-04-30,1938,2001.870207057814,2059.0862903144216,2115.9273906278436,-177.92739062784338,-121.08629031442183,-63.87020705781405,-3846.4749898709642,-3028.714605660557,-2203.181801793908
2018-05-07,1947,2002.9470034590809,2059.371744351911,2117.1505860183397,-170.15058601833957,-112.37174435191059,-55.947003459080776,-3967.6185773773045,-3138.0878722769535,-2310.3174334747614
2018-05-14,1998,2000.931953598705,2058.9650391873074,2115.411905313524,-117.41190531352406,-60.96503918730764,-2.931953598705007,-4025.235126502167,-3200.3941024032315,-2369.629876418327
2018-05-21,2085,2002.3568716401023,2060.1002585295028,2118.09566947194,-33.095669471939594,24.899741470497474,82.6431283598977,-4012.2613508196646,-3177.0688013974254,-2339.5069897496774
2018-05-28,2160,2311.5944830926883,2370.0714174216723,2427.2459975110532,-267.2459975110535,-210.07141742167232,-151.5944830926884,-4221.233035711503,-3387.850389260979,-2545.7971112270043
2018-06-04,2362,2312.5554517871087,2368.532857002245,2425.8989810819635,-63.89898108196328,-6.532857002244782,49.44454821289121,-4234.406328571512,-3394.7344856279387,-2546.66927687002
2018-06-11,2445,2311.9450306081562,2369.3744398343956,2426.588339753996,18.411660246004114,75.62556016560438,133.05496939184374,-4163.645454806102,-3318.4783232697,-2466.377984348596
2018-06-18,2242,2311.8564268132004,2369.2527838760075,2426.559716867975,-184.55971686797528,-127.25278387600747,-69.85642681320056,-4291.222660424776,-3445.970805476278,-2587.3197125408997
2018-06-25,2354,2359.074030751089,2416.0976762913865,2474.7809917800964,-120.78099178009624,-62.097676291386506,-5.07403075108906,-4351.1083357705365,-3507.0405919213363,-2649.7172482572023
2018-07-02,2347,2359.420942958754,2416.07799272542,2472.4637885690645,-125.46378856906462,-69.07799272542002,-12.420942958753978,-4418.959770217105,-3580.439063538418,-2719.2388552828775
2018-07-09,2279,2359.5724127171625,2416.465072857416,2473.3613072394155,-194.36130723941542,-137.4650728574161,-80.57241271716238,-4561.989375501882,-3717.7823148499865,-2849.869549669593
2018-07-16,2356,2358.2676935153404,2416.2281478889636,2471.8198903071434,-115.81989030714348,-60.228147888963804,-2.267693515340459,-4624.523629860768,-3775.0597892003443,-2902.01111266666
2018-07-23,2531,2358.970303167112,2416.8389488057437,2474.238888612099,56.76111138790091,114.16105119425606,172.02969683288794,-4516.614654176685,-3657.755070155059,-2785.768387588072
2018-07-30,2520,2224.9726379696344,2281.2432287910005,2339.405526294986,180.59447370501377,238.75677120899968,295.02736203036545,-4283.337778969021,-3417.972852756682,-2545.99001643904
2018-08-06,2405,2225.669374345282,2282.6077129300184,2338.854849966922,66.14515003307825,122.39228706998165,179.3306256547181,-4164.6242503913645,-3295.5280466522245,-2415.288407026657
2018-08-13,2287,2226.091443505447,2283.1377667173792,2339.36022335134,-52.36022335134041,3.862233282620764,60.90855649455286,-4159.941351463673,-3294.98054020901,-2406.0830373065132
2018-08-20,2391,2225.3616062666415,2283.730985557529,2340.3127002633046,50.687299736695536,107.26901444247096,165.63839373335855,-4066.656275557738,-3189.3009904944047,-2293.786628714183
2018-08-27,2190,2147.528380859953,2204.0396986360865,2262.211099107998,-72.21109910799821,-14.039698636086769,42.47161914004709,-4080.6597433006605,-3205.1281384967397,-2308.925457638499
2018-09-03,2196,2148.285006570642,2205.3587520100577,2262.972259228143,-66.9722592281427,-9.358752010057742,47.71499342935803,-4093.387468760605,-3211.4994222567066,-2312.6894782192626
2018-09-10,2169,2147.990420859947,2205.538522897129,2264.3280364845364,-95.32803648453645,-36.53852289712904,21.009579140053123,-4130.9138563619035,-3246.4581144481954,-2350.9662265012144
2018-09-17,2178,2148.9736024328818,2205.985015583587,2263.386201245032,-85.3862012450322,-27.98501558358703,29.02639756711829,-4161.308281656295,-3274.9244726085817,-2366.4155020789544
2018-09-24,2058,1970.1452873376045,2026.474554115134,2084.1653547919013,-26.165354791901564,31.52544588486603,87.85471266239547,-4139.580844566467,-3244.348620390696,-2340.2049382133478
2018-10-01,2032,1968.9258131540046,2026.4983543387552,2084.3951897427555,-52.395189742755385,5.501645661244652,63.07418684599534,-4140.321702324382,-3238.6626846160843,-2327.2227151174084
2018-10-08,2004,1970.2467200359797,2028.1360564637498,2085.714446732234,-81.71444673223421,-24.136056463749696,33.753279964020386,-4167.472911480619,-3263.3252752989506,-2348.5427685078944
2018-10-15,1998,1970.3787027331496,2027.5670091842244,2084.1398509969035,-86.13985099690377,-29.567009184224503,27.621297266850412,-4202.409198800774,-3291.2133541742437,-2374.7468033162195
2018-10-22,2046,1970.2322571983332,2028.2398465206688,2084.6377251788426,-38.63772517884265,17.760153479331052,75.76774280166663,-4191.458319345639,-3270.6231627148927,-2352.250429954677
2018-10-29,1918,1891.003845925179,1949.215101414834,2007.7430837950246,-89.74308379502465,-31.21510141483384,26.996154074821014,-4226.5463930975475,-3304.009954520947,-2375.0768986851413
2018-11-05,1958,1893.6597087749537,1950.218868240764,2006.2478117798944,-48.24781177989439,7.781131759235905,64.34029122504612,-4222.291034067712,-3295.533216850492,-2370.9230312856557
2018-11-12,1961,1892.2001331241984,1950.027221922251,2008.8234891714292,-47.82348917142912,10.972778077748785,68.79986687580138,-4214.920007611188,-3285.7697829033964,-2355.118997701496
2018-11-19,2009,1892.5690678216786,1950.231543252522,2006.1790871717226,2.820912828277313,58.768456747478126,116.4309321783215,-4158.476067903771,-3230.7199692419754,-2294.161393982157
2018-11-26,1862,1848.991701616534,1906.0292301898921,1961.8497389197473,-99.84973891974741,-44.02923018989213,13.00829838346594,-4196.307515695155,-3274.700614820522,-2333.079143236545
2018-12-03,1919,1849.5897201351763,1905.6423329728113,1963.2431814961292,-44.243181496129324,13.35766702718854,69.41027986482376,-4192.866165114572,-3262.245699049296,-2313.5980090675375
2018-12-10,1878,1848.8334399485086,1906.431906249241,1963.1772161132242,-85.17721611322418,-28.431906249241024,29.166560051491338,-4225.750344894523,-3290.8521638397524,-2338.6052994494707
2018-12-17,1940,1849.2547202582946,1906.5847152299643,1964.6207187470404,-24.620718747040552,33.41528477003578,90.74527974170523,-4194.828422845897,-3256.4965183734075,-2303.91656025707
2018-12-24,1899,1848.4474885066202,1906.6204188034421,1963.820386694835,-64.82038669483502,-7.620418803442021,50.552511493379725,-4204.994486397647,-3265.186812603487,-2304.9145311067196
2018-12-31,2016,1845.9240271791914,1904.1216480832786,1961.7213352200838,54.2786647799163,111.87835191672127,170.07597282080854,-4093.1335197534745,-3153.4556412369207,-2191.7129999683816
2019-01-07,1779,1846.8668830843649,1904.2502762883428,1962.1282254751823,-183.12822547518235,-125.25027628834289,-67.86688308436493,-4221.604334378294,-3280.0045925201975,-2314.7091813746965
2019-01-14,1864,1848.5113337313214,1905.2250240649041,1962.0812908033658,-98.08129080336577,-41.22502406490423,15.48866626867856,-4270.231984875322,-3321.088166750226,-2352.860592255252
2019-01-21,1958,1846.349129423263,1904.9635149076566,1961.2907730103964,-3.2907730103963293,53.036485092343355,111.65087057673682,-4225.448325396414,-3267.601697438027,-2303.800826485051
2019-01-28,1973,1836.867644624412,1895.2884231580103,1952.4847538762483,20.51524612375175,77.71157684198965,136.1323553755881,-4146.61030212872,-3192.96314954133,-2224.8955781816394
2019-02-04,1959,1837.6603259769443,1894.962735327525,1952.2285193869116,6.771480613088255,64.03726467247509,121.33967402305566,-4081.804297441536,-3126.8843470229094,-2157.6296167139703
2019-02-11,1922,1837.8444816766473,1895.2510179368755,1952.3392730211071,-30.33927302110725,26.748982063124572,84.15551832335258,-4062.21257020279,-3101.6538522906776,-2128.65730619451
2019-02-18,1909,1838.40600312619,1895.2645383452405,1953.2176689060395,-44.217668906039655,13.735461654759433,70.59399687381003,-4050.870607218029,-3084.896336117221,-2111.4599307418234
2019-02-25,1854,1769.5188317105412,1828.548347403089,1885.4904572919147,-31.490457291914755,25.45165259691089,84.48116828945884,-4030.937733789428,-3061.3953013754526,-2078.6377912688104
2019-03-04,1819,1770.650257109248,1829.1192432934681,1886.8360794171062,-67.83607941710638,-10.11924329346823,48.349742890751905,-4044.602919216558,-3076.101550610918,-2092.721923170971
2019-03-11,1857,1771.9948320258534,1829.473411990134,1885.0386015576903,-28.038601557690388,27.526588009865804,85.00516797414669,-4012.0796682461596,-3046.8614305501205,-2061.884861816307
2019-03-18,1877,1771.3606388398218,1829.9064265087864,1886.2810084354267,-9.281008435426633,47.09357349121365,105.63936116017824,-3960.922249329769,-2996.1913288058527,-2007.3879054716467
2019-03-25,1867,1884.3816123989984,1940.6613770473637,1997.4615883323575,-130.46158833235754,-73.66137704736354,-17.381612398998488,-4039.702951582469,-3072.2094379731484,-2080.1803557858525
2019-04-01,1969,1884.9945648147661,1939.9166078525147,1998.1453076385062,-29.145307638506278,29.083392147485256,84.00543518523376,-4018.2594554291536,-3041.811504038215,-2049.6594621618374
2019-04-08,1967,1882.2150918043872,1941.1293532621467,1996.4175305978952,-29.417530597895297,25.870646737853463,84.7849081956129,-3998.3301346420058,-3017.569901971998,-2025.3453879439357
2019-04-15,1981,1885.8005331096613,1941.8219886026457,2000.2188785693675,-19.218878569367437,39.17801139735434,95.1994668903387,-3958.627870226219,-2975.7409532729257,-1985.6766225146039
2019-04-22,2027,1883.2247985339463,1941.5053779000384,1998.6275886702294,28.372411329770454,85.49462209996159,143.77520146605366,-3877.635966679372,-2894.2696813795656,-1890.8148902260205
2019-04-29,2086,2015.770086391954,2074.3871348229136,2131.0764969955776,-45.07649699557756,11.612865177086405,70.229913608046,-3865.9409165615702,-2884.5859926573003,-1878.9581792222662
2019-05-06,2121,2017.2779113823176,2073.988817497305,2130.8997197305225,-9.89971973052245,47.01118250269542,103.72208861768245,-3820.894036322831,-2838.071595654996,-1824.5979998803475
2019-05-13,2149,2017.4754178331889,2075.1995700578173,2131.420344285861,17.57965571413886,73.80042994218275,131.52458216681114,-3747.023184198106,-2764.798338496098,-1746.9352173556954
2019-05-20,2351,2017.5582077222712,2074.5915603252042,2132.1679855804273,218.8320144195727,276.408439674796,333.44179227772895,-3472.86399038215,-2486.2276089849947,-1464.9087836177844
2019-05-27,2393,2326.2489620317006,2383.189349850658,2441.8505512013085,-48.85055120130867,9.81065014934211,66.75103796829941,-3469.5019198633217,-2476.693753734632,-1443.2449851701103
2019-06-03,2312,2326.740321852609,2384.4816567804955,2441.1994139600292,-129.19941396002937,-72.48165678049577,-14.74032185260937,-3539.0759179693587,-2549.351445563589,-1511.54750913055
2019-06-10,2412,2327.4730825826405,2384.682985085563,2441.071578262329,-29.071578262328714,27.317014914437095,84.52691741735931,-3506.8796613936565,-2523.0634149026,-1477.844981801455
2019-06-17,2543,2328.3388798807937,2385.0760845536197,2441.217668441047,101.78233155895312,157.9239154463803,214.66112011920643,-3356.8621695117386,-2365.4611452714544,-1315.6201373122055
2019-06-24,2501,2373.0064582075415,2430.77790242805,2486.691895922811,14.308104077188979,70.22209757195037,127.99354179245847,-3293.3517258356605,-2293.890698752196,-1243.050771051001
2019-07-01,2417,2372.5919223283436,2431.0258133458483,2489.1314836848055,-72.13148368480552,-14.025813345848292,44.40807767165648,-3306.771068822515,-2303.3603019224006,-1259.5588312360635
2019-07-08,2399,2375.407497759409,2432.2187140550045,2488.3156335520093,-89.31563355200944,-33.21871405500451,23.592502240590942,-3347.831605590876,-2336.9417584012886,-1284.5151840800108
2019-07-15,2379,2374.3913416727764,2432.0275017436397,2488.1823709640876,-109.18237096408768,-53.02750174363996,4.6086583272235035,-3400.413596320936,-2388.1552103934036,-1343.2909017849342
2019-07-22,2385,2375.0572021866087,2432.853389770476,2488.4870106646954,-103.48701066469562,-47.85338977047604,9.942797813391465,-3448.447716363554,-2435.854458635439,-1384.2765049766235
2019-07-29,2289,2241.1248812261406,2296.932080428128,2354.8734891641852,-65.87348916418541,-7.932080428128074,47.87511877385963,-3454.5502389538174,-2445.02635732194,-1391.6108748205872
2019-08-05,2276,2241.0757823955655,2298.2464569147232,2356.2246843635935,-80.22468436359345,-22.246456914723012,34.92421760443432,-3477.9652848347373,-2465.4299834468643,-1406.0925668327918
2019-08-12,2264,2241.211468248462,2298.935958533358,2355.780544590858,-91.78054459085782,-34.93595853335819,22.78853175153798,-3521.6550448092753,-2501.495225110162,-1438.4743180386906
2019-08-19,2255,2241.9104586535964,2298.880834697561,2354.465040920016,-99.46504092001575,-43.88083469756111,13.089541346403768,-3576.3114904670606,-2543.787457460299,-1478.297493134409
2019-08-26,2193,2161.797392670784,2219.868968115563,2275.3710928546334,-82.37109285463347,-26.86896811556312,31.20260732921575,-3603.7071959112427,-2568.6729662258103,-1496.4713229827817
2019-09-02,2177,2161.8176105599377,2221.0672572010044,2277.94739417631,-100.94739417631008,-44.06725720100417,15.182389440062318,-3650.813282004725,-2609.5278522508725,-1542.0682835959935
2019-09-09,2212,2160.9570515219093,2220.7679756679167,2278.7468201572087,-66.74682015720886,-8.767975667916744,51.042948478090636,-3662.8578775964247,-2620.6347117044334,-1537.141219038572
2019-09-16,2267,2163.586334560993,2220.635182266599,2279.0129949480993,-12.01299494809934,46.364817733401196,103.41366543900713,-3624.863354081244,-2573.2885634574222,-1494.3634356372725
2019-09-23,2205,2162.5212148730507,2220.6690619520064,2277.3012695385596,-72.30126953855947,-15.66906195200636,42.47878512694917,-3641.7537491199614,-2587.215766993169,-1501.510828512482
2019-09-30,2190,1983.594808226256,2041.8691886011375,2098.8280839052054,91.17191609479451,148.13081139886265,206.40519177374406,-3499.8991441346157,-2439.468567759793,-1346.1521384611633
2019-10-07,2130,1985.3721125981701,2042.70822387716,2098.932253389656,31.067746610343562,87.2917761228399,144.62788740182992,-3418.56527781691,-2354.438746143489,-1250.8806688828652
2019-10-14,2026,1985.3296391779063,2042.0659633782839,2100.3223036047843,-74.32230360478442,-16.06596337828387,40.670360822093556,-3436.032497444685,-2369.168412528972,-1269.7074722930374
2019-10-21,2025,1984.7160622583754,2042.2119541785564,2099.042090978891,-74.04209097889077,-17.21195417855631,40.28393774162456,-3468.378784476893,-2387.5650820174724,-1281.6192180402327
2019-10-28,2001,1908.4300799567009,1964.5318093834112,2020.7173810851255,-19.71738108512537,36.468190616588686,92.56992004329913,-3430.5546804408527,-2351.467053592928,-1238.9069168787867
2019-11-04,2084,1906.273074873042,1964.8380461875568,2023.0341183839312,60.965881616068906,119.16195381244324,177.72692512695778,-3309.7131972196503,-2234.1453565414677,-1111.4170312899494
2019-11-11,1996,1907.3861966783961,1965.545239021561,2023.813746684627,-27.813746684627016,30.45476097843914,88.61380332160388,-3281.670800084045,-2205.750700395777,-1077.828739664567
2019-11-18,1978,1907.274605285359,1966.010355259509,2022.7750782578855,-44.77507825788543,11.98964474049103,70.72539471464108,-3267.5163860248413,-2190.4256052415676,-1063.1656033831052
2019-11-25,2000,1861.5119773808233,1920.7102835594646,1977.8444158108348,22.155584189165165,79.28971644053536,138.48802261917677,-3196.090550789414,-2111.271793503263,-982.4866767561003
2019-12-02,1896,1862.9420613130778,1920.9673909037133,1977.3414043992368,-81.34140439923684,-24.967390903713294,33.057938686922085,-3230.6364312526607,-2137.831472100901,-1004.2276703782799
2019-12-09,1873,1864.3054869440225,1920.9687646809423,1977.8682795195864,-104.86827951958644,-47.968764680942286,8.694513055977582,-3280.2874481261033,-2184.6307517219275,-1045.6709420249315
2019-12-16,1967,1863.5174113011099,1921.5825549399124,1978.6715395161361,-11.67153951613618,45.41744506008763,103.48258869889018,-3246.664782130688,-2133.973816404734,-989.0040728177522
2019-12-23,2020,1863.6288008827464,1921.5449152316132,1979.167555347567,40.832444652433004,98.45508476838677,156.37119911725358,-3150.8170932947146,-2035.9793653332451,-901.2761589401383
2019-12-30,2135,1860.8493946561446,1919.7749392425962,1975.8692170019517,159.1307829980484,215.22506075740375,274.1506053438554,-2935.1852066691613,-1822.9226091828696,-677.511574591127
2020-01-06,2054,1862.8390685453492,1919.419731154749,1976.766724104974,77.23327589502613,134.5802688452511,191.16093145465078,-2800.3130087297054,-1689.5737181175296,-531.9571449927892
2020-01-13,1999,1861.743023356115,1920.2967872710442,1978.2286104662985,20.771389533701534,78.7032127289558,137.25697664388505,-2728.7204085652775,-1614.724305106118,-440.29915362635984
2020-01-20,2025,1863.0310820685227,1919.7837231006033,1978.3582922288267,46.64170777117318,105.2162768993968,161.96891793147722,-2628.2682505634543,-1510.2811004760865,-330.7213919460517
2020-01-27,1942,1850.6099794509753,1908.587533172816,1966.868180794727,-24.86818079472724,33.41246682718406,91.39002054902471,-2607.8100192812503,-1477.8652150042647,-292.8460327025332
2020-02-03,1986,1853.0474039703765,1909.8529961374234,1967.643906749255,18.356093250745143,76.14700386257664,132.95259602962332,-2537.144434556347,-1398.5213334455611,-213.17803796043674
2020-02-10,1916,1853.1695486380993,1911.0937196783093,1967.6547055645506,-51.65470556455054,4.906280321690815,62.830451361900735,-2537.9283509647776,-1393.5848264770761,-201.18362150141573
2020-02-17,1863,1852.7814071276784,1910.0330968935073,1967.8815018484077,-104.88150184840761,-47.03309689350738,10.21859287232152,-2586.521382558251,-1441.1873822232637,-241.81317516315184
2020-02-24,1904,1787.4661354082655,1843.706276732759,1900.3013419022618,3.6986580977381327,60.29372326724092,116.53386459173457,-2528.138893276833,-1382.2152976174953,-184.04418756565298
2020-03-02,1882,1785.7116461408746,1843.7339732079831,1901.2328028796483,-19.232802879648354,38.26602679201699,96.28835385912546,-2496.804700268671,-1342.2394051544925,-138.01644545190965
2020-03-09,1938,1787.5120862952904,1844.6233846815358,1903.372042912788,34.62795708721203,93.37661531846413,150.48791370470957,-2411.7184993056194,-1249.3832567244294,-48.16912218449653
2020-03-16,2019,1786.2267766048928,1844.4681267193655,1902.5023750403918,116.49762495960798,174.5318732806344,232.7732233951072,-2242.8536398440324,-1073.8990944208058,132.67121213747708
2020-03-23,2019,1785.6444927288182,1844.051087619036,1901.4284688876032,117.57153111239674,174.9489123809641,233.35550727118172,-2080.4012148802008,-897.1573793486971,305.94219566295936
2020-03-30,2069,1896.9139639125603,1954.6114935418973,2011.9805640945722,57.019435905427734,114.3885064581026,172.08603608743957,-1968.9955007853416,-784.8777406260982,432.98112838840194
2020-04-06,2026,1899.1245809766895,1956.2839326936155,2013.450249693114,12.549750306885972,69.71606730638439,126.87541902331063,-1903.977515730469,-716.0512612774606,499.97955855531256
2020-04-13,2096,1897.0019681655476,1955.6189410469683,2014.348478283438,81.65152171656196,140.3810589530317,198.99803183445232,-1772.5693097711282,-572.8499652403324,647.085559817649
2020-04-20,2119,1897.705363696615,1957.1158692208778,2013.9876447139504,105.01235528604964,161.8841307791223,221.29463630338503,-1616.1110400062219,-415.4745730921953,825.4445555848587
2020-04-27,2089,2031.2837592342746,2088.642718698282,2145.6094653393184,-56.609465339318355,0.3572813017183307,57.716240765725296,-1615.774648590355,-417.5927369758963,828.2878055996892
2020-05-04,2291,2031.8047836507114,2088.852065975504,2147.131203046412,143.8687969535879,202.14793402449573,259.1952163492886,-1423.467934198199,-214.88925542475408,1031.6633808332829
2020-05-11,2521,2031.167761833186,2088.419792534274,2146.402449309385,374.59755069061515,432.5802074657256,489.832238166814,-995.974540411849,219.12101457298968,1472.2578732840163
2020-05-18,3037,2031.726634630373,2089.3217086077357,2147.063680277659,889.9363197223412,947.6782913922643,1005.2733653696268,-50.00121919844207,1167.6006504291056,2432.394182374688
2020-05-25,3488,2340.4797552094647,2398.6831821667092,2456.3034043771568,1031.6965956228432,1089.3168178332908,1147.5202447905356,1022.1038167222476,2258.0857034424916,3529.0234554051676
2020-06-01,3856,2339.5690949745826,2399.0122471668724,2457.3004227000024,1398.6995772999974,1456.9877528331276,1516.4309050254174,2489.876264861657,3712.748556893109,4985.333808742472
2020-06-08,4030,2340.872523270546,2400.2283002595977,2457.0811342901175,1572.9188657098828,1629.7716997404023,1689.1274767294542,4114.110187476893,5339.495985960391,6620.275359830474
2020-06-15,3644,2341.492080704779,2399.9133839843144,2459.1544352589185,1184.8455647410815,1244.0866160156854,1302.5079192952212,5359.915732422566,6585.991261266006,7880.045289873266
2020-06-22,3497,2342.580607898104,2399.5363021552675,2456.6120027702837,1040.3879972297161,1097.4636978447325,1154.419392101896,6443.783129811683,7684.736531057975,8982.991630455896
2020-06-29,3042,2387.5217005660165,2445.890988251368,2503.49256504646,538.5074349535397,596.1090117486317,654.4782994339836,7041.8145669435535,8277.900995461288,9584.9884657934
2020-07-06,2974,2388.2873064348555,2446.839145708027,2505.193723355069,468.8062766449311,527.1608542919728,585.7126935651444,7552.046837124416,8805.026630328704,10115.652398810993
2020-07-13,2732,2389.272787509008,2446.8907370490024,2503.2430403323806,228.75695966761936,285.1092629509976,342.727212490992,7839.403594504303,9088.450609727632,10403.458438398477
2020-07-20,2747,2389.070034548775,2446.3039118926317,2503.164336195227,243.83566380477296,300.69608810736827,357.92996545122514,8134.359911399907,9389.354168563037,10716.820747452584
2020-07-27,2600,2255.023829255794,2312.537435873127,2368.8156859148653,231.1843140851348,287.4625641268733,344.97617074420583,8419.95495069958,9681.355650306461,11010.345364268032
2020-08-03,2470,2255.3474293770364,2313.629103224179,2371.648652382759,98.35134761724123,156.37089677582117,214.65257062296354,8572.307618735813,9836.81951752985,11172.001259275303
2020-08-10,2494,2253.4911369603747,2312.947822049728,2370.590692819569,123.40930718043084,181.05217795027193,240.50886303962537,8750.922079648099,10017.039240073793,11366.465437035258
2020-08-17,2620,2253.7553283629677,2313.0430652157484,2369.8702460010068,250.1297539989932,306.95693478425164,366.24467163703224,9052.9255096169,10324.78707887835,11680.379843981682
2020-08-24,2429,2255.746946033883,2313.3624130660946,2371.1281892736415,57.8718107263586,115.6375869339056,173.2530539661171,9156.680827563307,10439.80044366778,11795.643268172991
2020-08-31,2409,2176.791735797435,2235.716748026507,2293.4160143994586,115.5839856005412,173.28325197349272,232.20826420256492,9334.930564934433,10615.296602604862,11984.00186188799
2020-09-07,2401,2177.396050487277,2234.472185393966,2293.4937711467765,107.50622885322335,166.5278146060341,223.60394951272272,9487.872481332068,10779.590655843911,12154.224774966344
2020-09-14,2402,2177.045158771158,2235.299250521072,2294.018618340484,107.98138165951616,166.70074947892817,224.9548412288419,9655.465710535846,10950.812211549113,12332.188832588667
2020-09-21,2349,2176.8130969420827,2235.4777752692153,2293.152807478052,55.84719252194766,113.52222473078473,172.1869030579174,9758.825396491966,11063.621359526645,12449.03657774388
2020-09-28,2348,1997.7545023610817,2056.5691240613887,2114.782767714995,233.21723228500508,291.43087593861105,350.2454976389184,10044.251003436922,11356.320549835364,12737.614788668125
2020-10-05,2397,1998.908736199388,2056.3915660618595,2114.153545347489,282.84645465251106,340.60843393814025,398.0912638006121,10373.36498278478,11695.408594820386,13088.230733288256
2020-10-12,2292,1999.0986834034945,2057.1515852272896,2115.3752178490563,176.62478215094353,234.84841477271016,292.9013165965054,10605.16730799666,11927.89510390247,13329.891081744872
2020-10-19,2286,2000.3908351764915,2058.413570230274,2115.3906319409552,170.6093680590446,227.58642976972578,285.60916482350854,10827.626058076905,12155.794104831086,13556.468481316122
2020-10-26,2280,1922.065462633793,1979.2533198510198,2036.803480856948,243.19651914305206,300.7466801489802,357.93453736620694,11129.56172530792,12455.039744670168,13868.461334724132
2020-11-02,2202,1922.1535794952038,1980.07499985787,2038.0853960466275,163.9146039533725,221.9250001421301,279.8464205047962,11336.2916678978,12676.031748847276,14085.64710190177
2020-11-09,2136,1921.2060460750718,1979.6504544101722,2037.2376875399,98.76231246010008,156.34954558982793,214.79395392492822,11479.087220723843,12831.930756528189,14255.734167905193
2020-11-16,2204,1923.3740801395982,1979.9229243277778,2038.1236704771618,165.87632952283818,224.07707567222224,280.6259198604018,11695.831642101997,13061.10859328829,14483.238882236805
2020-11-23,2185,1922.2101580520587,1980.3323883649302,2039.2400091606069,145.75999083939314,204.66761163506976,262.78984194794134,11891.851522686733,13266.528049598426,14700.319708168909
2020-11-30,2201,1878.4059729527075,1935.2400635318982,1992.343752729803,208.65624727019684,265.75993646810184,322.59402704729234,12153.889505647036,13531.768456416385,14964.651553182804
2020-12-07,2161,1878.9791417846805,1936.4562871595642,1994.998923452684,166.00107654731593,224.54371284043577,282.0208582153196,12376.260809397698,13756.080234219018,15193.080766542898
2020-12-14,2166,1880.1770218175716,1936.2174582818218,1994.0201642136608,171.97983578633927,229.7825417181782,285.82297818242836,12599.946200981694,13985.978917875142,15427.88565104028
2020-12-21,2292,1878.675731894216,1936.285514841592,1994.661424207804,297.338575792196,355.714485158408,413.3242681057841,12943.767771095576,14343.797378544683,15785.466907359127
2020-12-28,2300,1877.1689009220347,1934.5215853373084,1991.4823352552282,308.51766474477165,365.47841466269153,422.83109907796523,13311.645534365782,14715.233302775965,16164.72412462637
2021-01-04,2417,1876.9022242017784,1934.8264749105488,1991.4884593209742,425.51154067902564,482.1735250894511,540.0977757982215,13777.886162186387,15195.841113420553,16659.817929434957
2021-01-11,2449,1875.9709250765509,1934.7333426829223,1991.096935085483,457.903064914517,514.2666573170777,573.0290749234491,14293.54151145752,15707.372767281238,17180.228379649372
2021-01-18,2690,1876.5624242554748,1934.9751249843214,1992.8636131982873,697.1363868017125,755.0248750156786,813.4375757445252,15041.509461539417,16459.32123854717,17946.320828672986
2021-01-25,2610,1865.3062482712705,1924.1946319488857,1982.786838646791,627.213161353209,685.8053680511142,744.6937517287295,15719.330797447015,17146.54530367435,18633.438126398847
2021-02-01,2593,1866.168316920737,1924.221218259408,1982.7124448104075,610.2875551895924,668.778781740592,726.8316830792629,16383.428845357595,17814.153927309217,19317.37234162825
2021-02-08,2526,1866.699955339676,1924.624832309436,1984.1291242131022,541.8708757868977,601.3751676905639,659.3000446603239,16974.23809329396,18414.96970207854,19929.905433523258
2021-02-15,2487,1866.8487857498596,1925.4699586205209,1983.603943929028,503.39605607097195,561.5300413794791,620.1512142501402,17515.009926409504,18974.417560174796,20502.76027062864
2021-02-22,2641,1800.7130453688642,1858.0312039587793,1917.4846117958946,723.5153882041054,782.9687960412206,840.2869546311358,18290.524444335366,19756.47680354723,21299.36919831933
2021-03-01,2667,1800.1350924194746,1858.1498714814213,1915.349268036423,751.6507319635772,808.8501285185787,866.8649075805253,19086.60890154612,20567.75917555915,22115.43121292962
2021-03-08,2641,1800.343427270396,1858.2649989807794,1918.2246243812294,722.7753756187707,782.7350010192206,840.6565727296041,19867.715033344622,21349.11847394688,22906.218905182373
2021-03-15,2586,1801.200613875599,1859.606857521024,1918.2889056211798,667.7110943788201,726.393142478976,784.799386124401,20583.65654584555,22077.45171079073,23640.20574037973
2021-03-22,2743,1802.0375062386013,1859.9019382789243,1918.034836730972,824.9651632690279,883.0980617210759,940.9624937613987,21465.03688300664,22957.962402151978,24538.733774054715
2021-03-29,2804,1911.8363837942645,1970.8426062844333,2028.273925575826,775.7260744241739,833.1573937155669,892.1636162057354,22295.53093192537,23790.562881973892,25374.243638661563
2021-04-05,2909,1913.4980155427536,1971.183541794779,2028.0694671290316,880.9305328709682,937.8164582052209,995.5019844572465,23221.997611596522,24734.259729754656,26313.182068416987
2021-04-12,2835,1913.0675912188312,1970.9625084558775,2029.9562276712884,805.0437723287115,864.0374915441224,921.9324087811688,24079.497066906548,25600.63357398947,27182.7980662725
2021-04-19,2716,1913.134487031171,1970.9021587801399,2028.1771810042176,687.8228189957823,745.09784121986,802.865512968829,24814.26579587497,26346.20750351366,27941.45311077633
2021-04-26,2749,2045.835459391916,2104.0739367592246,2160.445802638533,588.5541973614667,644.9260632407754,703.1645406080842,25454.692814535923,26996.923366499577,28603.43740893787
2021-05-03,2714,2047.3648103535647,2104.929342936489,2161.342263853268,552.6577361467322,609.0706570635109,666.6351896464352,26054.793818148995,27603.886992513755,29210.333038360142
2021-05-10,2818,2045.6473369979024,2104.389759554184,2162.6057244073727,655.3942755926272,713.6102404458161,772.3526630020976,26767.6410535074,28319.67965917581,29933.312833316875
2021-05-17,2952,2046.1628975942158,2104.8560382490114,2164.0606664787197,787.9393335212802,847.1439617509886,905.8371024057842,27596.63030476448,29165.828960219194,30775.960227230655
2021-05-24,3083,2047.4337772924314,2105.6138609551317,2163.5818874888596,919.4181125111404,977.3861390448681,1035.5662227075686,28573.27005951076,30145.7558622727,31758.280665468315
2021-05-31,3020,2357.74589867029,2414.1961715325556,2473.3304819259447,546.6695180740552,605.8038284674444,662.25410132971,29167.482474265187,30748.864280436283,32372.25317039115
2021-06-07,3100,2356.485546044109,2414.8134051620227,2473.31015477492,626.68984522508,685.186594837977,743.5144539558911,29851.310674156593,31432.331750050496,33065.27733075936
2021-06-14,3167,2356.9373685503942,2414.6592792366987,2472.5848451744364,694.4151548255635,752.3407207633013,810.0626314496055,30584.9679140477,32186.4392253095,33832.46777253517
2021-06-21,3268,2357.0390312281324,2415.1774655346258,2472.7964584039873,795.2035415960124,852.8225344653742,910.9609687718676,31431.629654502805,33044.51647350512,34688.67245798277
2021-06-28,3341,2402.657946916603,2460.336239412383,2519.127065817948,821.8729341820522,880.6637605876172,938.3420530833966,32311.75141877748,33920.93191070923,35583.11727453021
2021-07-05,3106,2403.4045076014922,2461.1902804416886,2519.5509977956494,586.4490022043503,644.8097195583116,702.5954923985079,32945.47130125902,34562.81041419042,36244.62581292449
2021-07-12,2984,2402.2097402008503,2460.461394767306,2519.7861445362873,464.21385546371243,523.5386052326937,581.7902597991497,33466.88308399409,35090.49234162126,36765.224645128736
2021-07-19,2842,2402.3803856972645,2461.1565370812355,2519.3027849094547,322.69721509054517,380.84346291876454,439.61961430273556,33836.16078834541,35470.58936443216,37166.92286894837
2021-07-26,2774,2269.292878795337,2327.098016527956,2385.5393764918745,388.46062350812537,446.90198347204387,504.7071212046629,34280.7708404768,35916.28341371787,37619.85121443066
2021-08-02,2597,2270.4783195410496,2328.4099654428173,2386.706198532399,210.2938014676012,268.5900345571829,326.52168045895036,34535.72641645531,36179.913421201745,37898.45823442843
2021-08-09,2654,2268.6081135789896,2327.6552643275736,2386.849570835838,267.15042916416195,326.3447356724264,385.3918864210103,34856.21682448839,36507.087428520405,38226.07918300575
2021-08-16,2552,2268.9647221024247,2327.303486765856,2386.2894281011095,165.7105718988903,224.69651323414382,283.0352778975752,35071.91877061061,36733.04999204401,38461.53050717339
2021-08-23,2402,2270.2816763365386,2328.4154681868927,2385.757140759561,16.24285924043907,73.58453181310733,131.7183236634615,35145.167065911046,36808.678632044146,38552.84409804099
2021-08-30,2293,2190.813401424519,2249.991819323107,2307.320797205551,-14.320797205551138,43.00818067689329,102.1865985754813,35183.98430157107,36851.810288118984,38604.76358012801
2021-09-06,2414,2191.748101794224,2249.4954442945723,2310.3072213708524,103.6927786291474,164.50455570542772,222.2518982057759,35333.09676837716,37011.1726792951,38775.34088651248
2021-09-13,2428,2193.3118345126577,2250.7514361336825,2309.362963644492,118.63703635550792,177.24856386631745,234.6881654873422,35497.25322311418,37187.79913641156,38963.21682428021
2021-09-20,2327,2191.9646847569325,2250.9035232655806,2309.115475545347,17.884524454652574,76.09647673441941,135.03531524306766,35557.57159135228,37264.504453542715,39048.90128046849
2021-09-27,2231,2014.5935804203561,2071.9731634040972,2129.2671556519967,101.73284434800331,159.02683659590298,216.40641957964374,35704.67040071024,37424.927268254374,39208.27976807616
2021-10-04,2393,2012.7879917180019,2071.7744653305663,2129.3428948891706,263.6571051108292,321.2255346694335,380.2120082819982,36025.16353172434,37748.876792442024,39541.17068765069
2021-10-11,2336,2014.7083718168058,2072.2019654594333,2130.3591674973395,205.64083250266054,263.79803454056696,321.2916281831941,36272.41725853794,38005.75093936105,39816.41231352601
2021-10-18,2199,2013.486290342387,2071.9728114502504,2130.7190493042776,68.28095069572223,127.02718854974955,185.51370965761294,36383.34638995166,38136.574032967976,39950.06122307001
2021-10-25,2372,1935.5282482490813,1993.6702100628463,2053.270403145164,318.729596854836,378.3297899371536,436.47175175091854,36759.02811792954,38510.7821509238,40340.61822463915
2021-11-01,2251,1936.657867042044,1994.6139372037405,2052.5933527526518,198.40664724734802,256.38606279625935,314.34213295795604,37011.873533756174,38764.268662016846,40601.5167441889
2021-11-08,2425,1935.7732872553513,1995.3347539105612,2052.9497750535547,372.0502249464452,429.66524608943894,489.2267127446487,37435.906303004725,39194.965827280685,41037.75180981256
2021-11-15,2388,1936.629561519641,1994.588428370957,2053.7915991382415,334.20840086175815,393.4115716290429,451.37043848035916,37808.014570002415,39591.17834754179,41444.02131672506
2021-11-22,2399,1937.588178887795,1995.0855181271236,2052.8993894460723,346.10061055392765,403.9144818728764,461.41182111220485,38200.238646554455,39996.456865889006,41853.73778163966
2021-11-29,2573,1891.9437749671538,1950.6702480865042,2010.492788373814,562.5072116261858,622.3297519134958,681.0562250328462,38816.85787990493,40615.28573827246,42496.50332284629
2021-12-06,2324,1893.4821362308244,1949.5413382876127,2008.4233560446787,315.5766439553213,374.4586617123874,430.5178637691757,39184.61037787961,40991.87775691779,42877.22361586301
2021-12-13,2422,1893.963487608081,1950.8816104912237,2007.9748124578518,414.0251875421482,471.1183895087763,528.0365123919189,39644.15941636651,41461.669130197464,43357.83499562779
2021-12-20,2441,1893.2095466530634,1951.4914394205834,2010.8472254625367,430.1527745374633,489.50856057941644,547.7904533469366,40123.85676200928,41948.47026423308,43855.65321451287
2021-12-27,2426,1889.4218410671515,1948.4917822310206,2008.7163019419381,417.28369805806193,477.5082177689794,536.5781589328486,40591.82504693083,42429.84199171432,44344.21394208679
2022-01-03,2467,1891.4140293578753,1949.5272182890353,2008.2750471245172,458.72495287548287,517.4727817109648,575.5859706421247,41097.21048258665,42950.34100918834,44869.641888637816
2022-01-10,2435,1891.5630813077603,1949.897877782868,2008.3728251583118,426.6271748416881,485.102122217132,543.4369186922398,41563.11601674296,43435.02731494457,45366.556214951524
2022-01-17,2511,1892.935620330681,1950.3600455711035,2008.5266447803613,502.47335521963856,560.6399544288965,618.0643796693188,42126.817476805234,43997.28473658334,45934.37195561339
2022-01-24,2681,1890.9716529322745,1950.8414893249728,2008.5574597039647,672.4425402960353,730.1585106750272,790.0283470677253,42844.2481990479,44725.706348904365,46682.95911082099
2022-01-31,2914,1880.824858745408,1939.7585645743889,1999.0451659663809,914.9548340336191,974.2414354256111,1033.175141254592,43805.6458881311,45699.16320246229,47669.07521631941
2022-02-07,3128,1883.1951096396363,1939.6611954623472,1998.8711506416523,1129.1288493583477,1188.3388045376528,1244.8048903603637,44979.83415697435,46889.334679734515,48866.43769674447
2022-02-14,3223,1882.001256846987,1940.062480544676,2000.7343534882345,1222.2656465117655,1282.937519455324,1340.998743153013,46252.12692180763,48167.06070772227,50157.717399572626
2022-02-21,3232,1880.755478100851,1941.4223403077065,2000.9630563688527,1231.0369436311473,1290.5776596922935,1351.244521899149,47537.16733769089,49459.09954198012,51458.526569764705
2022-02-28,3094,1814.6115899023368,1873.4965811638845,1931.8873274016294,1162.1126725983704,1220.5034188361155,1279.3884100976632,48749.57176182861,50682.39057221107,52690.16071999426
2022-03-07,2833,1817.6632237026677,1874.6338839061345,1932.3598542809523,900.6401457190476,958.3661160938655,1015.3367762973322,49687.1037061307,51643.79981454609,53659.37329881959
2022-03-14,2638,1814.23133583126,1874.41767394331,1933.4797051466135,704.5202948533866,763.58232605669,823.7686641687401,50435.97729765399,52405.501290011605,54436.12301411479
2022-03-21,2564,1816.7545130430562,1875.0758076530428,1933.4508769537895,630.5491230462105,688.924192346957,747.2454869569438,51113.51199916253,53093.504657201636,55144.38939210922
2022-03-28,2452,1925.5512847382538,1985.5325712646327,2043.026985865134,408.973014134866,466.4674287353672,526.4487152617463,51572.0536377418,53555.969857824915,55612.55705797262
2022-04-04,2446,1926.9084764958159,1985.184073100565,2043.5093518178248,402.49064818217505,460.8159268994351,519.091523504184,52029.164963202806,54018.38213966496,56086.25962034443
2022-04-11,2283,1926.6783331544884,1986.9252184588581,2043.9321354856515,239.0678645143484,296.074781541142,356.3216668455117,52312.958283949694,54315.36492252122,56399.42900526048
2022-04-18,2440,1927.597742640981,1985.4857927129096,2045.142675134306,394.85732486569384,454.51420728709024,512.4022573590189,52758.644487770616,54771.94996142177,56853.05838927097
2022-04-25,2256,2059.9811530823763,2118.8031710361074,2178.2290077178172,77.7709922821829,137.1968289638928,196.0188469176237,52874.77504239223,54909.8239557599,57004.44373152669
2022-05-02,2463,2059.361047663849,2118.6493602034457,2177.545091274651,285.45490872534907,344.35063979655433,403.6389523361509,53214.59423235864,55248.46280869699,57361.459710231604
2022-05-09,2540,2060.523291885367,2120.1228476059405,2177.9706956294003,362.02930437059956,419.8771523940595,479.47670811463297,53611.53882978236,55667.36188423245,57794.78124635858
2022-05-16,2464,2061.037029331949,2120.4313230837033,2178.7231786017096,285.2768213982905,343.56867691629645,402.96297066805107,53945.58860964444,56019.23647630472,58145.93385506805
2022-05-23,2497,2061.1956474247418,2120.304852224869,2179.872380569359,317.1276194306411,376.69514777513064,435.8043525752583,54321.95370356244,56395.10641918289,58536.75163389517
2022-05-30,2926,2369.3343171300316,2429.1681508125603,2486.7560867771813,439.2439132228187,496.83184918743996,556.6656828699681,54797.26449546632,56891.37972881795,59047.25319192445
2022-06-06,2748,2370.7938623286664,2429.062197721417,2488.495707404823,259.504292595177,318.93780227858315,377.2061376713338,55107.53771111038,57208.500304695976,59377.58186634139
2022-06-13,2886,2372.3034941089036,2429.065804903482,2486.940069835964,399.0599301640361,456.93419509651835,513.6965058910965,55552.15372301477,57668.026344589016,59849.26534527501
2022-06-20,2818,2372.236980538756,2430.16500272882,2488.4255096652078,329.574490334792,387.8349972711799,445.7630194612438,55939.26435113375,58053.69012872081,60253.58148036829
2022-06-27,2903,2415.889052478503,2474.5005548780973,2533.987250262617,369.0127497373826,428.4994451219027,487.1109475214972,56340.47268500689,58486.46988395949,60683.30989568508
2022-07-04,3014,2417.293038165053,2476.328540429088,2535.5619943492757,478.4380056507242,537.6714595709118,596.7069618349467,56877.944964727176,59023.01506019663,61229.342942396266
2022-07-11,3078,2418.6714442688717,2477.1861701171556,2534.5780821809326,543.4219178190674,600.8138298828444,659.3285557311281,57459.33406769947,59624.11629455366,61841.498641688966
2022-07-18,3033,2419.6811102138354,2476.1760338190816,2535.413399837684,497.5866001623159,556.8239661809184,613.3188897861647,57999.992278971826,60184.685717921486,62406.785640428214
2022-07-25,2646,2283.843199337327,2342.744370909418,2401.533898292663,244.46610170733703,303.2556290905818,362.1568006626733,58283.94178018201,60489.645827823435,62726.583322810715
2022-08-01,2651,2283.410374466172,2342.1382082068276,2399.471440541051,251.52855945894893,308.8617917931724,367.5896255338278,58585.40121978255,60794.17176800041,63055.79039586869
2022-08-08,2658,2282.019865815356,2343.0443950861827,2401.8014398509163,256.19856014908356,314.95560491381707,375.98013418464416,58892.434525027966,61112.92250840809,63386.41273092979
2022-08-15,2737,2284.403263437071,2342.3567627739294,2403.5200735843955,333.4799264156045,394.6432372260708,452.59673656292904,59273.57957314354,61505.662504562235,63799.69257697526
2022-08-22,2627,2283.9455976637473,2343.917647411359,2402.8321800215217,224.1678199784785,283.08235258864056,343.0544023362525,59557.94765132845,61788.645047790305,64099.587735623034
2022-08-29,2607,2205.264588044549,2264.9435158035226,2323.5943299437467,283.4056700562534,342.0564841964774,401.73541195545096,59888.99330910082,62134.254521474846,64445.269563366965
2022-09-05,2503,2206.4311578917254,2264.5690550666814,2324.005240344701,178.99475965529882,238.43094493331864,296.5688421082747,60113.78837683945,62366.88445158274,64705.59021231979
2022-09-12,2525,2205.183855693454,2265.9824760408137,2326.26896317919,198.73103682080992,259.0175239591863,319.8161443065459,60363.670401266165,62629.42084586729,64979.21813400776
2022-09-19,2639,2206.6987859457736,2266.8276480384,2323.501071718867,315.49892828113315,372.17235196160004,432.3012140542262,60727.04206058617,63000.52313469637,65356.06889610625
2022-09-26,2385,2026.7805026644517,2086.881714811776,2145.9326570692097,239.0673429307904,298.11828518822404,358.2194973355484,61007.61586191001,63297.39821991135,65657.89640397222
2022-10-03,2366,2028.9264439480348,2087.7827919825127,2146.0189496519747,219.98105034802504,278.21720801748734,337.0735560519651,61269.9339705666,63579.68729625731,65949.13704693416
2022-10-10,2335,2027.786751882338,2087.3113095645867,2146.3302010681236,188.66979893187633,247.68869043541304,307.21324811766203,61507.46111358296,63826.88594075138,66198.8362060814
2022-10-17,2348,2028.0738889178947,2087.4550805966282,2146.4241931548086,201.57580684519135,260.54491940337175,319.9261110821052,61747.816178295274,64090.95726053418,66485.1434531812
2022-10-24,2346,2027.8175465136549,2087.5202936478768,2146.0902813552134,199.90971864478658,258.47970635212323,318.1824534863452,61986.880160298424,64346.78445136745,66761.594420396
2022-10-31,2513,1951.4059639637387,2009.081269300182,2068.296688969974,444.70331103002565,503.91873069981807,561.5940360362612,62489.66177421879,64847.76542046502,67268.21742391257
2022-11-07,2375,1951.211290001067,2010.5706327880594,2068.2611577368803,306.73884226311986,364.42936721194053,423.7887099989329,62851.10965348414,65211.101325512296,67645.94540506737
