Fecha,agerange,Porcentaje de la poblaci√≥n
2020-12-24,<=39,
2020-12-25,<=39,
2020-12-26,<=39,
2020-12-27,<=39,
2020-12-28,<=39,
2020-12-29,<=39,
2020-12-30,<=39,
2020-12-31,<=39,
2021-01-01,<=39,
2021-01-02,<=39,
2021-01-03,<=39,
2021-01-04,<=39,
2021-01-05,<=39,
2021-01-06,<=39,
2021-01-07,<=39,
2021-01-08,<=39,
2021-01-09,<=39,
2021-01-10,<=39,
2021-01-11,<=39,
2021-01-12,<=39,
2021-01-13,<=39,
2021-01-14,<=39,
2021-01-15,<=39,
2021-01-16,<=39,
2021-01-17,<=39,
2021-01-18,<=39,
2021-01-19,<=39,
2021-01-20,<=39,
2021-01-21,<=39,0.0
2021-01-22,<=39,0.0
2021-01-23,<=39,0.0
2021-01-24,<=39,0.0
2021-01-25,<=39,0.0
2021-01-26,<=39,0.0
2021-01-27,<=39,0.006355864019651005
2021-01-28,<=39,0.03683532476268826
2021-01-29,<=39,0.05263982161268081
2021-01-30,<=39,0.053052190787439564
2021-01-31,<=39,0.053052190787439564
2021-02-01,<=39,0.053052190787439564
2021-02-02,<=39,0.053061155334716927
2021-02-03,<=39,0.053061155334716927
2021-02-04,<=39,0.053061155334716927
2021-02-05,<=39,0.05307011988199429
2021-02-06,<=39,0.05307011988199429
2021-02-07,<=39,0.05307011988199429
2021-02-08,<=39,0.062303603577679105
2021-02-09,<=39,0.06599699705595302
2021-02-10,<=39,0.06623903983244185
2021-02-11,<=39,0.06623903983244185
2021-02-12,<=39,0.06624800437971923
2021-02-13,<=39,0.06624800437971923
2021-02-14,<=39,0.06624800437971923
2021-02-15,<=39,0.06624800437971923
2021-02-16,<=39,0.06628386256882868
2021-02-17,<=39,0.06628386256882868
2021-02-18,<=39,0.0787445832843645
2021-02-19,<=39,0.08318203418665962
2021-02-20,<=39,0.083190998733937
2021-02-21,<=39,0.08320892782849172
2021-02-22,<=39,0.14829154106215364
2021-02-23,<=39,0.2551489446083313
2021-02-24,<=39,0.3008412420810551
2021-02-25,<=39,0.3156058514468734
2021-02-26,<=39,0.3167622780456534
2021-02-27,<=39,0.3169684626330328
2021-02-28,<=39,0.3169684626330328
2021-03-01,<=39,0.3169684626330328
2021-03-02,<=39,0.31698639172758747
2021-03-03,<=39,0.31698639172758747
2021-03-04,<=39,0.31699535627486486
2021-03-05,<=39,0.31700432082214225
2021-03-06,<=39,0.31700432082214225
2021-03-07,<=39,0.31700432082214225
2021-03-08,<=39,0.3171118953894706
2021-03-09,<=39,0.3173629027132368
2021-03-10,<=39,0.31833107381919207
2021-03-11,<=39,0.3190661666959359
2021-03-12,<=39,0.3197385077417382
2021-03-13,<=39,0.3197743659308477
2021-03-14,<=39,0.3197743659308477
2021-03-15,<=39,0.32218582914845856
2021-03-16,<=39,0.38677539228186547
2021-03-17,<=39,0.9150561633369201
2021-03-18,<=39,1.35357492250373
2021-03-19,<=39,1.73377033708401
2021-03-20,<=39,1.773868757055659
2021-03-21,<=39,1.7799377555624343
2021-03-22,<=39,2.0560547762525196
2021-03-23,<=39,2.3721088550632614
2021-03-24,<=39,2.7092834072594725
2021-03-25,<=39,3.041661926662294
2021-03-26,<=39,3.32988108617682
2021-03-27,<=39,3.3790964507295485
2021-03-28,<=39,3.3839014480702154
2021-03-29,<=39,3.66519101253934
2021-03-30,<=39,3.9732128569895635
2021-03-31,<=39,4.247644542791504
2021-04-01,<=39,4.499189739394335
2021-04-02,<=39,4.705284681300932
2021-04-03,<=39,4.730170264542894
2021-04-04,<=39,4.73205281947114
2021-04-05,<=39,4.9246112949889165
2021-04-06,<=39,5.073315205225829
2021-04-07,<=39,5.154005095269381
2021-04-08,<=39,5.218585693855511
2021-04-09,<=39,5.3058914197897575
2021-04-10,<=39,5.310893637170527
2021-04-11,<=39,5.312103851052971
2021-04-12,<=39,5.530417470898614
2021-04-13,<=39,5.876735861317736
2021-04-14,<=39,6.249535524394192
2021-04-15,<=39,6.561456946910068
2021-04-16,<=39,6.567893491855216
2021-04-17,<=39,6.569659507668857
2021-04-18,<=39,6.570269096883717
2021-04-19,<=39,6.785059649649357
2021-04-20,<=39,6.909155877609904
2021-04-21,<=39,7.019993540147232
2021-04-22,<=39,7.139150302557954
2021-04-23,<=39,7.254622636037677
2021-04-24,<=39,7.26538905731779
2021-04-25,<=39,7.266742703956673
2021-04-26,<=39,7.465800476250539
2021-04-27,<=39,7.935937193664611
2021-04-28,<=39,8.546252536854823
2021-04-29,<=39,9.214559536382302
2021-04-30,<=39,9.821011159695969
2021-05-01,<=39,9.875632146256947
2021-05-02,<=39,9.88194318754021
2021-05-03,<=39,10.460452316990336
2021-05-04,<=39,11.072883293338005
2021-05-05,<=39,11.494853498230801
2021-05-06,<=39,11.942094761898487
2021-05-07,<=39,12.417825356813635
2021-05-08,<=39,12.458094103183551
2021-05-09,<=39,12.460236629982843
2021-05-10,<=39,12.805559955654179
2021-05-11,<=39,13.110820719542973
2021-05-12,<=39,13.411168911523774
2021-05-13,<=39,13.683942156079402
2021-05-14,<=39,13.782086019671983
2021-05-15,<=39,13.787312350734684
2021-05-16,<=39,13.789356267513925
2021-05-17,<=39,13.990529672965247
2021-05-18,<=39,14.197861722396118
2021-05-19,<=39,14.402809202251213
2021-05-20,<=39,14.612113452083106
2021-05-21,<=39,14.797814048933699
2021-05-22,<=39,14.820512282639983
2021-05-23,<=39,14.821767319258816
2021-05-24,<=39,14.989592608838345
2021-05-25,<=39,15.199147865994004
2021-05-26,<=39,15.377981619630136
2021-05-27,<=39,15.542400381244267
2021-05-28,<=39,15.6945018548993
2021-05-29,<=39,15.695613458761692
2021-05-30,<=39,15.696124437956502
2021-05-31,<=39,15.813389680891701
2021-06-01,<=39,15.930430810144964
2021-06-02,<=39,16.028368489150164
2021-06-03,<=39,16.124360861396177
2021-06-04,<=39,16.12724744561949
2021-06-05,<=39,16.138677243398124
2021-06-06,<=39,16.13944819446398
2021-06-07,<=39,16.233970380956507
2021-06-08,<=39,16.333709933964453
2021-06-09,<=39,16.41368266022582
2021-06-10,<=39,16.482620028788748
2021-06-11,<=39,16.551037453609588
2021-06-12,<=39,16.561561832113213
2021-06-13,<=39,16.563453351588738
2021-06-14,<=39,16.631395655403878
2021-06-15,<=39,16.705406957725792
2021-06-16,<=39,16.763999238730644
2021-06-17,<=39,16.821515774062213
2021-06-18,<=39,16.883935916754496
2021-06-19,<=39,16.8975172058797
2021-06-20,<=39,16.899668697226268
2021-06-21,<=39,17.313041901280073
2021-06-22,<=39,17.853962683996212
2021-06-23,<=39,18.420271064601845
2021-06-24,<=39,18.98259918621633
2021-06-25,<=39,19.560077392729553
2021-06-26,<=39,19.61113945402142
2021-06-27,<=39,19.614554946534096
2021-06-28,<=39,20.39969689072746
2021-06-29,<=39,21.362238260992576
2021-06-30,<=39,22.381516250976127
2021-07-01,<=39,23.47193688815284
2021-07-02,<=39,24.013099713645467
2021-07-03,<=39,24.217832044365903
2021-07-04,<=39,24.244277458834127
2021-07-05,<=39,24.50782618424135
2021-07-06,<=39,25.99680162882238
2021-07-07,<=39,27.191668206327662
2021-07-08,<=39,28.227136168694134
2021-07-09,<=39,29.028055716095658
2021-07-10,<=39,29.234365807136907
2021-07-11,<=39,29.255764181487976
2021-07-12,<=39,29.30550845433007
2021-07-13,<=39,30.527008701796397
2021-07-14,<=39,31.47907051629428
2021-07-15,<=39,32.044769307685044
2021-07-16,<=39,32.487151786728404
2021-07-17,<=39,32.618428617058115
2021-07-18,<=39,32.63284360908012
2021-07-19,<=39,33.28605431099252
2021-07-20,<=39,33.81928351214468
2021-07-21,<=39,34.44232851246875
2021-07-22,<=39,35.64264553471866
2021-07-23,<=39,36.628458869715814
2021-07-24,<=39,36.85480472392197
2021-07-25,<=39,36.88169836575407
2021-07-26,<=39,37.83408290395393
2021-07-27,<=39,38.819851416214696
2021-07-28,<=39,39.79704085673102
2021-07-29,<=39,40.56400269904589
2021-07-30,<=39,40.663069911008044
2021-07-31,<=39,40.78621589695719
2021-08-01,<=39,40.797699482019496
2021-08-02,<=39,41.40832858436441
2021-08-03,<=39,42.17748674076224
2021-08-04,<=39,42.73975211054577
2021-08-05,<=39,43.06606163144182
2021-08-06,<=39,43.512657447705536
2021-08-07,<=39,43.596189099236014
2021-08-08,<=39,43.60372828349628
2021-08-09,<=39,43.91772051643322
2021-08-10,<=39,44.21918031227642
2021-08-11,<=39,44.42753432009691
2021-08-12,<=39,45.112990498565985
2021-08-13,<=39,45.65424296953139
2021-08-14,<=39,45.73382125571255
2021-08-15,<=39,45.73790908927102
2021-08-16,<=39,45.920741030992865
2021-08-17,<=39,46.10414670374045
2021-08-18,<=39,46.5681516708168
2021-08-19,<=39,46.90779147351429
2021-08-20,<=39,47.15394001265615
2021-08-21,<=39,47.17001344592446
2021-08-22,<=39,47.17038995691011
2021-08-23,<=39,47.32179219587751
2021-08-24,<=39,47.463683050183626
2021-08-25,<=39,48.40422542143009
2021-08-26,<=39,49.0301032186938
2021-08-27,<=39,49.41897631503858
2021-08-28,<=39,49.42630931471146
2021-08-29,<=39,49.42753745768846
2021-08-30,<=39,49.57657305617463
2021-08-31,<=39,49.73838313453105
2021-09-01,<=39,50.35798574870061
2021-09-02,<=39,50.84140792517974
2021-09-03,<=39,51.2859239664751
2021-09-04,<=39,51.29915563825649
2021-09-05,<=39,51.300410674875316
2021-09-06,<=39,51.457639869573015
2021-09-07,<=39,51.5732466712619
2021-09-08,<=39,51.664460939809075
2021-09-09,<=39,52.33672130468586
2021-09-10,<=39,52.77861969817624
2021-09-11,<=39,52.78704637261696
2021-09-12,<=39,52.788193834668476
2021-09-13,<=39,53.28724121705204
2021-09-14,<=39,53.89197164728845
2021-09-15,<=39,54.16248582593018
2021-09-16,<=39,54.35907834772278
2021-09-17,<=39,54.50288761514624
2021-09-18,<=39,54.514030547412005
2021-09-19,<=39,54.51853971469253
2021-09-20,<=39,54.92002592905655
2021-09-21,<=39,55.34089349463422
2021-09-22,<=39,55.480274275702676
2021-09-23,<=39,55.5725822190177
2021-09-24,<=39,55.64948010556292
2021-09-25,<=39,55.6591528520752
2021-09-26,<=39,55.661869109900245
2021-09-27,<=39,55.93697313674798
2021-09-28,<=39,56.21837027578444
2021-09-29,<=39,56.335276936828535
2021-09-30,<=39,56.399391378956246
2021-10-01,<=39,56.40894758635392
2021-10-02,<=39,56.41141283685519
2021-10-03,<=39,56.4121210360901
2021-10-04,<=39,56.572066488612826
2021-10-05,<=39,56.737534102258415
2021-10-06,<=39,56.85520274982109
2021-10-07,<=39,56.931759983569776
2021-10-08,<=39,56.999657464648536
2021-10-09,<=39,57.002839878932
2021-10-10,<=39,57.00309985080304
2021-10-11,<=39,57.12181735039717
2021-10-12,<=39,57.25779160350023
2021-10-13,<=39,57.340668843079456
2021-10-14,<=39,57.40360892951383
2021-10-15,<=39,57.454043472496274
2021-10-16,<=39,57.456212892937394
2021-10-17,<=39,57.45662526211216
2021-10-18,<=39,57.56073951419146
2021-10-19,<=39,57.668027216006955
2021-10-20,<=39,57.72145591778004
2021-10-21,<=39,57.766520696943346
2021-10-22,<=39,57.809039544679884
2021-10-23,<=39,57.811486866086604
2021-10-24,<=39,57.8119261289032
2021-10-25,<=39,57.818066843788195
2021-10-26,<=39,58.37239858923127
2021-10-27,<=39,58.83081864335382
2021-10-28,<=39,59.10492760545378
2021-10-29,<=39,59.26077625987075
2021-10-30,<=39,59.26438897242353
2021-10-31,<=39,59.26482823524012
2021-11-01,<=39,59.66679853515712
2021-11-02,<=39,60.13172685060304
2021-11-03,<=39,60.66525188181535
2021-11-04,<=39,61.08030145621003
2021-11-05,<=39,61.56040675019653
2021-11-06,<=39,61.5713076396858
2021-11-07,<=39,61.57184551252244
2021-11-08,<=39,62.25064103236444
2021-11-09,<=39,63.06816292132363
2021-11-10,<=39,63.95020265703803
2021-11-11,<=39,64.82661265706223
2021-11-12,<=39,65.61878280632104
2021-11-13,<=39,65.65529540738176
2021-11-14,<=39,65.6574110405392
2021-11-15,<=39,65.66287044983112
2021-11-16,<=39,66.46469541650765
2021-11-17,<=39,67.22592891311228
2021-11-18,<=39,67.92488569978107
2021-11-19,<=39,68.534125297298
2021-11-20,<=39,68.57017174190028
2021-11-21,<=39,68.57186604133571
2021-11-22,<=39,68.93709962651006
2021-11-23,<=39,69.44037827520856
2021-11-24,<=39,69.92986048564718
2021-11-25,<=39,70.39832083272039
2021-11-26,<=39,70.80571468374018
2021-11-27,<=39,70.83662444275254
2021-11-28,<=39,70.83863250134267
2021-11-29,<=39,71.22541685817181
2021-11-30,<=39,71.61676416956513
2021-12-01,<=39,71.97629630267109
2021-12-02,<=39,72.29403571636998
2021-12-03,<=39,72.5609461470062
2021-12-04,<=39,72.57840012055523
2021-12-05,<=39,72.5794041498503
2021-12-06,<=39,72.83649840121782
2021-12-07,<=39,73.11845134218547
2021-12-08,<=39,73.38399019708825
2021-12-09,<=39,73.63930050354759
2021-12-10,<=39,73.87319450656129
2021-12-11,<=39,73.89687884046808
2021-12-12,<=39,73.89921858730747
2021-12-13,<=39,74.06231059592456
2021-12-14,<=39,74.2815744577816
2021-12-15,<=39,74.47392674871199
2021-12-16,<=39,74.65802269159994
2021-12-17,<=39,74.83101156041123
2021-12-18,<=39,74.8494785278026
2021-12-19,<=39,74.8512624727108
2021-12-20,<=39,75.03823603527478
2021-12-21,<=39,75.22385595119987
2021-12-22,<=39,75.22627637896477
2021-12-23,<=39,75.41364438160895
2021-12-24,<=39,75.57335675590245
2021-12-25,<=39,75.59432483198421
2021-12-26,<=39,75.59682594067459
2021-12-27,<=39,75.77387574940254
2021-12-28,<=39,75.9367346797904
2021-12-29,<=39,76.08672948483526
2021-12-30,<=39,76.2163747675605
2021-12-31,<=39,76.32957010603177
2022-01-01,<=39,76.34350997704807
2022-01-02,<=39,76.34461261636318
2022-01-03,<=39,76.46065868086866
2022-01-04,<=39,76.57357611837433
2022-01-05,<=39,76.6709759245429
2022-01-06,<=39,76.7494695005035
2022-01-07,<=39,76.76782889332753
2022-01-08,<=39,76.76784682242209
2022-01-09,<=39,76.76876120624439
2022-01-10,<=39,76.89063422648015
2022-01-11,<=39,77.02289715701038
2022-01-12,<=39,77.15248865245195
2022-01-13,<=39,77.27080274741859
2022-01-14,<=39,77.29749916921058
2022-01-15,<=39,77.29752606285241
2022-01-16,<=39,77.29793843202717
2022-01-17,<=39,77.42717134557765
2022-01-18,<=39,77.56808506423053
2022-01-19,<=39,77.66843420645334
2022-01-20,<=39,77.90221167035244
2022-01-21,<=39,78.14510607883261
2022-01-22,<=39,78.16251522964525
2022-01-23,<=39,78.16404816722968
2022-01-24,<=39,78.41158621119953
2022-01-25,<=39,78.63647980874676
2022-01-26,<=39,78.83676572401764
2022-01-27,<=39,79.0284098157131
2022-01-28,<=39,79.20700152657275
2022-01-29,<=39,79.22302117255741
2022-01-30,<=39,79.22382798181236
2022-01-31,<=39,79.41608166272272
2022-02-01,<=39,79.56864929283617
2022-02-02,<=39,79.72878300085172
2022-02-03,<=39,79.85248478873207
2022-02-04,<=39,79.9458146904367
2022-02-05,<=39,79.9544116912757
2022-02-06,<=39,79.95494956411233
2022-02-07,<=39,80.09004529158221
2022-02-08,<=39,80.22785727687712
2022-02-09,<=39,80.35722465863677
2022-02-10,<=39,80.47498295167222
2022-02-11,<=39,80.56513940364066
2022-02-12,<=39,80.57235586419894
2022-02-13,<=39,80.57292959522469
2022-02-14,<=39,80.70689578973762
2022-02-15,<=39,80.83476609210194
2022-02-16,<=39,80.9597677393375
2022-02-17,<=39,81.07674611675982
2022-02-18,<=39,81.19359899052026
2022-02-19,<=39,81.20179258673177
2022-02-20,<=39,81.20260836053401
2022-02-21,<=39,81.33823299629324
2022-02-22,<=39,81.46885541467171
2022-02-23,<=39,81.58444428726604
2022-02-24,<=39,81.69226986191818
2022-02-25,<=39,81.79040476096348
2022-02-26,<=39,81.79854456989133
2022-02-27,<=39,81.79941413097723
2022-02-28,<=39,81.90414693681868
2022-03-01,<=39,82.0052849592019
2022-03-02,<=39,82.11095904250746
2022-03-03,<=39,82.21072548915724
2022-03-04,<=39,82.30806254349487
2022-03-05,<=39,82.3153327913368
2022-03-06,<=39,82.31569137322789
2022-03-07,<=39,82.42908393173927
2022-03-08,<=39,82.54381220779497
2022-03-09,<=39,82.64717343790299
2022-03-10,<=39,82.75442528152936
2022-03-11,<=39,82.86059241493518
2022-03-12,<=39,82.86983486317816
2022-03-13,<=39,82.87038170056206
2022-03-14,<=39,83.0030838939089
2022-03-15,<=39,83.1139663791826
2022-03-16,<=39,83.18457115353912
2022-03-17,<=39,83.2486138792886
2022-03-18,<=39,83.33082774236931
2022-03-19,<=39,83.33926338135731
2022-03-20,<=39,83.33972953781573
2022-03-21,<=39,83.39848318067158
2022-03-22,<=39,83.44900736912679
2022-03-23,<=39,83.49881439379983
2022-03-24,<=39,83.5449638831837
2022-03-25,<=39,83.61077262474683
2022-03-26,<=39,83.61866142635091
2022-03-27,<=39,83.61912758280934
2022-03-28,<=39,83.66706998164868
2022-03-29,<=39,83.71149827795529
2022-03-30,<=39,83.75313860005863
2022-03-31,<=39,83.79179372791864
2022-04-01,<=39,83.84662089906699
2022-04-02,<=39,83.8530753731067
2022-04-03,<=39,83.85341602590324
2022-04-04,<=39,83.90014821086014
2022-04-05,<=39,83.94541917461082
2022-04-06,<=39,83.98920202351347
2022-04-07,<=39,84.03016104002374
2022-04-08,<=39,84.08989181853282
2022-04-09,<=39,84.09775372649507
2022-04-10,<=39,84.09828263478444
2022-04-11,<=39,84.15209681209045
2022-04-12,<=39,84.19691954847727
2022-04-13,<=39,84.23767238040017
2022-04-14,<=39,84.27275961844377
2022-04-15,<=39,84.32301487048068
2022-04-16,<=39,84.32861771252902
2022-04-17,<=39,84.32881493256912
2022-04-18,<=39,84.36792725234025
2022-04-19,<=39,84.40089885722641
2022-04-20,<=39,84.43078665784913
2022-04-21,<=39,84.45799405883594
2022-04-22,<=39,84.49617406569023
2020-12-24,40-49,
2020-12-25,40-49,
2020-12-26,40-49,
2020-12-27,40-49,
2020-12-28,40-49,
2020-12-29,40-49,
2020-12-30,40-49,
2020-12-31,40-49,
2021-01-01,40-49,
2021-01-02,40-49,
2021-01-03,40-49,
2021-01-04,40-49,
2021-01-05,40-49,
2021-01-06,40-49,
2021-01-07,40-49,
2021-01-08,40-49,
2021-01-09,40-49,
2021-01-10,40-49,
2021-01-11,40-49,
2021-01-12,40-49,
2021-01-13,40-49,
2021-01-14,40-49,
2021-01-15,40-49,
2021-01-16,40-49,
2021-01-17,40-49,
2021-01-18,40-49,
2021-01-19,40-49,
2021-01-20,40-49,
2021-01-21,40-49,0.0
2021-01-22,40-49,0.0
2021-01-23,40-49,0.0
2021-01-24,40-49,0.0
2021-01-25,40-49,0.0
2021-01-26,40-49,0.0
2021-01-27,40-49,0.006582775772225427
2021-01-28,40-49,0.03629930640112878
2021-01-29,40-49,0.05111995585402488
2021-01-30,40-49,0.05157134619269176
2021-01-31,40-49,0.05157134619269176
2021-02-01,40-49,0.05157134619269176
2021-02-02,40-49,0.05157134619269176
2021-02-03,40-49,0.05157134619269176
2021-02-04,40-49,0.05157134619269176
2021-02-05,40-49,0.05157134619269176
2021-02-06,40-49,0.05157134619269176
2021-02-07,40-49,0.05157134619269176
2021-02-08,40-49,0.05980921987336244
2021-02-09,40-49,0.06390934878291998
2021-02-10,40-49,0.06413504395225343
2021-02-11,40-49,0.06413504395225343
2021-02-12,40-49,0.06424789153692016
2021-02-13,40-49,0.06424789153692016
2021-02-14,40-49,0.06424789153692016
2021-02-15,40-49,0.06424789153692016
2021-02-16,40-49,0.06428550739847573
2021-02-17,40-49,0.06428550739847573
2021-02-18,40-49,0.07978324235937216
2021-02-19,40-49,0.08410906643826316
2021-02-20,40-49,0.08414668229981873
2021-02-21,40-49,0.08418429816137431
2021-02-22,40-49,0.16645018738341433
2021-02-23,40-49,0.30273245379925845
2021-02-24,40-49,0.3586672399323968
2021-02-25,40-49,0.37931834792640684
2021-02-26,40-49,0.38078536652707423
2021-02-27,40-49,0.38097344583485204
2021-02-28,40-49,0.38097344583485204
2021-03-01,40-49,0.38097344583485204
2021-03-02,40-49,0.38101106169640764
2021-03-03,40-49,0.38101106169640764
2021-03-04,40-49,0.38101106169640764
2021-03-05,40-49,0.38101106169640764
2021-03-06,40-49,0.38101106169640764
2021-03-07,40-49,0.38101106169640764
2021-03-08,40-49,0.38112390928107437
2021-03-09,40-49,0.38138722031196337
2021-03-10,40-49,0.38225238512774157
2021-03-11,40-49,0.3835689402821867
2021-03-12,40-49,0.38432125751329815
2021-03-13,40-49,0.38432125751329815
2021-03-14,40-49,0.38432125751329815
2021-03-15,40-49,0.3866534409297437
2021-03-16,40-49,0.4681670129206723
2021-03-17,40-49,1.1151974475380984
2021-03-18,40-49,1.655887841537917
2021-03-19,40-49,2.1302238557537034
2021-03-20,40-49,2.1910110880275107
2021-03-21,40-49,2.202897700279072
2021-03-22,40-49,2.6856220516217513
2021-03-23,40-49,3.3259192470207295
2021-03-24,40-49,4.03384976149663
2021-03-25,40-49,4.76540303702943
2021-03-26,40-49,5.389149253343956
2021-03-27,40-49,5.493796580191562
2021-03-28,40-49,5.506886900012902
2021-03-29,40-49,6.246828512672596
2021-03-30,40-49,7.085361298469449
2021-03-31,40-49,8.275376694641583
2021-04-01,40-49,9.299656604799859
2021-04-02,40-49,9.772826527307423
2021-04-03,40-49,9.806756034430549
2021-04-04,40-49,9.81093139506322
2021-04-05,40-49,10.188707492665849
2021-04-06,40-49,10.51393423167534
2021-04-07,40-49,11.044016952716486
2021-04-08,40-49,11.572143648956743
2021-04-09,40-49,11.85253228099199
2021-04-10,40-49,11.864682204274441
2021-04-11,40-49,11.865396905643996
2021-04-12,40-49,12.075105333816321
2021-04-13,40-49,12.287446872297537
2021-04-14,40-49,12.492679012944746
2021-04-15,40-49,12.70987299756663
2021-04-16,40-49,12.715327297492188
2021-04-17,40-49,12.717283322293078
2021-04-18,40-49,12.718637493309078
2021-04-19,40-49,13.032767553159678
2021-04-20,40-49,13.318798564428262
2021-04-21,40-49,13.64105365037486
2021-04-22,40-49,14.125207404456653
2021-04-23,40-49,16.25851576085791
2021-04-24,40-49,16.370874339324413
2021-04-25,40-49,16.383438037083973
2021-04-26,40-49,18.906822877816534
2021-04-27,40-49,20.829256714337248
2021-04-28,40-49,22.10921163548876
2021-04-29,40-49,23.171295486510388
2021-04-30,40-49,24.22356159766601
2021-05-01,40-49,24.352433539355406
2021-05-02,40-49,24.368269817070303
2021-05-03,40-49,25.678392659189385
2021-05-04,40-49,27.070029073299395
2021-05-05,40-49,28.09916142959834
2021-05-06,40-49,28.893984584267617
2021-05-07,40-49,29.62117441985997
2021-05-08,40-49,29.699152100864673
2021-05-09,40-49,29.703891699420677
2021-05-10,40-49,30.39933374786013
2021-05-11,40-49,30.996523165916418
2021-05-12,40-49,31.58250305722915
2021-05-13,40-49,32.08016090560939
2021-05-14,40-49,32.26064180935303
2021-05-15,40-49,32.267563127879264
2021-05-16,40-49,32.27245318988148
2021-05-17,40-49,32.71331108731281
2021-05-18,40-49,33.177528434770146
2021-05-19,40-49,33.67266602042617
2021-05-20,40-49,34.14214958850128
2021-05-21,40-49,34.55445704701193
2021-05-22,40-49,34.60817249731329
2021-05-23,40-49,34.61182123588418
2021-05-24,40-49,35.62782565650023
2021-05-25,40-49,36.95491325218087
2021-05-26,40-49,38.415574772245364
2021-05-27,40-49,39.3791802977145
2021-05-28,40-49,40.15839286983821
2021-05-29,40-49,40.16414809665621
2021-05-30,40-49,40.16715736558066
2021-05-31,40-49,40.78405749509207
2021-06-01,40-49,41.40122093563437
2021-06-02,40-49,41.93754788969375
2021-06-03,40-49,43.31237001368841
2021-06-04,40-49,43.338625885054206
2021-06-05,40-49,43.454106580029816
2021-06-06,40-49,43.465504186081155
2021-06-07,40-49,44.77649219301602
2021-06-08,40-49,46.01664953264173
2021-06-09,40-49,47.143921671739164
2021-06-10,40-49,47.9158367667211
2021-06-11,40-49,48.73710387206394
2021-06-12,40-49,48.84863490157622
2021-06-13,40-49,48.86857130820067
2021-06-14,40-49,50.443284120501666
2021-06-15,40-49,52.45309960341598
2021-06-16,40-49,54.581104123337894
2021-06-17,40-49,56.61830395346467
2021-06-18,40-49,58.62164950819142
2021-06-19,40-49,58.99133819555959
2021-06-20,40-49,59.02323644615872
2021-06-21,40-49,60.65952642382618
2021-06-22,40-49,61.93519313676037
2021-06-23,40-49,62.96883939644597
2021-06-24,40-49,63.81158515873705
2021-06-25,40-49,64.61178738160878
2021-06-26,40-49,64.7202339104735
2021-06-27,40-49,64.72662860693794
2021-06-28,40-49,65.36816712576827
2021-06-29,40-49,66.00052737437902
2021-06-30,40-49,66.65940680538644
2021-07-01,40-49,67.32558371353565
2021-07-02,40-49,67.75267420563765
2021-07-03,40-49,67.92134372885283
2021-07-04,40-49,67.94511695335595
2021-07-05,40-49,68.20240944639609
2021-07-06,40-49,69.51396169125428
2021-07-07,40-49,70.5817255373708
2021-07-08,40-49,71.4033688013292
2021-07-09,40-49,72.20026082838402
2021-07-10,40-49,72.39766886982768
2021-07-11,40-49,72.41937322194525
2021-07-12,40-49,72.45841848623994
2021-07-13,40-49,73.3156463552299
2021-07-14,40-49,73.9533856720431
2021-07-15,40-49,74.39676383219866
2021-07-16,40-49,74.75467875489994
2021-07-17,40-49,74.85548926386888
2021-07-18,40-49,74.86639786372
2021-07-19,40-49,75.36751637136334
2021-07-20,40-49,75.83447967671424
2021-07-21,40-49,76.35594836545916
2021-07-22,40-49,76.85323005522385
2021-07-23,40-49,77.3810182087101
2021-07-24,40-49,77.52892377634662
2021-07-25,40-49,77.54686654230862
2021-07-26,40-49,77.99908442992974
2021-07-27,40-49,78.48015368336398
2021-07-28,40-49,78.87718910208305
2021-07-29,40-49,79.25808731619479
2021-07-30,40-49,79.32707480628771
2021-07-31,40-49,79.3964384549962
2021-08-01,40-49,79.4045634810922
2021-08-02,40-49,79.72963975665547
2021-08-03,40-49,80.01792771961739
2021-08-04,40-49,80.26694472311529
2021-08-05,40-49,80.4377207345776
2021-08-06,40-49,80.65262015164458
2021-08-07,40-49,80.70464288817595
2021-08-08,40-49,80.70859255363928
2021-08-09,40-49,80.9206707810896
2021-08-10,40-49,81.13248569750904
2021-08-11,40-49,81.26692478670866
2021-08-12,40-49,81.46670262743031
2021-08-13,40-49,81.61803123846839
2021-08-14,40-49,81.65433054486951
2021-08-15,40-49,81.65602325863952
2021-08-16,40-49,81.77300858807736
2021-08-17,40-49,81.90146675528963
2021-08-18,40-49,82.10557042009017
2021-08-19,40-49,82.24516288232292
2021-08-20,40-49,82.35349656360297
2021-08-21,40-49,82.36542079171608
2021-08-22,40-49,82.3658345661932
2021-08-23,40-49,82.46017514697458
2021-08-24,40-49,82.54138779207307
2021-08-25,40-49,82.77757778678051
2021-08-26,40-49,82.9549741898766
2021-08-27,40-49,83.07116958622176
2021-08-28,40-49,83.07447978203865
2021-08-29,40-49,83.0758715689162
2021-08-30,40-49,83.19334590455426
2021-08-31,40-49,83.31326527119344
2021-09-01,40-49,83.45364766651883
2021-09-02,40-49,83.54953049762399
2021-09-03,40-49,83.64022233983448
2021-09-04,40-49,83.64676749974515
2021-09-05,40-49,83.64789597559182
2021-09-06,40-49,83.78124420480633
2021-09-07,40-49,83.8775408103886
2021-09-08,40-49,83.94494843429618
2021-09-09,40-49,84.0357907399529
2021-09-10,40-49,84.10094141216715
2021-09-11,40-49,84.10447730315337
2021-09-12,40-49,84.1053048521076
2021-09-13,40-49,84.51836462784935
2021-09-14,40-49,85.00101374746892
2021-09-15,40-49,85.08843300972407
2021-09-16,40-49,85.14888169924389
2021-09-17,40-49,85.20143105783701
2021-09-18,40-49,85.21091025494903
2021-09-19,40-49,85.21455899351992
2021-09-20,40-49,85.57236106863654
2021-09-21,40-49,85.92892182032182
2021-09-22,40-49,85.9973450724914
2021-09-23,40-49,86.04334927117388
2021-09-24,40-49,86.08145413892967
2021-09-25,40-49,86.08969201261034
2021-09-26,40-49,86.09262604981167
2021-09-27,40-49,86.32166903082357
2021-09-28,40-49,86.541947516093
2021-09-29,40-49,86.61635169024993
2021-09-30,40-49,86.65581072902174
2021-10-01,40-49,86.66284489513262
2021-10-02,40-49,86.66510184682595
2021-10-03,40-49,86.66626793853418
2021-10-04,40-49,86.79574173400846
2021-10-05,40-49,86.93172307353187
2021-10-06,40-49,87.02294153780413
2021-10-07,40-49,87.07503950605859
2021-10-08,40-49,87.11983999717128
2021-10-09,40-49,87.12247310748018
2021-10-10,40-49,87.12299972954195
2021-10-11,40-49,87.2173779261849
2021-10-12,40-49,87.32300326543294
2021-10-13,40-49,87.37743341710386
2021-10-14,40-49,87.41922463929211
2021-10-15,40-49,87.44905401750567
2021-10-16,40-49,87.45063388369101
2021-10-17,40-49,87.45104765816811
2021-10-18,40-49,87.53282454118994
2021-10-19,40-49,87.61753546141308
2021-10-20,40-49,87.65447423746066
2021-10-21,40-49,87.68309990810444
2021-10-22,40-49,87.7087163098238
2021-10-23,40-49,87.71063471876313
2021-10-24,40-49,87.71101087737868
2021-10-25,40-49,87.71511100628825
2021-10-26,40-49,87.79135835766138
2021-10-27,40-49,87.84439672245476
2021-10-28,40-49,87.88927244529056
2021-10-29,40-49,87.91579162768724
2021-10-30,40-49,87.91755957318034
2021-10-31,40-49,87.9179357317959
2021-11-01,40-49,87.96661065664881
2021-11-02,40-49,88.0212288876275
2021-11-03,40-49,88.06482567117041
2021-11-04,40-49,88.1092876195291
2021-11-05,40-49,88.14964943897823
2021-11-06,40-49,88.15081553068646
2021-11-07,40-49,88.15089076240956
2021-11-08,40-49,88.2071640912967
2021-11-09,40-49,88.27208906834163
2021-11-10,40-49,88.33265060544609
2021-11-11,40-49,88.39554432596702
2021-11-12,40-49,88.45200573416193
2021-11-13,40-49,88.45595539962528
2021-11-14,40-49,88.45629394237928
2021-11-15,40-49,88.45776096097994
2021-11-16,40-49,88.53852221573976
2021-11-17,40-49,88.60581699206269
2021-11-18,40-49,88.66619044985937
2021-11-19,40-49,88.72062060153029
2021-11-20,40-49,88.72520973664007
2021-11-21,40-49,88.72569874284028
2021-11-22,40-49,88.76692572710519
2021-11-23,40-49,88.82579455043967
2021-11-24,40-49,88.88003662280282
2021-11-25,40-49,88.93111896279528
2021-11-26,40-49,88.97734885664707
2021-11-27,40-49,88.98490964481975
2021-11-28,40-49,88.98551149860464
2021-11-29,40-49,89.04641157846311
2021-11-30,40-49,89.10204543770381
2021-12-01,40-49,89.14850102672494
2021-12-02,40-49,89.19431714609964
2021-12-03,40-49,89.23460373382565
2021-12-04,40-49,89.2387038627352
2021-12-05,40-49,89.23915525307387
2021-12-06,40-49,89.28952289169678
2021-12-07,40-49,89.33816020068815
2021-12-08,40-49,89.38491671660172
2021-12-09,40-49,89.42941628082197
2021-12-10,40-49,89.47271213747243
2021-12-11,40-49,89.47906921807532
2021-12-12,40-49,89.47974630358333
2021-12-13,40-49,89.5128858776138
2021-12-14,40-49,89.56261404659026
2021-12-15,40-49,89.60959625767316
2021-12-16,40-49,89.6540958218934
2021-12-17,40-49,89.6972035992361
2021-12-18,40-49,89.70333498466965
2021-12-19,40-49,89.70435061293166
2021-12-20,40-49,89.75513202603167
2021-12-21,40-49,89.80339317640748
2021-12-22,40-49,89.8045592681157
2021-12-23,40-49,89.85462597984618
2021-12-24,40-49,89.89690620823464
2021-12-25,40-49,89.90390275848398
2021-12-26,40-49,89.90488077088442
2021-12-27,40-49,89.95870906877045
2021-12-28,40-49,90.00576651157647
2021-12-29,40-49,90.04744488618005
2021-12-30,40-49,90.08536167462806
2021-12-31,40-49,90.11797462659675
2022-01-01,40-49,90.12256376170653
2022-01-02,40-49,90.12282707273741
2022-01-03,40-49,90.16081909290854
2022-01-04,40-49,90.19136317249166
2022-01-05,40-49,90.22243387413657
2022-01-06,40-49,90.24631994622436
2022-01-07,40-49,90.25380550267393
2022-01-08,40-49,90.25380550267393
2022-01-09,40-49,90.25406881370482
2022-01-10,40-49,90.29239937662994
2022-01-11,40-49,90.33151987264773
2022-01-12,40-49,90.36447136737043
2022-01-13,40-49,90.39520352626133
2022-01-14,40-49,90.40483318681956
2022-01-15,40-49,90.40498365026578
2022-01-16,40-49,90.40535980888134
2022-01-17,40-49,90.44530785385335
2022-01-18,40-49,90.48145669680827
2022-01-19,40-49,90.50714833025071
2022-01-20,40-49,90.53479598849407
2022-01-21,40-49,90.56342165913786
2022-01-22,40-49,90.56707039770873
2022-01-23,40-49,90.56763463563207
2022-01-24,40-49,90.6021659965401
2022-01-25,40-49,90.63271007612322
2022-01-26,40-49,90.65904117921212
2022-01-27,40-49,90.6838676478388
2022-01-28,40-49,90.70534630478703
2022-01-29,40-49,90.70824272612681
2022-01-30,40-49,90.7085060371577
2022-01-31,40-49,90.73506283541593
2022-02-01,40-49,90.75785804751861
2022-02-02,40-49,90.78136796099085
2022-02-03,40-49,90.80111628830753
2022-02-04,40-49,90.81593693776043
2022-02-05,40-49,90.81759203566887
2022-02-06,40-49,90.81770488325354
2022-02-07,40-49,90.83925877192488
2022-02-08,40-49,90.85904471510311
2022-02-09,40-49,90.8781911886349
2022-02-10,40-49,90.89602110701223
2022-02-11,40-49,90.91133076266536
2022-02-12,40-49,90.91291062885068
2022-02-13,40-49,90.91306109229691
2022-02-14,40-49,90.93807564023136
2022-02-15,40-49,90.95710926617849
2022-02-16,40-49,90.97855030726517
2022-02-17,40-49,90.99728300631983
2022-02-18,40-49,91.01699371777497
2022-02-19,40-49,91.01894974257586
2022-02-20,40-49,91.01917543774518
2022-02-21,40-49,91.04366336361787
2022-02-22,40-49,91.06502917298143
2022-02-23,40-49,91.08541696994456
2022-02-24,40-49,91.10275788212167
2022-02-25,40-49,91.11983548326789
2022-02-26,40-49,91.12149058117635
2022-02-27,40-49,91.12175389220724
2022-02-28,40-49,91.14033612781569
2022-03-01,40-49,91.15782750343902
2022-03-02,40-49,91.17573265353948
2022-03-03,40-49,91.1930735657166
2022-03-04,40-49,91.21097871581706
2022-03-05,40-49,91.21293474061794
2022-03-06,40-49,91.21312281992572
2022-03-07,40-49,91.23140412864174
2022-03-08,40-49,91.24885788840352
2022-03-09,40-49,91.26439323922597
2022-03-10,40-49,91.27804779697064
2022-03-11,40-49,91.29110050093044
2022-03-12,40-49,91.29268036711576
2022-03-13,40-49,91.29294367814666
2022-03-14,40-49,91.3091561144771
2022-03-15,40-49,91.32277305636022
2022-03-16,40-49,91.33533675411978
2022-03-17,40-49,91.34872800083357
2022-03-18,40-49,91.35929805793069
2022-03-19,40-49,91.36072746066979
2022-03-20,40-49,91.36102838756224
2022-03-21,40-49,91.37727843975425
2022-03-22,40-49,91.38863842994404
2022-03-23,40-49,91.3998479566876
2022-03-24,40-49,91.41034278206159
2022-03-25,40-49,91.42121376605115
2022-03-26,40-49,91.42275601637493
2022-03-27,40-49,91.42298171154427
2022-03-28,40-49,91.43486832379584
2022-03-29,40-49,91.44427228918472
2022-03-30,40-49,91.4539395656045
2022-03-31,40-49,91.46262882962385
2022-04-01,40-49,91.47075385571985
2022-04-02,40-49,91.47188233156652
2022-04-03,40-49,91.47195756328964
2022-04-04,40-49,91.48267808383297
2022-04-05,40-49,91.49181873819097
2022-04-06,40-49,91.50073369737964
2022-04-07,40-49,91.50784309521364
2022-04-08,40-49,91.51510295649386
2022-04-09,40-49,91.51626904820209
2022-04-10,40-49,91.51634427992519
2022-04-11,40-49,91.52691433702232
2022-04-12,40-49,91.53575406448789
2022-04-13,40-49,91.54463140781499
2022-04-14,40-49,91.55185365323366
2022-04-15,40-49,91.55915113037545
2022-04-16,40-49,91.55994106346812
2022-04-17,40-49,91.55994106346812
2022-04-18,40-49,91.568667943349
2022-04-19,40-49,91.57585257290613
2022-04-20,40-49,91.5834133610788
2022-04-21,40-49,91.58931905134303
2022-04-22,40-49,91.59556328436125
2020-12-24,50-59,
2020-12-25,50-59,
2020-12-26,50-59,
2020-12-27,50-59,
2020-12-28,50-59,
2020-12-29,50-59,
2020-12-30,50-59,
2020-12-31,50-59,
2021-01-01,50-59,
2021-01-02,50-59,
2021-01-03,50-59,
2021-01-04,50-59,
2021-01-05,50-59,
2021-01-06,50-59,
2021-01-07,50-59,
2021-01-08,50-59,
2021-01-09,50-59,
2021-01-10,50-59,
2021-01-11,50-59,
2021-01-12,50-59,
2021-01-13,50-59,
2021-01-14,50-59,
2021-01-15,50-59,
2021-01-16,50-59,
2021-01-17,50-59,
2021-01-18,50-59,
2021-01-19,50-59,
2021-01-20,50-59,
2021-01-21,50-59,0.0
2021-01-22,50-59,0.0
2021-01-23,50-59,0.0
2021-01-24,50-59,0.0
2021-01-25,50-59,0.0
2021-01-26,50-59,0.0
2021-01-27,50-59,0.004681072667801827
2021-01-28,50-59,0.024283064464221977
2021-01-29,50-59,0.03498265913348329
2021-01-30,50-59,0.03531702146689771
2021-01-31,50-59,0.03531702146689771
2021-02-01,50-59,0.03531702146689771
2021-02-02,50-59,0.03531702146689771
2021-02-03,50-59,0.03531702146689771
2021-02-04,50-59,0.03531702146689771
2021-02-05,50-59,0.03535881675857452
2021-02-06,50-59,0.03535881675857452
2021-02-07,50-59,0.03535881675857452
2021-02-08,50-59,0.040666818801528365
2021-02-09,50-59,0.0433835127605205
2021-02-10,50-59,0.0433835127605205
2021-02-11,50-59,0.0433835127605205
2021-02-12,50-59,0.043425308052197305
2021-02-13,50-59,0.043425308052197305
2021-02-14,50-59,0.043425308052197305
2021-02-15,50-59,0.043425308052197305
2021-02-16,50-59,0.043425308052197305
2021-02-17,50-59,0.043425308052197305
2021-02-18,50-59,0.05295463455450817
2021-02-19,50-59,0.055002603846671466
2021-02-20,50-59,0.055044399138348264
2021-02-21,50-59,0.055044399138348264
2021-02-22,50-59,0.11911658127888577
2021-02-23,50-59,0.22611252797149894
2021-02-24,50-59,0.27300684523287083
2021-02-25,50-59,0.29081163948718847
2021-02-26,50-59,0.29194011236246215
2021-02-27,50-59,0.2921072935291693
2021-02-28,50-59,0.2921072935291693
2021-03-01,50-59,0.2921072935291693
2021-03-02,50-59,0.2923162699875534
2021-03-03,50-59,0.2923162699875534
2021-03-04,50-59,0.2923162699875534
2021-03-05,50-59,0.2923162699875534
2021-03-06,50-59,0.2923162699875534
2021-03-07,50-59,0.2923162699875534
2021-03-08,50-59,0.2924416558625838
2021-03-09,50-59,0.29256704173761416
2021-03-10,50-59,0.2934865381545038
2021-03-11,50-59,0.29415526282133264
2021-03-12,50-59,0.2949493733631919
2021-03-13,50-59,0.2949493733631919
2021-03-14,50-59,0.2949493733631919
2021-03-15,50-59,0.296203232113496
2021-03-16,50-59,0.3612367059625999
2021-03-17,50-59,0.9242192848491232
2021-03-18,50-59,1.4000586805895143
2021-03-19,50-59,1.8256601357343891
2021-03-20,50-59,1.8882694826662387
2021-03-21,50-59,1.9004737078358651
2021-03-22,50-59,2.3432530278599053
2021-03-23,50-59,2.893738814535065
2021-03-24,50-59,3.4924563678052545
2021-03-25,50-59,4.1363964266697435
2021-03-26,50-59,4.7015523607234595
2021-03-27,50-59,4.8163640269596355
2021-03-28,50-59,4.825809762878592
2021-03-29,50-59,5.826974179704708
2021-03-30,50-59,7.2627260393862105
2021-03-31,50-59,8.052364485036032
2021-04-01,50-59,8.610624195963076
2021-04-02,50-59,9.050477845569741
2021-04-03,50-59,9.085167937661486
2021-04-04,50-59,9.089389262120843
2021-04-05,50-59,9.915891155029604
2021-04-06,50-59,10.622565946700972
2021-04-07,50-59,10.8788964705548
2021-04-08,50-59,11.07700615310284
2021-04-09,50-59,11.316911127327685
2021-04-10,50-59,11.327861493747006
2021-04-11,50-59,11.328822785455571
2021-04-12,50-59,11.552260414759756
2021-04-13,50-59,11.787567906900152
2021-04-14,50-59,12.032822678459626
2021-04-15,50-59,12.327688461239465
2021-04-16,50-59,12.338429851200402
2021-04-17,50-59,12.344322987326832
2021-04-18,50-59,12.348335335327805
2021-04-19,50-59,15.553031119938277
2021-04-20,50-59,19.263157366796317
2021-04-21,50-59,23.046676145838816
2021-04-22,50-59,27.788937120655483
2021-04-23,50-59,30.14105075035087
2021-04-24,50-59,30.455769296677193
2021-04-25,50-59,30.482142125725254
2021-04-26,50-59,32.525179573470695
2021-04-27,50-59,34.170702002078066
2021-04-28,50-59,35.51642680348773
2021-04-29,50-59,36.68773985273011
2021-04-30,50-59,37.79527328687369
2021-05-01,50-59,37.932779796490365
2021-05-02,50-59,37.95284153649523
2021-05-03,50-59,39.51840957212488
2021-05-04,50-59,40.89113413195777
2021-05-05,50-59,43.43032348719852
2021-05-06,50-59,46.10233827938815
2021-05-07,50-59,48.72800209310821
2021-05-08,50-59,48.91842144198772
2021-05-09,50-59,48.9296225801571
2021-05-10,50-59,52.566147318372295
2021-05-11,50-59,55.67045081237508
2021-05-12,50-59,58.56113857061774
2021-05-13,50-59,61.68044657433251
2021-05-14,50-59,62.45846592889618
2021-05-15,50-59,62.47455711619174
2021-05-16,50-59,62.48609261669454
2021-05-17,50-59,63.98754667489198
2021-05-18,50-59,65.97637562933261
2021-05-19,50-59,68.151193631735
2021-05-20,50-59,69.64683814438935
2021-05-21,50-59,70.80477670029516
2021-05-22,50-59,70.96075672883299
2021-05-23,50-59,70.96836347191817
2021-05-24,50-59,71.82274282437535
2021-05-25,50-59,72.72853038559501
2021-05-26,50-59,73.38480005550416
2021-05-27,50-59,73.93106451771995
2021-05-28,50-59,74.54449401366038
2021-05-29,50-59,74.54879892870309
2021-05-30,50-59,74.55009458274506
2021-05-31,50-59,75.11675514729914
2021-06-01,50-59,75.69938151327376
2021-06-02,50-59,76.21492643610712
2021-06-03,50-59,76.71847611022923
2021-06-04,50-59,76.73080572127388
2021-06-05,50-59,76.79454354108101
2021-06-06,50-59,76.80114719716595
2021-06-07,50-59,77.28756080170058
2021-06-08,50-59,77.68102167754598
2021-06-09,50-59,77.96961816657429
2021-06-10,50-59,78.2146221663837
2021-06-11,50-59,78.55939152742565
2021-06-12,50-59,78.61322386310538
2021-06-13,50-59,78.62062162973217
2021-06-14,50-59,78.92443160493085
2021-06-15,50-59,79.21904661596062
2021-06-16,50-59,79.46902425547957
2021-06-17,50-59,79.69797886328509
2021-06-18,50-59,79.93767486105156
2021-06-19,50-59,79.99029513327265
2021-06-20,50-59,79.99472543419039
2021-06-21,50-59,80.29356176967953
2021-06-22,50-59,80.58320314099976
2021-06-23,50-59,80.85850872727485
2021-06-24,50-59,81.09782856741622
2021-06-25,50-59,81.34793159281021
2021-06-26,50-59,81.37275799606623
2021-06-27,50-59,81.37438801244163
2021-06-28,50-59,81.59682255474556
2021-06-29,50-59,81.83702009601215
2021-06-30,50-59,82.1282496884161
2021-07-01,50-59,82.45090934016102
2021-07-02,50-59,82.65779603396119
2021-07-03,50-59,82.73896249039753
2021-07-04,50-59,82.75150107790057
2021-07-05,50-59,82.88173520676548
2021-07-06,50-59,83.5667182420566
2021-07-07,50-59,84.10286824368661
2021-07-08,50-59,84.56767368242433
2021-07-09,50-59,85.02307518053476
2021-07-10,50-59,85.13408347522835
2021-07-11,50-59,85.14754155914828
2021-07-12,50-59,85.17324566352951
2021-07-13,50-59,85.75482714721221
2021-07-14,50-59,86.13457916738764
2021-07-15,50-59,86.38581066565689
2021-07-16,50-59,86.59620816395791
2021-07-17,50-59,86.64891202676236
2021-07-18,50-59,86.65501413934717
2021-07-19,50-59,86.92066501324493
2021-07-20,50-59,87.19087157393545
2021-07-21,50-59,87.50391830859469
2021-07-22,50-59,87.8051787710011
2021-07-23,50-59,88.11680446574333
2021-07-24,50-59,88.19872323742986
2021-07-25,50-59,88.20887949330732
2021-07-26,50-59,88.45371631195003
2021-07-27,50-59,88.74235459627002
2021-07-28,50-59,88.98560319382901
2021-07-29,50-59,89.22550816805386
2021-07-30,50-59,89.27139939831498
2021-07-31,50-59,89.31152287832471
2021-08-01,50-59,89.31536804515898
2021-08-02,50-59,89.50553662228843
2021-08-03,50-59,89.68245609195633
2021-08-04,50-59,89.82995167628376
2021-08-05,50-59,89.92883933639108
2021-08-06,50-59,90.05710908654719
2021-08-07,50-59,90.08624040484592
2021-08-08,50-59,90.08866453176316
2021-08-09,50-59,90.1914809492881
2021-08-10,50-59,90.2959691784801
2021-08-11,50-59,90.3712842940817
2021-08-12,50-59,90.48555262152608
2021-08-13,50-59,90.57357350579743
2021-08-14,50-59,90.59342626934391
2021-08-15,50-59,90.59434576576079
2021-08-16,50-59,90.6647708322362
2021-08-17,50-59,90.74522676871405
2021-08-18,50-59,90.8447831534882
2021-08-19,50-59,90.91955493029799
2021-08-20,50-59,90.98316736423008
2021-08-21,50-59,90.99152642256544
2021-08-22,50-59,90.99198617077388
2021-08-23,50-59,91.05668528228958
2021-08-24,50-59,91.10855323926049
2021-08-25,50-59,91.2723071920502
2021-08-26,50-59,91.39940667403935
2021-08-27,50-59,91.46841070059776
2021-08-28,50-59,91.4713781663068
2021-08-29,50-59,91.47221407214035
2021-08-30,50-59,91.55200128395136
2021-08-31,50-59,91.63387826034621
2021-09-01,50-59,91.73527363795414
2021-09-02,50-59,91.80741231138829
2021-09-03,50-59,91.87378323457106
2021-09-04,50-59,91.87833892136383
2021-09-05,50-59,91.8791330319057
2021-09-06,50-59,91.9704557442195
2021-09-07,50-59,92.03678487211059
2021-09-08,50-59,92.08317764587184
2021-09-09,50-59,92.13759511563502
2021-09-10,50-59,92.17884706852004
2021-09-11,50-59,92.18185632952076
2021-09-12,50-59,92.18235787302089
2021-09-13,50-59,92.45319136308656
2021-09-14,50-59,92.78910012229302
2021-09-15,50-59,92.84071730751387
2021-09-16,50-59,92.8785002511897
2021-09-17,50-59,92.9116439174894
2021-09-18,50-59,92.91695191953237
2021-09-19,50-59,92.91891629824117
2021-09-20,50-59,93.16517415680089
2021-09-21,50-59,93.40365809110872
2021-09-22,50-59,93.44194257828468
2021-09-23,50-59,93.468022840291
2021-09-24,50-59,93.49034152604641
2021-09-25,50-59,93.49585850454774
2021-09-26,50-59,93.49740493033978
2021-09-27,50-59,93.64456615233381
2021-09-28,50-59,93.7834937018675
2021-09-29,50-59,93.82407693008568
2021-09-30,50-59,93.84668818288281
2021-10-01,50-59,93.85136925555062
2021-10-02,50-59,93.85245593313421
2021-10-03,50-59,93.85312465780105
2021-10-04,50-59,93.93759294227986
2021-10-05,50-59,94.02038941509161
2021-10-06,50-59,94.07982231985602
2021-10-07,50-59,94.11346752965585
2021-10-08,50-59,94.13791777528678
2021-10-09,50-59,94.13925522462043
2021-10-10,50-59,94.13946420107881
2021-10-11,50-59,94.2063366677617
2021-10-12,50-59,94.27417042615315
2021-10-13,50-59,94.30919488057832
2021-10-14,50-59,94.3320987004172
2021-10-15,50-59,94.34927656529636
2021-10-16,50-59,94.35002888054655
2021-10-17,50-59,94.35015426642158
2021-10-18,50-59,94.40540764201832
2021-10-19,50-59,94.45907279653133
2021-10-20,50-59,94.4793017177029
2021-10-21,50-59,94.49576906262355
2021-10-22,50-59,94.51035561941876
2021-10-23,50-59,94.51198563579416
2021-10-24,50-59,94.51206922637752
2021-10-25,50-59,94.51415899096135
2021-10-26,50-59,94.56347743513997
2021-10-27,50-59,94.59862727544018
2021-10-28,50-59,94.62403881277966
2021-10-29,50-59,94.64000461420021
2021-10-30,50-59,94.64079872474206
2021-10-31,50-59,94.64096590590877
2021-11-01,50-59,94.66947029483235
2021-11-02,50-59,94.7012765117984
2021-11-03,50-59,94.72773293142981
2021-11-04,50-59,94.75494166631141
2021-11-05,50-59,94.77935011665066
2021-11-06,50-59,94.78014422719252
2021-11-07,50-59,94.78022781777588
2021-11-08,50-59,94.81583740628452
2021-11-09,50-59,94.85913732846167
2021-11-10,50-59,94.89867567438793
2021-11-11,50-59,94.94080532839814
2021-11-12,50-59,94.97683286982354
2021-11-13,50-59,94.97921520144914
2021-11-14,50-59,94.9796331543659
2021-11-15,50-59,94.9805108554911
2021-11-16,50-59,95.03751963333826
2021-11-17,50-59,95.08123750843221
2021-11-18,50-59,95.11785018394107
2021-11-19,50-59,95.15045051144898
2021-11-20,50-59,95.15375233949145
2021-11-21,50-59,95.15400311124151
2021-11-22,50-59,95.18054312145628
2021-11-23,50-59,95.21389576421437
2021-11-24,50-59,95.24603634351382
2021-11-25,50-59,95.27525125239592
2021-11-26,50-59,95.30434077540298
2021-11-27,50-59,95.30760080815377
2021-11-28,50-59,95.30810235165387
2021-11-29,50-59,95.34784967403851
2021-11-30,50-59,95.38488030246417
2021-12-01,50-59,95.41442957367967
2021-12-02,50-59,95.44431320722857
2021-12-03,50-59,95.47198169031861
2021-12-04,50-59,95.47440581723588
2021-12-05,50-59,95.47457299840258
2021-12-06,50-59,95.5085943658275
2021-12-07,50-59,95.54416215904446
2021-12-08,50-59,95.57743121121919
2021-12-09,50-59,95.6112853974774
2021-12-10,50-59,95.64275725211003
2021-12-11,50-59,95.64722934831946
2021-12-12,50-59,95.6476890965279
2021-12-13,50-59,95.66988239640828
2021-12-14,50-59,95.70766534008412
2021-12-15,50-59,95.74030746288369
2021-12-16,50-59,95.77353471976676
2021-12-17,50-59,95.80366912506572
2021-12-18,50-59,95.80784865423341
2021-12-19,50-59,95.80818301656682
2021-12-20,50-59,95.84851547303494
2021-12-21,50-59,95.88412506154357
2021-12-22,50-59,95.88458480975201
2021-12-23,50-59,95.91873156305196
2021-12-24,50-59,95.95053778001801
2021-12-25,50-59,95.95580398676928
2021-12-26,50-59,95.95663989260281
2021-12-27,50-59,95.99617823852907
2021-12-28,50-59,96.03141166941262
2021-12-29,50-59,96.06146248412824
2021-12-30,50-59,96.08883840017654
2021-12-31,50-59,96.11345582697417
2022-01-01,50-59,96.11679945030832
2022-01-02,50-59,96.11734278910012
2022-01-03,50-59,96.1422527829395
2022-01-04,50-59,96.16528198865342
2022-01-05,50-59,96.18734990265877
2022-01-06,50-59,96.20507110632973
2022-01-07,50-59,96.21167476241467
2022-01-08,50-59,96.21171655770634
2022-01-09,50-59,96.2119673294564
2022-01-10,50-59,96.24231071121376
2022-01-11,50-59,96.26935226492866
2022-01-12,50-59,96.29534893635162
2022-01-13,50-59,96.31833634677386
2022-01-14,50-59,96.3258594992757
2022-01-15,50-59,96.32590129456736
2022-01-16,50-59,96.32598488515072
2022-01-17,50-59,96.35373695882411
2022-01-18,50-59,96.37881413383019
2022-01-19,50-59,96.39657713279284
2022-01-20,50-59,96.41801811742303
2022-01-21,50-59,96.43912473971982
2022-01-22,50-59,96.44113091372031
2022-01-23,50-59,96.44159066192876
2022-01-24,50-59,96.46742015218501
2022-01-25,50-59,96.4894462708987
2022-01-26,50-59,96.50842133331996
2022-01-27,50-59,96.52463790649057
2022-01-28,50-59,96.54014395970265
2022-01-29,50-59,96.5418575666614
2022-01-30,50-59,96.54194115724476
2022-01-31,50-59,96.56162673962453
2022-02-01,50-59,96.57738356458668
2022-02-02,50-59,96.5941016812574
2022-02-03,50-59,96.60710001696889
2022-02-04,50-59,96.61880269863839
2022-02-05,50-59,96.61947142330523
2022-02-06,50-59,96.61968039976361
2022-02-07,50-59,96.63581338235086
2022-02-08,50-59,96.65073430147947
2022-02-09,50-59,96.66410879481604
2022-02-10,50-59,96.67702353994417
2022-02-11,50-59,96.68638568527979
2022-02-12,50-59,96.68713800052996
2022-02-13,50-59,96.68722159111331
2022-02-14,50-59,96.70352175486727
2022-02-15,50-59,96.71869344574596
2022-02-16,50-59,96.73353077429121
2022-02-17,50-59,96.7461529523776
2022-02-18,50-59,96.76065591858945
2022-02-19,50-59,96.76186798204809
2022-02-20,50-59,96.76186798204809
2022-02-21,50-59,96.78059227271929
2022-02-22,50-59,96.79476087659773
2022-02-23,50-59,96.80938922868461
2022-02-24,50-59,96.82176063502095
2022-02-25,50-59,96.83413204135728
2022-02-26,50-59,96.8351769236492
2022-02-27,50-59,96.83526051423254
2022-02-28,50-59,96.84984707102775
2022-03-01,50-59,96.86209309148906
2022-03-02,50-59,96.87571835657569
2022-03-03,50-59,96.88804796762035
2022-03-04,50-59,96.8998342398732
2022-03-05,50-59,96.90125527979022
2022-03-06,50-59,96.90138066566524
2022-03-07,50-59,96.91492234016853
2022-03-08,50-59,96.92729374650487
2022-03-09,50-59,96.93928899521612
2022-03-10,50-59,96.9488601170101
2022-03-11,50-59,96.9587656011375
2022-03-12,50-59,96.96010305047116
2022-03-13,50-59,96.9603956175129
2022-03-14,50-59,96.97188932272401
2022-03-15,50-59,96.98120967276795
2022-03-16,50-59,96.98877462056144
2022-03-17,50-59,96.99776060827196
2022-03-18,50-59,97.00540914664882
2022-03-19,50-59,97.00624505248234
2022-03-20,50-59,97.00637043835738
2022-03-21,50-59,97.01606694602638
2022-03-22,50-59,97.0247185714035
2022-03-23,50-59,97.03416430732246
2022-03-24,50-59,97.04277413740787
2022-03-25,50-59,97.04996292757629
2022-03-26,50-59,97.05088242399317
2022-03-27,50-59,97.05088242399317
2022-03-28,50-59,97.05924148232853
2022-03-29,50-59,97.06601231958018
2022-03-30,50-59,97.07223981804002
2022-03-31,50-59,97.07809115887477
2022-04-01,50-59,97.08511276787647
2022-04-02,50-59,97.08599046900169
2022-04-03,50-59,97.08599046900169
2022-04-04,50-59,97.09359721208686
2022-04-05,50-59,97.10103677400534
2022-04-06,50-59,97.10751504421525
2022-04-07,50-59,97.11257227450814
2022-04-08,50-59,97.11796386713443
2022-04-09,50-59,97.11884156825965
2022-04-10,50-59,97.11896695413468
2022-04-11,50-59,97.12573779138633
2022-04-12,50-59,97.13242503805462
2022-04-13,50-59,97.13790022126427
2022-04-14,50-59,97.14245590805704
2022-04-15,50-59,97.1475967289333
2022-04-16,50-59,97.14818186301677
2022-04-17,50-59,97.14822365830844
2022-04-18,50-59,97.15407499914319
2022-04-19,50-59,97.15992633997796
2022-04-20,50-59,97.16431484560401
2022-04-21,50-59,97.16853617006336
2022-04-22,50-59,97.17305006156447
2020-12-24,60-69,
2020-12-25,60-69,
2020-12-26,60-69,
2020-12-27,60-69,
2020-12-28,60-69,
2020-12-29,60-69,
2020-12-30,60-69,
2020-12-31,60-69,
2021-01-01,60-69,
2021-01-02,60-69,
2021-01-03,60-69,
2021-01-04,60-69,
2021-01-05,60-69,
2021-01-06,60-69,
2021-01-07,60-69,
2021-01-08,60-69,
2021-01-09,60-69,
2021-01-10,60-69,
2021-01-11,60-69,
2021-01-12,60-69,
2021-01-13,60-69,
2021-01-14,60-69,
2021-01-15,60-69,
2021-01-16,60-69,
2021-01-17,60-69,
2021-01-18,60-69,
2021-01-19,60-69,
2021-01-20,60-69,
2021-01-21,60-69,0.0
2021-01-22,60-69,0.0
2021-01-23,60-69,0.0
2021-01-24,60-69,0.0
2021-01-25,60-69,0.0
2021-01-26,60-69,0.0
2021-01-27,60-69,0.0018300438295497177
2021-01-28,60-69,0.008611970962586908
2021-01-29,60-69,0.01178763525504083
2021-01-30,60-69,0.011841460073556997
2021-01-31,60-69,0.011841460073556997
2021-02-01,60-69,0.011841460073556997
2021-02-02,60-69,0.011841460073556997
2021-02-03,60-69,0.011841460073556997
2021-02-04,60-69,0.011841460073556997
2021-02-05,60-69,0.011949109710589333
2021-02-06,60-69,0.011949109710589333
2021-02-07,60-69,0.011949109710589333
2021-02-08,60-69,0.013348554992009706
2021-02-09,60-69,0.01383297835865522
2021-02-10,60-69,0.013886803177171387
2021-02-11,60-69,0.013886803177171387
2021-02-12,60-69,0.013886803177171387
2021-02-13,60-69,0.013886803177171387
2021-02-14,60-69,0.013940627995687557
2021-02-15,60-69,0.013940627995687557
2021-02-16,60-69,0.013994452814203725
2021-02-17,60-69,0.013994452814203725
2021-02-18,60-69,0.017923664565883998
2021-02-19,60-69,0.018354263114013347
2021-02-20,60-69,0.01846191275104568
2021-02-21,60-69,0.01846191275104568
2021-02-22,60-69,0.05199477468661846
2021-02-23,60-69,0.10436632310285009
2021-02-24,60-69,0.1298792870795138
2021-02-25,60-69,0.1393524551383594
2021-02-26,60-69,0.14015982741610192
2021-02-27,60-69,0.1402136522346181
2021-02-28,60-69,0.1402136522346181
2021-03-01,60-69,0.1402136522346181
2021-03-02,60-69,0.14026747705313425
2021-03-03,60-69,0.14026747705313425
2021-03-04,60-69,0.14026747705313425
2021-03-05,60-69,0.14026747705313425
2021-03-06,60-69,0.14026747705313425
2021-03-07,60-69,0.14026747705313425
2021-03-08,60-69,0.1404827763271989
2021-03-09,60-69,0.1405366011457151
2021-03-10,60-69,0.14080572523829593
2021-03-11,60-69,0.1411824989679091
2021-03-12,60-69,0.1413977982419738
2021-03-13,60-69,0.1413977982419738
2021-03-14,60-69,0.1413977982419738
2021-03-15,60-69,0.1432278420715235
2021-03-16,60-69,0.191078105732397
2021-03-17,60-69,0.7455813860859615
2021-03-18,60-69,1.361175835455377
2021-03-19,60-69,1.9758552629100175
2021-03-20,60-69,2.1372220688214894
2021-03-21,60-69,2.2085937781739284
2021-03-22,60-69,3.0476150492039578
2021-03-23,60-69,4.149893507596566
2021-03-24,60-69,5.563548541105207
2021-03-25,60-69,7.274047448730515
2021-03-26,60-69,9.07028929225208
2021-03-27,60-69,9.414821955574071
2021-03-28,60-69,9.49911162137039
2021-03-29,60-69,15.912661696482925
2021-03-30,60-69,21.94637002732686
2021-03-31,60-69,27.602389606642845
2021-04-01,60-69,32.56013981534858
2021-04-02,60-69,37.26216831128399
2021-04-03,60-69,37.492753833807264
2021-04-04,60-69,37.51869739633205
2021-04-05,60-69,40.00884880016406
2021-04-06,60-69,41.595066201835536
2021-04-07,60-69,42.69373839738756
2021-04-08,60-69,43.5837317715524
2021-04-09,60-69,44.471356853702524
2021-04-10,60-69,44.525343146674246
2021-04-11,60-69,44.53605428555896
2021-04-12,60-69,48.40950352525649
2021-04-13,60-69,53.14495723349045
2021-04-14,60-69,58.17994605676689
2021-04-15,60-69,64.29939732350708
2021-04-16,60-69,64.50899116680904
2021-04-17,60-69,64.55673378083287
2021-04-18,60-69,64.57008233582488
2021-04-19,60-69,69.27625534278606
2021-04-20,60-69,70.92302566528821
2021-04-21,60-69,72.08225078167094
2021-04-22,60-69,73.03118233211097
2021-04-23,60-69,73.93522398390853
2021-04-24,60-69,74.07188519812108
2021-04-25,60-69,74.08200426400212
2021-04-26,60-69,74.92942220672067
2021-04-27,60-69,75.63054429271227
2021-04-28,60-69,76.26368563291797
2021-04-29,60-69,76.81818891327154
2021-04-30,60-69,77.36063543427747
2021-05-01,60-69,77.42436401940061
2021-05-02,60-69,77.43103829689663
2021-05-03,60-69,78.01245398650826
2021-05-04,60-69,78.48805008291714
2021-05-05,60-69,78.94044768254552
2021-05-06,60-69,79.31388427341071
2021-05-07,60-69,79.65491832352915
2021-05-08,60-69,79.68909708328691
2021-05-09,60-69,79.69135772566459
2021-05-10,60-69,80.08148001026979
2021-05-11,60-69,80.41304089232936
2021-05-12,60-69,80.70224164221675
2021-05-13,60-69,80.94633719418756
2021-05-14,60-69,81.04887347346087
2021-05-15,60-69,81.05081116692745
2021-05-16,60-69,81.05210296257184
2021-05-17,60-69,81.28247318582103
2021-05-18,60-69,81.49712656206351
2021-05-19,60-69,81.71474030332439
2021-05-20,60-69,81.91007056971957
2021-05-21,60-69,82.09124490884497
2021-05-22,60-69,82.11202128879222
2021-05-23,60-69,82.11315160998106
2021-05-24,60-69,82.28243066421442
2021-05-25,60-69,82.47620001087262
2021-05-26,60-69,82.6342835028546
2021-05-27,60-69,82.77299006017076
2021-05-28,60-69,82.9265522673974
2021-05-29,60-69,82.92768258858622
2021-05-30,60-69,82.92784406304177
2021-05-31,60-69,83.08974911713841
2021-06-01,60-69,83.26085821520131
2021-06-02,60-69,83.41102945886142
2021-06-03,60-69,83.56965119902857
2021-06-04,60-69,83.57298833777658
2021-06-05,60-69,83.5904275789758
2021-06-06,60-69,83.59231144762389
2021-06-07,60-69,83.75405502726497
2021-06-08,60-69,83.88458021216667
2021-06-09,60-69,83.98302580523274
2021-06-10,60-69,84.06527012792544
2021-06-11,60-69,84.18863661196451
2021-06-12,60-69,84.20349226187497
2021-06-13,60-69,84.20586055388968
2021-06-14,60-69,84.32142243924389
2021-06-15,60-69,84.43176331720204
2021-06-16,60-69,84.53349222419759
2021-06-17,60-69,84.6280624303305
2021-06-18,60-69,84.72413973138187
2021-06-19,60-69,84.74319371713659
2021-06-20,60-69,84.7452390602402
2021-06-21,60-69,84.87361125240126
2021-06-22,60-69,84.99848483135877
2021-06-23,60-69,85.11813740292021
2021-06-24,60-69,85.2253026165859
2021-06-25,60-69,85.32966893968876
2021-06-26,60-69,85.33903445811056
2021-06-27,60-69,85.33924975738462
2021-06-28,60-69,85.4443696279467
2021-06-29,60-69,85.54416084147569
2021-06-30,60-69,85.64804274121188
2021-07-01,60-69,85.75219376504067
2021-07-02,60-69,85.79896753233123
2021-07-03,60-69,85.82232750356724
2021-07-04,60-69,85.82518021894859
2021-07-05,60-69,85.84644102226248
2021-07-06,60-69,86.16965905745208
2021-07-07,60-69,86.40363554354185
2021-07-08,60-69,86.62711619002098
2021-07-09,60-69,86.84478375610037
2021-07-10,60-69,86.89559438477963
2021-07-11,60-69,86.90124599072384
2021-07-12,60-69,86.90652082293842
2021-07-13,60-69,87.21848947105812
2021-07-14,60-69,87.43190487647473
2021-07-15,60-69,87.58390616396439
2021-07-16,60-69,87.71292425394765
2021-07-17,60-69,87.74166670703528
2021-07-18,60-69,87.74495002096477
2021-07-19,60-69,87.91762003876464
2021-07-20,60-69,88.08700674263501
2021-07-21,60-69,88.28082991411173
2021-07-22,60-69,88.42852521612011
2021-07-23,60-69,88.56873886835473
2021-07-24,60-69,88.60049551127926
2021-07-25,60-69,88.60372500039023
2021-07-26,60-69,88.74431542635446
2021-07-27,60-69,88.86865075712682
2021-07-28,60-69,88.98055255482193
2021-07-29,60-69,89.09444587080213
2021-07-30,60-69,89.09902098037601
2021-07-31,60-69,89.11441487847164
2021-08-01,60-69,89.11500695147531
2021-08-02,60-69,89.20037311364194
2021-08-03,60-69,89.29058350947506
2021-08-04,60-69,89.36464645975329
2021-08-05,60-69,89.42137781846934
2021-08-06,60-69,89.49850878340301
2021-08-07,60-69,89.51174968875799
2021-08-08,60-69,89.51277236030978
2021-08-09,60-69,89.5643903612668
2021-08-10,60-69,89.64049865464865
2021-08-11,60-69,89.7021818966682
2021-08-12,60-69,89.77522217539463
2021-08-13,60-69,89.83921988461036
2021-08-14,60-69,89.85063074613578
2021-08-15,60-69,89.85127664395797
2021-08-16,60-69,89.89503622141162
2021-08-17,60-69,89.94267118579843
2021-08-18,60-69,90.00134023798105
2021-08-19,60-69,90.04332359642366
2021-08-20,60-69,90.07933240001098
2021-08-21,60-69,90.08035507156279
2021-08-22,60-69,90.08051654601834
2021-08-23,60-69,90.12416847383496
2021-08-24,60-69,90.15818575913717
2021-08-25,60-69,90.27595446205055
2021-08-26,60-69,90.35701463873589
2021-08-27,60-69,90.40228131110798
2021-08-28,60-69,90.40346545711535
2021-08-29,60-69,90.40373458120793
2021-08-30,60-69,90.45147719523176
2021-08-31,60-69,90.50196487499993
2021-09-01,60-69,90.57365953326347
2021-09-02,60-69,90.61865708154299
2021-09-03,60-69,90.66338550572992
2021-09-04,60-69,90.6656461481076
2021-09-05,60-69,90.66591527220018
2021-09-06,60-69,90.72996680623442
2021-09-07,60-69,90.76963569748084
2021-09-08,60-69,90.79708635492409
2021-09-09,60-69,90.83481755270391
2021-09-10,60-69,90.86065346559168
2021-09-11,60-69,90.86210673569161
2021-09-12,60-69,90.86232203496569
2021-09-13,60-69,91.02465768761044
2021-09-14,60-69,91.20642409973955
2021-09-15,60-69,91.23538185210124
2021-09-16,60-69,91.25615823204848
2021-09-17,60-69,91.27214420314779
2021-09-18,60-69,91.27311304988108
2021-09-19,60-69,91.27332834915514
2021-09-20,60-69,91.41628706713408
2021-09-21,60-69,91.54971879223565
2021-09-22,60-69,91.56775010643858
2021-09-23,60-69,91.57991451542323
2021-09-24,60-69,91.59024888057834
2021-09-25,60-69,91.5918098003153
2021-09-26,60-69,91.59224039886344
2021-09-27,60-69,91.67513061937834
2021-09-28,60-69,91.7552757741489
2021-09-29,60-69,91.77691335119242
2021-09-30,60-69,91.78773213971417
2021-10-01,60-69,91.78816273826229
2021-10-02,60-69,91.78816273826229
2021-10-03,60-69,91.78816273826229
2021-10-04,60-69,91.84231050568955
2021-10-05,60-69,91.89532795192797
2021-10-06,60-69,91.93219795261155
2021-10-07,60-69,91.9539970041106
2021-10-08,60-69,91.96901412847662
2021-10-09,60-69,91.96949855184326
2021-10-10,60-69,91.96955237666178
2021-10-11,60-69,92.00927509272671
2021-10-12,60-69,92.05330379427294
2021-10-13,60-69,92.07343427639798
2021-10-14,60-69,92.08796697739734
2021-10-15,60-69,92.0998084374709
2021-10-16,60-69,92.1004543352931
2021-10-17,60-69,92.1004543352931
2021-10-18,60-69,92.13366424831757
2021-10-19,60-69,92.16515176714954
2021-10-20,60-69,92.1776929498638
2021-10-21,60-69,92.18797349020038
2021-10-22,60-69,92.19637016188891
2021-10-23,60-69,92.19690841007406
2021-10-24,60-69,92.19696223489258
2021-10-25,60-69,92.1973390086222
2021-10-26,60-69,92.22888035227267
2021-10-27,60-69,92.24685784165708
2021-10-28,60-69,92.2612828930194
2021-10-29,60-69,92.26897984206722
2021-10-30,60-69,92.26924896615981
2021-10-31,60-69,92.26930279097832
2021-11-01,60-69,92.284911988348
2021-11-02,60-69,92.30520394492859
2021-11-03,60-69,92.32162051457603
2021-11-04,60-69,92.33792943458643
2021-11-05,60-69,92.35090121584882
2021-11-06,60-69,92.35149328885251
2021-11-07,60-69,92.35154711367102
2021-11-08,60-69,92.37296939144045
2021-11-09,60-69,92.3970829101357
2021-11-10,60-69,92.42238057483829
2021-11-11,60-69,92.44762441472238
2021-11-12,60-69,92.46856226912516
2021-11-13,60-69,92.46990788958807
2021-11-14,60-69,92.4700155392251
2021-11-15,60-69,92.47049996259175
2021-11-16,60-69,92.5049478464421
2021-11-17,60-69,92.52997638705212
2021-11-18,60-69,92.55182926336968
2021-11-19,60-69,92.56942997902446
2021-11-20,60-69,92.57061412503182
2021-11-21,60-69,92.57077559948738
2021-11-22,60-69,92.58466240266455
2021-11-23,60-69,92.60635380452656
2021-11-24,60-69,92.62449276836651
2021-11-25,60-69,92.64247025775092
2021-11-26,60-69,92.65851005366873
2021-11-27,60-69,92.6603939223168
2021-11-28,60-69,92.66044774713531
2021-11-29,60-69,92.68396919282688
2021-11-30,60-69,92.70775976261102
2021-12-01,60-69,92.72423015707697
2021-12-02,60-69,92.7416155734577
2021-12-03,60-69,92.75808596792365
2021-12-04,60-69,92.75948541320506
2021-12-05,60-69,92.75953923802356
2021-12-06,60-69,92.77977736978565
2021-12-07,60-69,92.80383706366237
2021-12-08,60-69,92.82746615899097
2021-12-09,60-69,92.84921138567151
2021-12-10,60-69,92.86961099188915
2021-12-11,60-69,92.87214075835941
2021-12-12,60-69,92.8724637072705
2021-12-13,60-69,92.8858122622625
2021-12-14,60-69,92.91439324089458
2021-12-15,60-69,92.93699966467138
2021-12-16,60-69,92.96127465782217
2021-12-17,60-69,92.98140513994721
2021-12-18,60-69,92.983988731236
2021-12-19,60-69,92.98415020569153
2021-12-20,60-69,93.01009376821634
2021-12-21,60-69,93.03415346209306
2021-12-22,60-69,93.03442258618566
2021-12-23,60-69,93.05945112679566
2021-12-24,60-69,93.07839746291336
2021-12-25,60-69,93.08076575492807
2021-12-26,60-69,93.08103487902065
2021-12-27,60-69,93.10794728827874
2021-12-28,60-69,93.13136108433326
2021-12-29,60-69,93.15138391682127
2021-12-30,60-69,93.17081467630561
2021-12-31,60-69,93.18680064740492
2022-01-01,60-69,93.18895364014557
2022-01-02,60-69,93.18906128978259
2022-01-03,60-69,93.20488578642635
2022-01-04,60-69,93.22114088161824
2022-01-05,60-69,93.2347047358843
2022-01-06,60-69,93.24719209378006
2022-01-07,60-69,93.2516595537169
2022-01-08,60-69,93.2516595537169
2022-01-09,60-69,93.25182102817244
2022-01-10,60-69,93.27184386066047
2022-01-11,60-69,93.28965987558931
2022-01-12,60-69,93.30586114596268
2022-01-13,60-69,93.32044767178056
2022-01-14,60-69,93.32502278135443
2022-01-15,60-69,93.32507660617296
2022-01-16,60-69,93.32507660617296
2022-01-17,60-69,93.34300027073884
2022-01-18,60-69,93.35973978929736
2022-01-19,60-69,93.37104300118575
2022-01-20,60-69,93.38460685545184
2022-01-21,60-69,93.3974709870772
2022-01-22,60-69,93.39849365862901
2022-01-23,60-69,93.39870895790308
2022-01-24,60-69,93.41480257863941
2022-01-25,60-69,93.42863555699806
2022-01-26,60-69,93.44182263753453
2022-01-27,60-69,93.45350262315253
2022-01-28,60-69,93.46448288612983
2022-01-29,60-69,93.46534408322609
2022-01-30,60-69,93.46534408322609
2022-01-31,60-69,93.4777237914848
2022-02-01,60-69,93.48692783545107
2022-02-02,60-69,93.4980157480654
2022-02-03,60-69,93.50571269711321
2022-02-04,60-69,93.51174107678702
2022-02-05,60-69,93.51206402569812
2022-02-06,60-69,93.51206402569812
2022-02-07,60-69,93.52406696022723
2022-02-08,60-69,93.53429367574529
2022-02-09,60-69,93.54435891680782
2022-02-10,60-69,93.55313236222595
2022-02-11,60-69,93.56039871272564
2022-02-12,60-69,93.5606140119997
2022-02-13,60-69,93.56066783681823
2022-02-14,60-69,93.57213252316217
2022-02-15,60-69,93.58198246495061
2022-02-16,60-69,93.59204770601315
2022-02-17,60-69,93.60049820252019
2022-02-18,60-69,93.61024049467161
2022-02-19,60-69,93.61077874285677
2022-02-20,60-69,93.61104786694936
2022-02-21,60-69,93.62175900583406
2022-02-22,60-69,93.63333134181505
2022-02-23,60-69,93.64371953178868
2022-02-24,60-69,93.65152413047352
2022-02-25,60-69,93.66142789708049
2022-02-26,60-69,93.66196614526565
2022-02-27,60-69,93.66207379490268
2022-02-28,60-69,93.67192373669114
2022-03-01,60-69,93.68085865656482
2022-03-02,60-69,93.69038564944219
2022-03-03,60-69,93.69958969340844
2022-03-04,60-69,93.70895521183027
2022-03-05,60-69,93.709762584108
2022-03-06,60-69,93.70981640892653
2022-03-07,60-69,93.7193972266224
2022-03-08,60-69,93.72800919758498
2022-03-09,60-69,93.73500642399209
2022-03-10,60-69,93.74151922703254
2022-03-11,60-69,93.7483549789841
2022-03-12,60-69,93.74873175271371
2022-03-13,60-69,93.74883940235075
2022-03-14,60-69,93.75755902295036
2022-03-15,60-69,93.76353357780566
2022-03-16,60-69,93.76923900856838
2022-03-17,60-69,93.77612858533844
2022-03-18,60-69,93.78215696501225
2022-03-19,60-69,93.78280286283444
2022-03-20,60-69,93.78285668765297
2022-03-21,60-69,93.78953096514897
2022-03-22,60-69,93.79652819155608
2022-03-23,60-69,93.80314864423356
2022-03-24,60-69,93.8096076224555
2022-03-25,60-69,93.81488245467008
2022-03-26,60-69,93.81574365176634
2022-03-27,60-69,93.81585130140337
2022-03-28,60-69,93.82214880516977
2022-03-29,60-69,93.82774658629545
2022-03-30,60-69,93.83329054260261
2022-03-31,60-69,93.83808095145055
2022-04-01,60-69,93.84174103910965
2022-04-02,60-69,93.84217163765778
2022-04-03,60-69,93.84227928729482
2022-04-04,60-69,93.84760794432792
2022-04-05,60-69,93.85342102472765
2022-04-06,60-69,93.85869585694225
2022-04-07,60-69,93.86289419278651
2022-04-08,60-69,93.86606985707895
2022-04-09,60-69,93.86633898117154
2022-04-10,60-69,93.86633898117154
2022-04-11,60-69,93.87155998856761
2022-04-12,60-69,93.87672717114516
2022-04-13,60-69,93.88065638289685
2022-04-14,60-69,93.88437029537445
2022-04-15,60-69,93.88711536111877
2022-04-16,60-69,93.8874921348484
2022-04-17,60-69,93.8874921348484
2022-04-18,60-69,93.89190576996673
2022-04-19,60-69,93.89529673353324
2022-04-20,60-69,93.89841857300718
2022-04-21,60-69,93.90154041248111
2022-04-22,60-69,93.90407017895137
2020-12-24,>=70,
2020-12-25,>=70,
2020-12-26,>=70,
2020-12-27,>=70,
2020-12-28,>=70,
2020-12-29,>=70,
2020-12-30,>=70,
2020-12-31,>=70,
2021-01-01,>=70,
2021-01-02,>=70,
2021-01-03,>=70,
2021-01-04,>=70,
2021-01-05,>=70,
2021-01-06,>=70,
2021-01-07,>=70,
2021-01-08,>=70,
2021-01-09,>=70,
2021-01-10,>=70,
2021-01-11,>=70,
2021-01-12,>=70,
2021-01-13,>=70,
2021-01-14,>=70,
2021-01-15,>=70,
2021-01-16,>=70,
2021-01-17,>=70,
2021-01-18,>=70,
2021-01-19,>=70,
2021-01-20,>=70,
2021-01-21,>=70,0.0
2021-01-22,>=70,0.0
2021-01-23,>=70,0.0
2021-01-24,>=70,0.0
2021-01-25,>=70,0.0
2021-01-26,>=70,0.0
2021-01-27,>=70,0.00012388779729974157
2021-01-28,>=70,0.000867214581098191
2021-01-29,>=70,0.0010530462770478033
2021-01-30,>=70,0.0010530462770478033
2021-01-31,>=70,0.0010530462770478033
2021-02-01,>=70,0.0010530462770478033
2021-02-02,>=70,0.0010530462770478033
2021-02-03,>=70,0.0010530462770478033
2021-02-04,>=70,0.0010530462770478033
2021-02-05,>=70,0.0010530462770478033
2021-02-06,>=70,0.0010530462770478033
2021-02-07,>=70,0.0010530462770478033
2021-02-08,>=70,0.001114990175697674
2021-02-09,>=70,0.001114990175697674
2021-02-10,>=70,0.001114990175697674
2021-02-11,>=70,0.001114990175697674
2021-02-12,>=70,0.001114990175697674
2021-02-13,>=70,0.001114990175697674
2021-02-14,>=70,0.001114990175697674
2021-02-15,>=70,0.001114990175697674
2021-02-16,>=70,0.001114990175697674
2021-02-17,>=70,0.001114990175697674
2021-02-18,>=70,0.0014247096689470281
2021-02-19,>=70,0.0016105413648966403
2021-02-20,>=70,0.0016105413648966403
2021-02-21,>=70,0.0016105413648966403
2021-02-22,>=70,0.012760443121873381
2021-02-23,>=70,0.032148883399282936
2021-02-24,>=70,0.042555458372461226
2021-02-25,>=70,0.04819235314959947
2021-02-26,>=70,0.04819235314959947
2021-02-27,>=70,0.04819235314959947
2021-02-28,>=70,0.04819235314959947
2021-03-01,>=70,0.04819235314959947
2021-03-02,>=70,0.04837818484554909
2021-03-03,>=70,0.04837818484554909
2021-03-04,>=70,0.04837818484554909
2021-03-05,>=70,0.04837818484554909
2021-03-06,>=70,0.04837818484554909
2021-03-07,>=70,0.04837818484554909
2021-03-08,>=70,0.04837818484554909
2021-03-09,>=70,0.04844012874419896
2021-03-10,>=70,0.04943123112259688
2021-03-11,>=70,0.04974095061584625
2021-03-12,>=70,0.04974095061584625
2021-03-13,>=70,0.04974095061584625
2021-03-14,>=70,0.04974095061584625
2021-03-15,>=70,0.05073205299424417
2021-03-16,>=70,0.08808422388011626
2021-03-17,>=70,3.448540725635606
2021-03-18,>=70,8.390548847719598
2021-03-19,>=70,13.665009873857445
2021-03-20,>=70,14.505464690738892
2021-03-21,>=70,14.771204015946838
2021-03-22,>=70,23.721973483055866
2021-03-23,>=70,33.10938549174784
2021-03-24,>=70,43.55597622345394
2021-03-25,>=70,52.354735363276184
2021-03-26,>=70,60.26113069914839
2021-03-27,>=70,60.80475035369967
2021-03-28,>=70,60.87679110782946
2021-03-29,>=70,65.73313081808068
2021-03-30,>=70,68.24960170073167
2021-03-31,>=70,70.10098094357902
2021-04-01,>=70,71.67850621049527
2021-04-02,>=70,73.00280481973087
2021-04-03,>=70,73.14081582592277
2021-04-04,>=70,73.15741679076095
2021-04-05,>=70,74.67572369056793
2021-04-06,>=70,75.85711772561827
2021-04-07,>=70,76.79959414357604
2021-04-08,>=70,77.59055578543624
2021-04-09,>=70,78.31920186525467
2021-04-10,>=70,78.35680181173514
2021-04-11,>=70,78.35977511887035
2021-04-12,>=70,78.87632528971162
2021-04-13,>=70,79.31321560688916
2021-04-14,>=70,79.72774417665408
2021-04-15,>=70,80.18204072935224
2021-04-16,>=70,80.19430562128491
2021-04-17,>=70,80.19876558198771
2021-04-18,>=70,80.20000445996071
2021-04-19,>=70,80.73216449326173
2021-04-20,>=70,81.10196956820147
2021-04-21,>=70,81.44290878637037
2021-04-22,>=70,81.79245820645158
2021-04-23,>=70,82.13259215393802
2021-04-24,>=70,82.16913905414145
2021-04-25,>=70,82.17242208076989
2021-04-26,>=70,82.48907929066803
2021-04-27,>=70,82.76677378831539
2021-04-28,>=70,83.02873453570571
2021-04-29,>=70,83.27112101112264
2021-04-30,>=70,83.5042159017421
2021-05-01,>=70,83.52911734899936
2021-05-02,>=70,83.53147121714805
2021-05-03,>=70,83.75880532519308
2021-05-04,>=70,83.9614238176768
2021-05-05,>=70,84.14477775768042
2021-05-06,>=70,84.30378774551464
2021-05-07,>=70,84.44904618784858
2021-05-08,>=70,84.46112524808531
2021-05-09,>=70,84.46224023826102
2021-05-10,>=70,84.61747164827759
2021-05-11,>=70,84.7572170836317
2021-05-12,>=70,84.88909564385727
2021-05-13,>=70,85.00338213686628
2021-05-14,>=70,85.0495922852591
2021-05-15,>=70,85.05101699492803
2021-05-16,>=70,85.05151254611724
2021-05-17,>=70,85.15093250345028
2021-05-18,>=70,85.25382131910771
2021-05-19,>=70,85.35615263967729
2021-05-20,>=70,85.45185596309135
2021-05-21,>=70,85.52910000470774
2021-05-22,>=70,85.53771020662006
2021-05-23,>=70,85.53808187001198
2021-05-24,>=70,85.61489230433781
2021-05-25,>=70,85.7085514790964
2021-05-26,>=70,85.7810877844154
2021-05-27,>=70,85.85207549226817
2021-05-28,>=70,85.92275348062766
2021-05-29,>=70,85.92318708791822
2021-05-30,>=70,85.92331097571552
2021-05-31,>=70,85.99336952508851
2021-06-01,>=70,86.06980829602246
2021-06-02,>=70,86.13367245553047
2021-06-03,>=70,86.20794319001168
2021-06-04,>=70,86.20887234849141
2021-06-05,>=70,86.21481896276181
2021-06-06,>=70,86.215314513951
2021-06-07,>=70,86.2895852484322
2021-06-08,>=70,86.35598910778486
2021-06-09,>=70,86.40622560958991
2021-06-10,>=70,86.45361269205706
2021-06-11,>=70,86.51530881511232
2021-06-12,>=70,86.52125542938272
2021-06-13,>=70,86.52206070006517
2021-06-14,>=70,86.57719076986355
2021-06-15,>=70,86.63448887611467
2021-06-16,>=70,86.68924728252117
2021-06-17,>=70,86.74146598908301
2021-06-18,>=70,86.79095916410425
2021-06-19,>=70,86.79857826363819
2021-06-20,>=70,86.79907381482738
2021-06-21,>=70,86.8624424231462
2021-06-22,>=70,86.92810295571508
2021-06-23,>=70,86.98794076181085
2021-06-24,>=70,87.04133640244703
2021-06-25,>=70,87.09188262374533
2021-06-26,>=70,87.09597092105622
2021-06-27,>=70,87.09615675275217
2021-06-28,>=70,87.14273856453687
2021-06-29,>=70,87.18727622766613
2021-06-30,>=70,87.23138028350483
2021-07-01,>=70,87.27994430004632
2021-07-02,>=70,87.30286354254679
2021-07-03,>=70,87.31023486648613
2021-07-04,>=70,87.31066847377666
2021-07-05,>=70,87.3171725831349
2021-07-06,>=70,87.47091733958389
2021-07-07,>=70,87.57913333052521
2021-07-08,>=70,87.69571174778427
2021-07-09,>=70,87.79990138531335
2021-07-10,>=70,87.82003315237455
2021-07-11,>=70,87.82263479611785
2021-07-12,>=70,87.8250506081652
2021-07-13,>=70,87.9926088540131
2021-07-14,>=70,88.11005448585325
2021-07-15,>=70,88.19126293698322
2021-07-16,>=70,88.25723318904535
2021-07-17,>=70,88.26856892249828
2021-07-18,>=70,88.26980780047127
2021-07-19,>=70,88.36179448996633
2021-07-20,>=70,88.45340951606948
2021-07-21,>=70,88.55512139765257
2021-07-22,>=70,88.64004648270155
2021-07-23,>=70,88.71270667581784
2021-07-24,>=70,88.72744932369652
2021-07-25,>=70,88.72887403336546
2021-07-26,>=70,88.80091478749527
2021-07-27,>=70,88.87060167347637
2021-07-28,>=70,88.93366056230192
2021-07-29,>=70,89.00371911167494
2021-07-30,>=70,89.00520576524254
2021-07-31,>=70,89.01078071612102
2021-08-01,>=70,89.01121432341156
2021-08-02,>=70,89.05457505246648
2021-08-03,>=70,89.10685570292696
2021-08-04,>=70,89.15065003927242
2021-08-05,>=70,89.18379002505011
2021-08-06,>=70,89.22281468119954
2021-08-07,>=70,89.22888518326721
2021-08-08,>=70,89.22962851005101
2021-08-09,>=70,89.25552105968666
2021-08-10,>=70,89.30117371299163
2021-08-11,>=70,89.33747283760044
2021-08-12,>=70,89.38343521039864
2021-08-13,>=70,89.42122098857507
2021-08-14,>=70,89.42673399555491
2021-08-15,>=70,89.42685788335221
2021-08-16,>=70,89.44897185517021
2021-08-17,>=70,89.4777757680424
2021-08-18,>=70,89.51134936111063
2021-08-19,>=70,89.53222445495564
2021-08-20,>=70,89.54963069047625
2021-08-21,>=70,89.55037401726005
2021-08-22,>=70,89.5504359611587
2021-08-23,>=70,89.57917793013223
2021-08-24,>=70,89.60562797485572
2021-08-25,>=70,89.67605818762064
2021-08-26,>=70,89.72579913823648
2021-08-27,>=70,89.75324028533838
2021-08-28,>=70,89.75466499500733
2021-08-29,>=70,89.75485082670328
2021-08-30,>=70,89.78594666382551
2021-08-31,>=70,89.81852915451533
2021-09-01,>=70,89.8633145932392
2021-09-02,>=70,89.89026018915189
2021-09-03,>=70,89.91404664623343
2021-09-04,>=70,89.91615273878753
2021-09-05,>=70,89.91627662658483
2021-09-06,>=70,89.95269963899096
2021-09-07,>=70,89.98014078609286
2021-09-08,>=70,89.99872395568781
2021-09-09,>=70,90.02529788820861
2021-09-10,>=70,90.04177496524947
2021-09-11,>=70,90.04288995542518
2021-09-12,>=70,90.04307578712113
2021-09-13,>=70,90.13791189595408
2021-09-14,>=70,90.24309263586156
2021-09-15,>=70,90.26105636647002
2021-09-16,>=70,90.27400264128784
2021-09-17,>=70,90.28248895540287
2021-09-18,>=70,90.28335616998396
2021-09-19,>=70,90.28354200167992
2021-09-20,>=70,90.3662371063775
2021-09-21,>=70,90.44924193056832
2021-09-22,>=70,90.4596485055415
2021-09-23,>=70,90.46801093185923
2021-09-24,>=70,90.47550614359587
2021-09-25,>=70,90.47612558258237
2021-09-26,>=70,90.47624947037967
2021-09-27,>=70,90.5334236888335
2021-09-28,>=70,90.59332343882792
2021-09-29,>=70,90.61116328163908
2021-09-30,>=70,90.61878238117302
2021-10-01,>=70,90.61903015676762
2021-10-02,>=70,90.61909210066626
2021-10-03,>=70,90.61909210066626
2021-10-04,>=70,90.652046254748
2021-10-05,>=70,90.69088507920146
2021-10-06,>=70,90.71807845070876
2021-10-07,>=70,90.73393608876313
2021-10-08,>=70,90.74545765391201
2021-10-09,>=70,90.74589126120254
2021-10-10,>=70,90.7459532051012
2021-10-11,>=70,90.77271296931795
2021-10-12,>=70,90.80256992846718
2021-10-13,>=70,90.81681702515667
2021-10-14,>=70,90.82542722706899
2021-10-15,>=70,90.83409937287998
2021-10-16,>=70,90.83453298017052
2021-10-17,>=70,90.83453298017052
2021-10-18,>=70,90.85670889588717
2021-10-19,>=70,90.87832731651598
2021-10-20,>=70,90.88786667690806
2021-10-21,>=70,90.89622910322579
2021-10-22,>=70,90.90329070767189
2021-10-23,>=70,90.90372431496242
2021-10-24,>=70,90.90372431496242
2021-10-25,>=70,90.90372431496242
2021-10-26,>=70,90.92577634288178
2021-10-27,>=70,90.93977566397665
2021-10-28,>=70,90.94894336097683
2021-10-29,>=70,90.95439442405802
2021-10-30,>=70,90.95482803134857
2021-10-31,>=70,90.95488997524723
2021-11-01,>=70,90.96703097938259
2021-11-02,>=70,90.97904809572067
2021-11-03,>=70,90.99403851919394
2021-11-04,>=70,91.00624146722797
2021-11-05,>=70,91.01664804220114
2021-11-06,>=70,91.01720553728899
2021-11-07,>=70,91.01720553728899
2021-11-08,>=70,91.0313906900798
2021-11-09,>=70,91.04687666474227
2021-11-10,>=70,91.0631679100872
2021-11-11,>=70,91.07989276272266
2021-11-12,>=70,91.09345847652698
2021-11-13,>=70,91.09432569110808
2021-11-14,>=70,91.09438763500673
2021-11-15,>=70,91.09463541060133
2021-11-16,>=70,91.11433357037198
2021-11-17,>=70,91.13000537673041
2021-11-18,>=70,91.14419052952123
2021-11-19,>=70,91.15552626297415
2021-11-20,>=70,91.15589792636605
2021-11-21,>=70,91.1559598702647
2021-11-22,>=70,91.16401257708918
2021-11-23,>=70,91.17410943256911
2021-11-24,>=70,91.18724153908289
2021-11-25,>=70,91.19913476762366
2021-11-26,>=70,91.20941745479954
2021-11-27,>=70,91.21034661327928
2021-11-28,>=70,91.21034661327928
2021-11-29,>=70,91.2245317660701
2021-11-30,>=70,91.23846914326633
2021-12-01,>=70,91.25302595944905
2021-12-02,>=70,91.26454752459793
2021-12-03,>=70,91.275325762963
2021-12-04,>=70,91.2761929775441
2021-12-05,>=70,91.2764407531387
2021-12-06,>=70,91.28994452304437
2021-12-07,>=70,91.30481105872033
2021-12-08,>=70,91.32141202355851
2021-12-09,>=70,91.33788910059937
2021-12-10,>=70,91.35108315101179
2021-12-11,>=70,91.35256980457939
2021-12-12,>=70,91.35256980457939
2021-12-13,>=70,91.36223305276877
2021-12-14,>=70,91.38075427846508
2021-12-15,>=70,91.3928333387018
2021-12-16,>=70,91.40739015488452
2021-12-17,>=70,91.42095586868885
2021-12-18,>=70,91.42194697106724
2021-12-19,>=70,91.42213280276319
2021-12-20,>=70,91.44158318693925
2021-12-21,>=70,91.45911331025717
2021-12-22,>=70,91.45923719805447
2021-12-23,>=70,91.47899730172378
2021-12-24,>=70,91.49212940823755
2021-12-25,>=70,91.49312051061594
2021-12-26,>=70,91.4933063423119
2021-12-27,>=70,91.51182756800821
2021-12-28,>=70,91.52787103775853
2021-12-29,>=70,91.54248979783989
2021-12-30,>=70,91.55679883842801
2021-12-31,>=70,91.56701958170524
2022-01-01,>=70,91.56776290848903
2022-01-02,>=70,91.56782485238769
2022-01-03,>=70,91.58114279059741
2022-01-04,>=70,91.59037243149625
2022-01-05,>=70,91.60139844545591
2022-01-06,>=70,91.61044225465879
2022-01-07,>=70,91.61372528128724
2022-01-08,>=70,91.61372528128724
2022-01-09,>=70,91.61378722518589
2022-01-10,>=70,91.62760071458482
2022-01-11,>=70,91.64153809178104
2022-01-12,>=70,91.65256410574071
2022-01-13,>=70,91.66588204395043
2022-01-14,>=70,91.66910312668023
2022-01-15,>=70,91.66910312668023
2022-01-16,>=70,91.66916507057887
2022-01-17,>=70,91.68050080403181
2022-01-18,>=70,91.69319930325503
2022-01-19,>=70,91.70088034668761
2022-01-20,>=70,91.7112869216608
2022-01-21,>=70,91.71915379678933
2022-01-22,>=70,91.71989712357312
2022-01-23,>=70,91.72008295526906
2022-01-24,>=70,91.7315425765193
2022-01-25,>=70,91.74201109539113
2022-01-26,>=70,91.75111684849266
2022-01-27,>=70,91.76009871379689
2022-01-28,>=70,91.76796558892542
2022-01-29,>=70,91.76858502791193
2022-01-30,>=70,91.76858502791193
2022-01-31,>=70,91.7765138469391
2022-02-01,>=70,91.78307990019599
2022-02-02,>=70,91.79026539243938
2022-02-03,>=70,91.79856587485847
2022-02-04,>=70,91.8024683404734
2022-02-05,>=70,91.80277805996666
2022-02-06,>=70,91.80277805996666
2022-02-07,>=70,91.81064493509518
2022-02-08,>=70,91.81783042733856
2022-02-09,>=70,91.8247062000887
2022-02-10,>=70,91.83152002894019
2022-02-11,>=70,91.83548443845379
2022-02-12,>=70,91.83560832625108
2022-02-13,>=70,91.83560832625108
2022-02-14,>=70,91.84366103307556
2022-02-15,>=70,91.8510323570149
2022-02-16,>=70,91.86050977350833
2022-02-17,>=70,91.86893414372472
2022-02-18,>=70,91.87847350411678
2022-02-19,>=70,91.87915488700193
2022-02-20,>=70,91.87921683090059
2022-02-21,>=70,91.88708370602913
2022-02-22,>=70,91.89594168353605
2022-02-23,>=70,91.90504743663759
2022-02-24,>=70,91.91235681667827
2022-02-25,>=70,91.91954230892165
2022-02-26,>=70,91.9202236918068
2022-02-27,>=70,91.9202236918068
2022-02-28,>=70,91.92728529625289
2022-03-01,>=70,91.93589549816522
2022-03-02,>=70,91.9455587463546
2022-03-03,>=70,91.95361145317908
2022-03-04,>=70,91.96067305762517
2022-03-05,>=70,91.96123055271302
2022-03-06,>=70,91.96123055271302
2022-03-07,>=70,91.9684160449564
2022-03-08,>=70,91.97615903228764
2022-03-09,>=70,91.98328258063238
2022-03-10,>=70,91.98991057778791
2022-03-11,>=70,91.99548552866639
2022-03-12,>=70,91.99622885545018
2022-03-13,>=70,91.99622885545018
2022-03-14,>=70,92.00267102090979
2022-03-15,>=70,92.00775042059908
2022-03-16,>=70,92.01344925927486
2022-03-17,>=70,92.01914809795065
2022-03-18,>=70,92.02397972204534
2022-03-19,>=70,92.02428944153858
2022-03-20,>=70,92.02428944153858
2022-03-21,>=70,92.02986439241707
2022-03-22,>=70,92.03550128719421
2022-03-23,>=70,92.04144790146461
2022-03-24,>=70,92.04689896454579
2022-03-25,>=70,92.05061559846477
2022-03-26,>=70,92.05098726185669
2022-03-27,>=70,92.05098726185669
2022-03-28,>=70,92.05656221273517
2022-03-29,>=70,92.06188938801905
2022-03-30,>=70,92.06746433889754
2022-03-31,>=70,92.07223401909359
2022-04-01,>=70,92.07774702607342
2022-04-02,>=70,92.07830452116127
2022-04-03,>=70,92.07830452116127
2022-04-04,>=70,92.08264059406676
2022-04-05,>=70,92.0887730400331
2022-04-06,>=70,92.09267550564805
2022-04-07,>=70,92.09645408346569
2022-04-08,>=70,92.10165737095227
2022-04-09,>=70,92.10233875383742
2022-04-10,>=70,92.10233875383742
2022-04-11,>=70,92.10741815352671
2022-04-12,>=70,92.1108870118511
2022-04-13,>=70,92.1152230847566
2022-04-14,>=70,92.11856805528369
2022-04-15,>=70,92.12247052089863
2022-04-16,>=70,92.12259440869593
2022-04-17,>=70,92.12259440869593
2022-04-18,>=70,92.12649687431087
2022-04-19,>=70,92.12953212534471
2022-04-20,>=70,92.13269126417586
2022-04-21,>=70,92.1349831884259
2022-04-22,>=70,92.13708928098
