Fecha,Edad,Susceptibles
2020-03-16,<=19,3046000.0
2020-03-17,<=19,3046000.0
2020-03-18,<=19,3046000.0
2020-03-19,<=19,3046000.0
2020-03-20,<=19,3046000.0
2020-03-21,<=19,3046000.0
2020-03-22,<=19,3046000.0
2020-03-23,<=19,3046000.0
2020-03-24,<=19,3046000.0
2020-03-25,<=19,3046000.0
2020-03-26,<=19,3046000.0
2020-03-27,<=19,3046000.0
2020-03-28,<=19,3046000.0
2020-03-29,<=19,3046000.0
2020-03-30,<=19,3046000.0
2020-03-31,<=19,3046000.0
2020-04-01,<=19,3046000.0
2020-04-02,<=19,3046000.0
2020-04-03,<=19,3046000.0
2020-04-04,<=19,3046000.0
2020-04-05,<=19,3046000.0
2020-04-06,<=19,3046000.0
2020-04-07,<=19,3045999.0
2020-04-08,<=19,3045999.0
2020-04-09,<=19,3045959.0
2020-04-10,<=19,3045926.0
2020-04-11,<=19,3045878.0
2020-04-12,<=19,3045850.0
2020-04-13,<=19,3045822.0
2020-04-14,<=19,3045773.0
2020-04-15,<=19,3045709.0
2020-04-16,<=19,3045672.0
2020-04-17,<=19,3045566.0
2020-04-18,<=19,3045476.0
2020-04-19,<=19,3045428.0
2020-04-20,<=19,3045377.0
2020-04-21,<=19,3045331.0
2020-04-22,<=19,3045184.0
2020-04-23,<=19,3045091.0
2020-04-24,<=19,3044997.0
2020-04-25,<=19,3044906.0
2020-04-26,<=19,3044842.0
2020-04-27,<=19,3044775.0
2020-04-28,<=19,3044702.0
2020-04-29,<=19,3044613.0
2020-04-30,<=19,3044522.0
2020-05-01,<=19,3044415.0
2020-05-02,<=19,3044332.0
2020-05-03,<=19,3044263.0
2020-05-04,<=19,3044175.0
2020-05-05,<=19,3044082.0
2020-05-06,<=19,3043990.0
2020-05-07,<=19,3043879.0
2020-05-08,<=19,3043783.0
2020-05-09,<=19,3043666.0
2020-05-10,<=19,3043558.0
2020-05-11,<=19,3043460.0
2020-05-12,<=19,3043321.0
2020-05-13,<=19,3043168.0
2020-05-14,<=19,3042996.0
2020-05-15,<=19,3042732.0
2020-05-16,<=19,3042391.0
2020-05-17,<=19,3042142.0
2020-05-18,<=19,3041934.0
2020-05-19,<=19,3041688.0
2020-05-20,<=19,3041410.0
2020-05-21,<=19,3041104.0
2020-05-22,<=19,3040798.0
2020-05-23,<=19,3040512.0
2020-05-24,<=19,3040237.0
2020-05-25,<=19,3039890.0
2020-05-26,<=19,3039458.0
2020-05-27,<=19,3038942.0
2020-05-28,<=19,3038405.0
2020-05-29,<=19,3037912.0
2020-05-30,<=19,3037462.0
2020-05-31,<=19,3037038.0
2020-06-01,<=19,3036493.0
2020-06-02,<=19,3035803.0
2020-06-03,<=19,3034970.0
2020-06-04,<=19,3034077.0
2020-06-05,<=19,3033212.0
2020-06-06,<=19,3032372.0
2020-06-07,<=19,3031552.0
2020-06-08,<=19,3030726.0
2020-06-09,<=19,3029887.0
2020-06-10,<=19,3029034.0
2020-06-11,<=19,3028145.0
2020-06-12,<=19,3027190.0
2020-06-13,<=19,3026175.0
2020-06-14,<=19,3025117.0
2020-06-15,<=19,3024132.0
2020-06-16,<=19,3023238.0
2020-06-17,<=19,3022434.0
2020-06-18,<=19,3021621.0
2020-06-19,<=19,3020694.0
2020-06-20,<=19,3019655.0
2020-06-21,<=19,3018515.0
2020-06-22,<=19,3017349.0
2020-06-23,<=19,3016171.0
2020-06-24,<=19,3014979.0
2020-06-25,<=19,3013826.0
2020-06-26,<=19,3012755.0
2020-06-27,<=19,3011767.0
2020-06-28,<=19,3010757.0
2020-06-29,<=19,3009086.0
2020-06-30,<=19,3006647.0
2020-07-01,<=19,3003440.0
2020-07-02,<=19,3000189.0
2020-07-03,<=19,2997621.0
2020-07-04,<=19,2995732.0
2020-07-05,<=19,2994525.0
2020-07-06,<=19,2993621.0
2020-07-07,<=19,2992643.0
2020-07-08,<=19,2991593.0
2020-07-09,<=19,2990468.0
2020-07-10,<=19,2989298.0
2020-07-11,<=19,2988245.0
2020-07-12,<=19,2987342.0
2020-07-13,<=19,2986586.0
2020-07-14,<=19,2985946.0
2020-07-15,<=19,2985240.0
2020-07-16,<=19,2984436.0
2020-07-17,<=19,2983535.0
2020-07-18,<=19,2982631.0
2020-07-19,<=19,2981817.0
2020-07-20,<=19,2981093.0
2020-07-21,<=19,2980458.0
2020-07-22,<=19,2979897.0
2020-07-23,<=19,2979305.0
2020-07-24,<=19,2978667.0
2020-07-25,<=19,2977982.0
2020-07-26,<=19,2977263.0
2020-07-27,<=19,2976596.0
2020-07-28,<=19,2975996.0
2020-07-29,<=19,2975460.0
2020-07-30,<=19,2974967.0
2020-07-31,<=19,2974491.0
2020-08-01,<=19,2974032.0
2020-08-02,<=19,2973592.0
2020-08-03,<=19,2973170.0
2020-08-04,<=19,2972764.0
2020-08-05,<=19,2972351.0
2020-08-06,<=19,2971929.0
2020-08-07,<=19,2971500.0
2020-08-08,<=19,2971061.0
2020-08-09,<=19,2970619.0
2020-08-10,<=19,2970199.0
2020-08-11,<=19,2969808.0
2020-08-12,<=19,2969444.0
2020-08-13,<=19,2969094.0
2020-08-14,<=19,2968744.0
2020-08-15,<=19,2968393.0
2020-08-16,<=19,2968035.0
2020-08-17,<=19,2967623.0
2020-08-18,<=19,2967151.0
2020-08-19,<=19,2966618.0
2020-08-20,<=19,2966059.0
2020-08-21,<=19,2965508.0
2020-08-22,<=19,2964965.0
2020-08-23,<=19,2964432.0
2020-08-24,<=19,2963922.0
2020-08-25,<=19,2963440.0
2020-08-26,<=19,2962983.0
2020-08-27,<=19,2962540.0
2020-08-28,<=19,2962097.0
2020-08-29,<=19,2961653.0
2020-08-30,<=19,2961212.0
2020-08-31,<=19,2960796.0
2020-09-01,<=19,2960410.0
2020-09-02,<=19,2960054.0
2020-09-03,<=19,2959690.0
2020-09-04,<=19,2959282.0
2020-09-05,<=19,2958830.0
2020-09-06,<=19,2958341.0
2020-09-07,<=19,2957862.0
2020-09-08,<=19,2957402.0
2020-09-09,<=19,2956959.0
2020-09-10,<=19,2956521.0
2020-09-11,<=19,2956076.0
2020-09-12,<=19,2955624.0
2020-09-13,<=19,2955166.0
2020-09-14,<=19,2954712.0
2020-09-15,<=19,2954262.0
2020-09-16,<=19,2953818.0
2020-09-17,<=19,2953371.0
2020-09-18,<=19,2952911.0
2020-09-19,<=19,2952437.0
2020-09-20,<=19,2951958.0
2020-09-21,<=19,2951502.0
2020-09-22,<=19,2951073.0
2020-09-23,<=19,2950672.0
2020-09-24,<=19,2950271.0
2020-09-25,<=19,2949842.0
2020-09-26,<=19,2949385.0
2020-09-27,<=19,2948908.0
2020-09-28,<=19,2948451.0
2020-09-29,<=19,2948023.0
2020-09-30,<=19,2947622.0
2020-10-01,<=19,2947246.0
2020-10-02,<=19,2946887.0
2020-10-03,<=19,2946545.0
2020-10-04,<=19,2946216.0
2020-10-05,<=19,2945874.0
2020-10-06,<=19,2945515.0
2020-10-07,<=19,2945138.0
2020-10-08,<=19,2944730.0
2020-10-09,<=19,2944276.0
2020-10-10,<=19,2943776.0
2020-10-11,<=19,2943249.0
2020-10-12,<=19,2942804.0
2020-10-13,<=19,2942460.0
2020-10-14,<=19,2942214.0
2020-10-15,<=19,2942071.0
2020-10-16,<=19,2942001.0
2020-10-17,<=19,2941829.0
2020-10-18,<=19,2941527.0
2020-10-19,<=19,2941096.0
2020-10-20,<=19,2940534.0
2020-10-21,<=19,2939843.0
2020-10-22,<=19,2939141.0
2020-10-23,<=19,2938549.0
2020-10-24,<=19,2938065.0
2020-10-25,<=19,2937679.0
2020-10-26,<=19,2937328.0
2020-10-27,<=19,2937001.0
2020-10-28,<=19,2936698.0
2020-10-29,<=19,2936391.0
2020-10-30,<=19,2936052.0
2020-10-31,<=19,2935682.0
2020-11-01,<=19,2935285.0
2020-11-02,<=19,2934900.0
2020-11-03,<=19,2934533.0
2020-11-04,<=19,2934185.0
2020-11-05,<=19,2933850.0
2020-11-06,<=19,2933504.0
2020-11-07,<=19,2933146.0
2020-11-08,<=19,2932774.0
2020-11-09,<=19,2932407.0
2020-11-10,<=19,2932061.0
2020-11-11,<=19,2931737.0
2020-11-12,<=19,2931419.0
2020-11-13,<=19,2931090.0
2020-11-14,<=19,2930750.0
2020-11-15,<=19,2930403.0
2020-11-16,<=19,2930069.0
2020-11-17,<=19,2929751.0
2020-11-18,<=19,2929448.0
2020-11-19,<=19,2929142.0
2020-11-20,<=19,2928815.0
2020-11-21,<=19,2928468.0
2020-11-22,<=19,2928103.0
2020-11-23,<=19,2927745.0
2020-11-24,<=19,2927397.0
2020-11-25,<=19,2927060.0
2020-11-26,<=19,2926727.0
2020-11-27,<=19,2926389.0
2020-11-28,<=19,2926047.0
2020-11-29,<=19,2925703.0
2020-11-30,<=19,2925365.0
2020-12-01,<=19,2925035.0
2020-12-02,<=19,2924713.0
2020-12-03,<=19,2924389.0
2020-12-04,<=19,2924053.0
2020-12-05,<=19,2923707.0
2020-12-06,<=19,2923354.0
2020-12-07,<=19,2923016.0
2020-12-08,<=19,2922700.0
2020-12-09,<=19,2922405.0
2020-12-10,<=19,2922100.0
2020-12-11,<=19,2921751.0
2020-12-12,<=19,2921361.0
2020-12-13,<=19,2920939.0
2020-12-14,<=19,2920549.0
2020-12-15,<=19,2920202.0
2020-12-16,<=19,2919898.0
2020-12-17,<=19,2919596.0
2020-12-18,<=19,2919259.0
2020-12-19,<=19,2918884.0
2020-12-20,<=19,2918483.0
2020-12-21,<=19,2918104.0
2020-12-22,<=19,2917755.0
2020-12-23,<=19,2917438.0
2020-12-24,<=19,2917103.0
2020-12-25,<=19,2916703.0
2020-12-26,<=19,2916238.0
2020-12-27,<=19,2915720.0
2020-12-28,<=19,2915220.0
2020-12-29,<=19,2914749.0
2020-12-30,<=19,2914307.0
2020-12-31,<=19,2913867.0
2021-01-01,<=19,2913399.0
2021-01-02,<=19,2912904.0
2021-01-03,<=19,2912384.0
2021-01-04,<=19,2911864.0
2021-01-05,<=19,2911346.0
2021-01-06,<=19,2910832.0
2021-01-07,<=19,2910333.0
2021-01-08,<=19,2909865.0
2021-01-09,<=19,2909427.0
2021-01-10,<=19,2909005.0
2021-01-11,<=19,2908510.0
2021-01-12,<=19,2907926.0
2021-01-13,<=19,2907253.0
2021-01-14,<=19,2906556.0
2021-01-15,<=19,2905908.0
2021-01-16,<=19,2905307.0
2021-01-17,<=19,2904736.0
2021-01-18,<=19,2904097.0
2021-01-19,<=19,2903372.0
2021-01-20,<=19,2902565.0
2021-01-21,<=19,2901685.0
2021-01-22,<=19,2900741.0
2021-01-23,<=19,2899735.0
2021-01-24,<=19,2898681.0
2021-01-25,<=19,2897660.0
2021-01-26,<=19,2896685.0
2021-01-27,<=19,2895730.0
2021-01-28,<=19,2894601.0
2021-01-29,<=19,2893524.0
2021-01-30,<=19,2892525.0
2021-01-31,<=19,2891498.0
2021-02-01,<=19,2890480.0
2021-02-02,<=19,2889477.0
2021-02-03,<=19,2888491.0
2021-02-04,<=19,2887504.0
2021-02-05,<=19,2886495.0
2021-02-06,<=19,2885467.0
2021-02-07,<=19,2884427.0
2021-02-08,<=19,2883379.0
2021-02-09,<=19,2882404.0
2021-02-10,<=19,2881498.0
2021-02-11,<=19,2880607.0
2021-02-12,<=19,2879690.0
2021-02-13,<=19,2878747.0
2021-02-14,<=19,2877790.0
2021-02-15,<=19,2876895.0
2021-02-16,<=19,2876072.0
2021-02-17,<=19,2875323.0
2021-02-18,<=19,2874519.0
2021-02-19,<=19,2873718.0
2021-02-20,<=19,2872923.0
2021-02-21,<=19,2872102.0
2021-02-22,<=19,2870869.0
2021-02-23,<=19,2869326.0
2021-02-24,<=19,2868244.0
2021-02-25,<=19,2867365.0
2021-02-26,<=19,2866567.0
2021-02-27,<=19,2865742.0
2021-02-28,<=19,2864894.0
2021-03-01,<=19,2864084.0
2021-03-02,<=19,2863326.0
2021-03-03,<=19,2862621.0
2021-03-04,<=19,2861918.0
2021-03-05,<=19,2861175.0
2021-03-06,<=19,2860392.0
2021-03-07,<=19,2859566.0
2021-03-08,<=19,2858705.0
2021-03-09,<=19,2857806.0
2021-03-10,<=19,2856857.0
2021-03-11,<=19,2855873.0
2021-03-12,<=19,2854838.0
2021-03-13,<=19,2853759.0
2021-03-14,<=19,2852637.0
2021-03-15,<=19,2851491.0
2021-03-16,<=19,2849988.0
2021-03-17,<=19,2844626.0
2021-03-18,<=19,2838906.0
2021-03-19,<=19,2833173.0
2021-03-20,<=19,2831323.0
2021-03-21,<=19,2829941.0
2021-03-22,<=19,2824955.0
2021-03-23,<=19,2819137.0
2021-03-24,<=19,2812915.0
2021-03-25,<=19,2807312.0
2021-03-26,<=19,2802256.0
2021-03-27,<=19,2799947.0
2021-03-28,<=19,2798382.0
2021-03-29,<=19,2793688.0
2021-03-30,<=19,2788734.0
2021-03-31,<=19,2784357.0
2021-04-01,<=19,2779742.0
2021-04-02,<=19,2775494.0
2021-04-03,<=19,2772793.0
2021-04-04,<=19,2771023.0
2021-04-05,<=19,2767789.0
2021-04-06,<=19,2764994.0
2021-04-07,<=19,2762402.0
2021-04-08,<=19,2760024.0
2021-04-09,<=19,2757448.0
2021-04-10,<=19,2755648.0
2021-04-11,<=19,2753847.0
2021-04-12,<=19,2751068.0
2021-04-13,<=19,2747815.0
2021-04-14,<=19,2744114.0
2021-04-15,<=19,2738924.0
2021-04-16,<=19,2737017.0
2021-04-17,<=19,2735251.0
2021-04-18,<=19,2733548.0
2021-04-19,<=19,2727358.0
2021-04-20,<=19,2723582.0
2021-04-21,<=19,2719880.0
2021-04-22,<=19,2715737.0
2021-04-23,<=19,2711700.0
2021-04-24,<=19,2709624.0
2021-04-25,<=19,2707740.0
2021-04-26,<=19,2702755.0
2021-04-27,<=19,2696600.0
2021-04-28,<=19,2689951.0
2021-04-29,<=19,2673878.0
2021-04-30,<=19,2645560.0
2021-05-01,<=19,2642245.0
2021-05-02,<=19,2640147.0
2021-05-03,<=19,2626588.0
2021-05-04,<=19,2613904.0
2021-05-05,<=19,2604065.0
2021-05-06,<=19,2594547.0
2021-05-07,<=19,2576036.0
2021-05-08,<=19,2573295.0
2021-05-09,<=19,2571528.0
2021-05-10,<=19,2561021.0
2021-05-11,<=19,2552693.0
2021-05-12,<=19,2544213.0
2021-05-13,<=19,2535936.0
2021-05-14,<=19,2532012.0
2021-05-15,<=19,2530337.0
2021-05-16,<=19,2528808.0
2021-05-17,<=19,2522922.0
2021-05-18,<=19,2516833.0
2021-05-19,<=19,2510956.0
2021-05-20,<=19,2504893.0
2021-05-21,<=19,2498997.0
2021-05-22,<=19,2496982.0
2021-05-23,<=19,2495469.0
2021-05-24,<=19,2490214.0
2021-05-25,<=19,2484140.0
2021-05-26,<=19,2478696.0
2021-05-27,<=19,2473330.0
2021-05-28,<=19,2468232.0
2021-05-29,<=19,2466559.0
2021-05-30,<=19,2464841.0
2021-05-31,<=19,2460463.0
2021-06-01,<=19,2456145.0
2021-06-02,<=19,2452033.0
2021-06-03,<=19,2447871.0
2021-06-04,<=19,2446093.0
2021-06-05,<=19,2444137.0
2021-06-06,<=19,2442471.0
2021-06-07,<=19,2438629.0
2021-06-08,<=19,2434657.0
2021-06-09,<=19,2430839.0
2021-06-10,<=19,2427279.0
2021-06-11,<=19,2423713.0
2021-06-12,<=19,2421437.0
2021-06-13,<=19,2419261.0
2021-06-14,<=19,2415637.0
2021-06-15,<=19,2411990.0
2021-06-16,<=19,2408600.0
2021-06-17,<=19,-640539.0
2021-06-18,<=19,-643946.0
2021-06-19,<=19,-646358.0
2020-03-16,20-29,3120583.0
2020-03-17,20-29,3120583.0
2020-03-18,20-29,3120583.0
2020-03-19,20-29,3120583.0
2020-03-20,20-29,3120583.0
2020-03-21,20-29,3120583.0
2020-03-22,20-29,3120583.0
2020-03-23,20-29,3120583.0
2020-03-24,20-29,3120583.0
2020-03-25,20-29,3120583.0
2020-03-26,20-29,3120583.0
2020-03-27,20-29,3120583.0
2020-03-28,20-29,3120583.0
2020-03-29,20-29,3120583.0
2020-03-30,20-29,3120583.0
2020-03-31,20-29,3120583.0
2020-04-01,20-29,3120583.0
2020-04-02,20-29,3120583.0
2020-04-03,20-29,3120581.0
2020-04-04,20-29,3120581.0
2020-04-05,20-29,3120581.0
2020-04-06,20-29,3120581.0
2020-04-07,20-29,3120581.0
2020-04-08,20-29,3120581.0
2020-04-09,20-29,3120515.0
2020-04-10,20-29,3120473.0
2020-04-11,20-29,3120398.0
2020-04-12,20-29,3120360.0
2020-04-13,20-29,3120320.0
2020-04-14,20-29,3120244.0
2020-04-15,20-29,3120170.0
2020-04-16,20-29,3120113.0
2020-04-17,20-29,3120000.0
2020-04-18,20-29,3119919.0
2020-04-19,20-29,3119841.0
2020-04-20,20-29,3119781.0
2020-04-21,20-29,3119727.0
2020-04-22,20-29,3119549.0
2020-04-23,20-29,3119475.0
2020-04-24,20-29,3119351.0
2020-04-25,20-29,3119262.0
2020-04-26,20-29,3119198.0
2020-04-27,20-29,3119093.0
2020-04-28,20-29,3119022.0
2020-04-29,20-29,3118901.0
2020-04-30,20-29,3118787.0
2020-05-01,20-29,3118681.0
2020-05-02,20-29,3118558.0
2020-05-03,20-29,3118474.0
2020-05-04,20-29,3118387.0
2020-05-05,20-29,3118305.0
2020-05-06,20-29,3118203.0
2020-05-07,20-29,3118091.0
2020-05-08,20-29,3118000.0
2020-05-09,20-29,3117859.0
2020-05-10,20-29,3117755.0
2020-05-11,20-29,3117663.0
2020-05-12,20-29,3117514.0
2020-05-13,20-29,3117334.0
2020-05-14,20-29,3117130.0
2020-05-15,20-29,3116866.0
2020-05-16,20-29,3116555.0
2020-05-17,20-29,3116294.0
2020-05-18,20-29,3116050.0
2020-05-19,20-29,3115768.0
2020-05-20,20-29,3115452.0
2020-05-21,20-29,3115101.0
2020-05-22,20-29,3114755.0
2020-05-23,20-29,3114445.0
2020-05-24,20-29,3114155.0
2020-05-25,20-29,3113770.0
2020-05-26,20-29,3113269.0
2020-05-27,20-29,3112659.0
2020-05-28,20-29,3112034.0
2020-05-29,20-29,3111490.0
2020-05-30,20-29,3111025.0
2020-05-31,20-29,3110607.0
2020-06-01,20-29,3110028.0
2020-06-02,20-29,3109249.0
2020-06-03,20-29,3108276.0
2020-06-04,20-29,3107219.0
2020-06-05,20-29,3106196.0
2020-06-06,20-29,3105204.0
2020-06-07,20-29,3104243.0
2020-06-08,20-29,3103294.0
2020-06-09,20-29,3102348.0
2020-06-10,20-29,3101408.0
2020-06-11,20-29,3100449.0
2020-06-12,20-29,3099431.0
2020-06-13,20-29,3098359.0
2020-06-14,20-29,3097246.0
2020-06-15,20-29,3096168.0
2020-06-16,20-29,3095144.0
2020-06-17,20-29,3094167.0
2020-06-18,20-29,3093160.0
2020-06-19,20-29,3092035.0
2020-06-20,20-29,3090803.0
2020-06-21,20-29,3089478.0
2020-06-22,20-29,3088169.0
2020-06-23,20-29,3086887.0
2020-06-24,20-29,3085630.0
2020-06-25,20-29,3084408.0
2020-06-26,20-29,3083223.0
2020-06-27,20-29,3082077.0
2020-06-28,20-29,3080876.0
2020-06-29,20-29,3079078.0
2020-06-30,20-29,3076590.0
2020-07-01,20-29,3073415.0
2020-07-02,20-29,3070213.0
2020-07-03,20-29,3067650.0
2020-07-04,20-29,3065726.0
2020-07-05,20-29,3064447.0
2020-07-06,20-29,3063449.0
2020-07-07,20-29,3062381.0
2020-07-08,20-29,3061239.0
2020-07-09,20-29,3060024.0
2020-07-10,20-29,3058764.0
2020-07-11,20-29,3057619.0
2020-07-12,20-29,3056617.0
2020-07-13,20-29,3055756.0
2020-07-14,20-29,3055013.0
2020-07-15,20-29,3054226.0
2020-07-16,20-29,3053367.0
2020-07-17,20-29,3052440.0
2020-07-18,20-29,3051509.0
2020-07-19,20-29,3050644.0
2020-07-20,20-29,3049845.0
2020-07-21,20-29,3049110.0
2020-07-22,20-29,3048430.0
2020-07-23,20-29,3047743.0
2020-07-24,20-29,3047037.0
2020-07-25,20-29,3046311.0
2020-07-26,20-29,3045580.0
2020-07-27,20-29,3044915.0
2020-07-28,20-29,3044327.0
2020-07-29,20-29,3043816.0
2020-07-30,20-29,3043344.0
2020-07-31,20-29,3042876.0
2020-08-01,20-29,3042409.0
2020-08-02,20-29,3041946.0
2020-08-03,20-29,3041486.0
2020-08-04,20-29,3041029.0
2020-08-05,20-29,3040570.0
2020-08-06,20-29,3040111.0
2020-08-07,20-29,3039652.0
2020-08-08,20-29,3039191.0
2020-08-09,20-29,3038732.0
2020-08-10,20-29,3038291.0
2020-08-11,20-29,3037877.0
2020-08-12,20-29,3037486.0
2020-08-13,20-29,3037107.0
2020-08-14,20-29,3036728.0
2020-08-15,20-29,3036349.0
2020-08-16,20-29,3035967.0
2020-08-17,20-29,3035546.0
2020-08-18,20-29,3035083.0
2020-08-19,20-29,3034576.0
2020-08-20,20-29,3034046.0
2020-08-21,20-29,3033509.0
2020-08-22,20-29,3032970.0
2020-08-23,20-29,3032431.0
2020-08-24,20-29,3031907.0
2020-08-25,20-29,3031409.0
2020-08-26,20-29,3030939.0
2020-08-27,20-29,3030486.0
2020-08-28,20-29,3030046.0
2020-08-29,20-29,3029620.0
2020-08-30,20-29,3029208.0
2020-08-31,20-29,3028809.0
2020-09-01,20-29,3028423.0
2020-09-02,20-29,3028050.0
2020-09-03,20-29,3027668.0
2020-09-04,20-29,3027254.0
2020-09-05,20-29,3026810.0
2020-09-06,20-29,3026341.0
2020-09-07,20-29,3025887.0
2020-09-08,20-29,3025453.0
2020-09-09,20-29,3025043.0
2020-09-10,20-29,3024634.0
2020-09-11,20-29,3024206.0
2020-09-12,20-29,3023760.0
2020-09-13,20-29,3023299.0
2020-09-14,20-29,3022850.0
2020-09-15,20-29,3022418.0
2020-09-16,20-29,3021999.0
2020-09-17,20-29,3021579.0
2020-09-18,20-29,3021136.0
2020-09-19,20-29,3020670.0
2020-09-20,20-29,3020189.0
2020-09-21,20-29,3019738.0
2020-09-22,20-29,3019324.0
2020-09-23,20-29,3018947.0
2020-09-24,20-29,3018570.0
2020-09-25,20-29,3018148.0
2020-09-26,20-29,3017684.0
2020-09-27,20-29,3017187.0
2020-09-28,20-29,3016720.0
2020-09-29,20-29,3016295.0
2020-09-30,20-29,3015909.0
2020-10-01,20-29,3015552.0
2020-10-02,20-29,3015212.0
2020-10-03,20-29,3014891.0
2020-10-04,20-29,3014581.0
2020-10-05,20-29,3014248.0
2020-10-06,20-29,3013886.0
2020-10-07,20-29,3013495.0
2020-10-08,20-29,3013077.0
2020-10-09,20-29,3012632.0
2020-10-10,20-29,3012162.0
2020-10-11,20-29,3011681.0
2020-10-12,20-29,3011276.0
2020-10-13,20-29,3010960.0
2020-10-14,20-29,3010734.0
2020-10-15,20-29,3010600.0
2020-10-16,20-29,3010528.0
2020-10-17,20-29,3010360.0
2020-10-18,20-29,3010067.0
2020-10-19,20-29,3009647.0
2020-10-20,20-29,3009103.0
2020-10-21,20-29,3008434.0
2020-10-22,20-29,3007757.0
2020-10-23,20-29,3007192.0
2020-10-24,20-29,3006738.0
2020-10-25,20-29,3006383.0
2020-10-26,20-29,3006059.0
2020-10-27,20-29,3005752.0
2020-10-28,20-29,3005464.0
2020-10-29,20-29,3005166.0
2020-10-30,20-29,3004831.0
2020-10-31,20-29,3004457.0
2020-11-01,20-29,3004052.0
2020-11-02,20-29,3003658.0
2020-11-03,20-29,3003285.0
2020-11-04,20-29,3002931.0
2020-11-05,20-29,3002593.0
2020-11-06,20-29,3002250.0
2020-11-07,20-29,3001901.0
2020-11-08,20-29,3001544.0
2020-11-09,20-29,3001194.0
2020-11-10,20-29,3000869.0
2020-11-11,20-29,3000568.0
2020-11-12,20-29,3000268.0
2020-11-13,20-29,2999947.0
2020-11-14,20-29,2999606.0
2020-11-15,20-29,2999246.0
2020-11-16,20-29,2998900.0
2020-11-17,20-29,2998573.0
2020-11-18,20-29,2998264.0
2020-11-19,20-29,2997957.0
2020-11-20,20-29,2997633.0
2020-11-21,20-29,2997293.0
2020-11-22,20-29,2996941.0
2020-11-23,20-29,2996601.0
2020-11-24,20-29,2996285.0
2020-11-25,20-29,2995988.0
2020-11-26,20-29,2995688.0
2020-11-27,20-29,2995362.0
2020-11-28,20-29,2995011.0
2020-11-29,20-29,2994641.0
2020-11-30,20-29,2994294.0
2020-12-01,20-29,2993977.0
2020-12-02,20-29,2993690.0
2020-12-03,20-29,2993405.0
2020-12-04,20-29,2993091.0
2020-12-05,20-29,2992748.0
2020-12-06,20-29,2992383.0
2020-12-07,20-29,2992039.0
2020-12-08,20-29,2991725.0
2020-12-09,20-29,2991440.0
2020-12-10,20-29,2991140.0
2020-12-11,20-29,2990780.0
2020-12-12,20-29,2990361.0
2020-12-13,20-29,2989898.0
2020-12-14,20-29,2989473.0
2020-12-15,20-29,2989104.0
2020-12-16,20-29,2988789.0
2020-12-17,20-29,2988486.0
2020-12-18,20-29,2988151.0
2020-12-19,20-29,2987785.0
2020-12-20,20-29,2987393.0
2020-12-21,20-29,2987018.0
2020-12-22,20-29,2986665.0
2020-12-23,20-29,2986333.0
2020-12-24,20-29,2985990.0
2020-12-25,20-29,2985599.0
2020-12-26,20-29,2985161.0
2020-12-27,20-29,2984679.0
2020-12-28,20-29,2984209.0
2020-12-29,20-29,2983757.0
2020-12-30,20-29,2983321.0
2020-12-31,20-29,2982888.0
2021-01-01,20-29,2982440.0
2021-01-02,20-29,2981977.0
2021-01-03,20-29,2981499.0
2021-01-04,20-29,2981006.0
2021-01-05,20-29,2980495.0
2021-01-06,20-29,2979963.0
2021-01-07,20-29,2979445.0
2021-01-08,20-29,2978962.0
2021-01-09,20-29,2978515.0
2021-01-10,20-29,2978086.0
2021-01-11,20-29,2977570.0
2021-01-12,20-29,2976954.0
2021-01-13,20-29,2976234.0
2021-01-14,20-29,2975496.0
2021-01-15,20-29,2974819.0
2021-01-16,20-29,2974206.0
2021-01-17,20-29,2973639.0
2021-01-18,20-29,2973009.0
2021-01-19,20-29,2972299.0
2021-01-20,20-29,2971511.0
2021-01-21,20-29,2970661.0
2021-01-22,20-29,2969769.0
2021-01-23,20-29,2968836.0
2021-01-24,20-29,2967869.0
2021-01-25,20-29,2966912.0
2021-01-26,20-29,2965972.0
2021-01-27,20-29,2964575.0
2021-01-28,20-29,2961424.0
2021-01-29,20-29,2959313.0
2021-01-30,20-29,2958338.0
2021-01-31,20-29,2957377.0
2021-02-01,20-29,2956400.0
2021-02-02,20-29,2955414.0
2021-02-03,20-29,2954417.0
2021-02-04,20-29,2953410.0
2021-02-05,20-29,2952405.0
2021-02-06,20-29,2951399.0
2021-02-07,20-29,2950396.0
2021-02-08,20-29,2948707.0
2021-02-09,20-29,2947473.0
2021-02-10,20-29,2946525.0
2021-02-11,20-29,2945612.0
2021-02-12,20-29,2944701.0
2021-02-13,20-29,2943795.0
2021-02-14,20-29,2942897.0
2021-02-15,20-29,2942033.0
2021-02-16,20-29,2941210.0
2021-02-17,20-29,2940431.0
2021-02-18,20-29,2938767.0
2021-02-19,20-29,2937668.0
2021-02-20,20-29,2936848.0
2021-02-21,20-29,2936009.0
2021-02-22,20-29,2930498.0
2021-02-23,20-29,2921880.0
2021-02-24,20-29,2917826.0
2021-02-25,20-29,2915988.0
2021-02-26,20-29,2915109.0
2021-02-27,20-29,2914285.0
2021-02-28,20-29,2913462.0
2021-03-01,20-29,2912663.0
2021-03-02,20-29,2911898.0
2021-03-03,20-29,2911167.0
2021-03-04,20-29,2910435.0
2021-03-05,20-29,2909678.0
2021-03-06,20-29,2908891.0
2021-03-07,20-29,2908072.0
2021-03-08,20-29,2907204.0
2021-03-09,20-29,2906280.0
2021-03-10,20-29,2905264.0
2021-03-11,20-29,2904234.0
2021-03-12,20-29,2903205.0
2021-03-13,20-29,2902211.0
2021-03-14,20-29,2901210.0
2021-03-15,20-29,2899980.0
2021-03-16,20-29,2894132.0
2021-03-17,20-29,2854567.0
2021-03-18,20-29,2822095.0
2021-03-19,20-29,2794220.0
2021-03-20,20-29,2790398.0
2021-03-21,20-29,2788796.0
2021-03-22,20-29,2769688.0
2021-03-23,20-29,2748870.0
2021-03-24,20-29,2727247.0
2021-03-25,20-29,2705666.0
2021-03-26,20-29,2686657.0
2021-03-27,20-29,2682447.0
2021-03-28,20-29,2680748.0
2021-03-29,20-29,2662850.0
2021-03-30,20-29,2643121.0
2021-03-31,20-29,2625202.0
2021-04-01,20-29,2608855.0
2021-04-02,20-29,2595139.0
2021-04-03,20-29,2592409.0
2021-04-04,20-29,2590662.0
2021-04-05,20-29,2579628.0
2021-04-06,20-29,2569788.0
2021-04-07,20-29,2563415.0
2021-04-08,20-29,2558075.0
2021-04-09,20-29,2551124.0
2021-04-10,20-29,2549093.0
2021-04-11,20-29,2547250.0
2021-04-12,20-29,2539157.0
2021-04-13,20-29,2518171.0
2021-04-14,20-29,2485020.0
2021-04-15,20-29,2458755.0
2021-04-16,20-29,2456591.0
2021-04-17,20-29,2454811.0
2021-04-18,20-29,2453161.0
2021-04-19,20-29,2438223.0
2021-04-20,20-29,2428639.0
2021-04-21,20-29,2420009.0
2021-04-22,20-29,2411005.0
2021-04-23,20-29,2402453.0
2021-04-24,20-29,2399960.0
2021-04-25,20-29,2398076.0
2021-04-26,20-29,2385878.0
2021-04-27,20-29,2370185.0
2021-04-28,20-29,2333236.0
2021-04-29,20-29,2287976.0
2021-04-30,20-29,2262893.0
2021-05-01,20-29,2258382.0
2021-05-02,20-29,2256280.0
2021-05-03,20-29,2224682.0
2021-05-04,20-29,2189788.0
2021-05-05,20-29,2166915.0
2021-05-06,20-29,2139759.0
2021-05-07,20-29,2114690.0
2021-05-08,20-29,2110845.0
2021-05-09,20-29,2109109.0
2021-05-10,20-29,2089521.0
2021-05-11,20-29,2071363.0
2021-05-12,20-29,2053412.0
2021-05-13,20-29,2037029.0
2021-05-14,20-29,2030050.0
2021-05-15,20-29,2028223.0
2021-05-16,20-29,2026677.0
2021-05-17,20-29,2014497.0
2021-05-18,20-29,2002054.0
2021-05-19,20-29,1989665.0
2021-05-20,20-29,1976827.0
2021-05-21,20-29,1965416.0
2021-05-22,20-29,1962738.0
2021-05-23,20-29,1961211.0
2021-05-24,20-29,1950880.0
2021-05-25,20-29,1938470.0
2021-05-26,20-29,1927519.0
2021-05-27,20-29,1917432.0
2021-05-28,20-29,1907883.0
2021-05-29,20-29,1906245.0
2021-05-30,20-29,1904591.0
2021-05-31,20-29,1896674.0
2021-06-01,20-29,1888659.0
2021-06-02,20-29,1881801.0
2021-06-03,20-29,1874945.0
2021-06-04,20-29,1873114.0
2021-06-05,20-29,1870861.0
2021-06-06,20-29,1869189.0
2021-06-07,20-29,1862368.0
2021-06-08,20-29,1855104.0
2021-06-09,20-29,1848928.0
2021-06-10,20-29,1843219.0
2021-06-11,20-29,1837491.0
2021-06-12,20-29,1834971.0
2021-06-13,20-29,1832946.0
2021-06-14,20-29,1827335.0
2021-06-15,20-29,1821364.0
2021-06-16,20-29,1816314.0
2021-06-17,20-29,-1308403.0
2021-06-18,20-29,-1313277.0
2021-06-19,20-29,-1315900.0
2020-03-16,30-39,2658453.0
2020-03-17,30-39,2658453.0
2020-03-18,30-39,2658453.0
2020-03-19,30-39,2658453.0
2020-03-20,30-39,2658453.0
2020-03-21,30-39,2658453.0
2020-03-22,30-39,2658453.0
2020-03-23,30-39,2658453.0
2020-03-24,30-39,2658453.0
2020-03-25,30-39,2658453.0
2020-03-26,30-39,2658453.0
2020-03-27,30-39,2658453.0
2020-03-28,30-39,2658453.0
2020-03-29,30-39,2658452.0
2020-03-30,30-39,2658451.0
2020-03-31,30-39,2658451.0
2020-04-01,30-39,2658451.0
2020-04-02,30-39,2658451.0
2020-04-03,30-39,2658451.0
2020-04-04,30-39,2658451.0
2020-04-05,30-39,2658450.0
2020-04-06,30-39,2658450.0
2020-04-07,30-39,2658450.0
2020-04-08,30-39,2658450.0
2020-04-09,30-39,2658401.0
2020-04-10,30-39,2658358.0
2020-04-11,30-39,2658311.0
2020-04-12,30-39,2658261.0
2020-04-13,30-39,2658217.0
2020-04-14,30-39,2658157.0
2020-04-15,30-39,2658084.0
2020-04-16,30-39,2658052.0
2020-04-17,30-39,2657973.0
2020-04-18,30-39,2657905.0
2020-04-19,30-39,2657835.0
2020-04-20,30-39,2657790.0
2020-04-21,30-39,2657738.0
2020-04-22,30-39,2657584.0
2020-04-23,30-39,2657509.0
2020-04-24,30-39,2657433.0
2020-04-25,30-39,2657363.0
2020-04-26,30-39,2657298.0
2020-04-27,30-39,2657207.0
2020-04-28,30-39,2657170.0
2020-04-29,30-39,2657074.0
2020-04-30,30-39,2656971.0
2020-05-01,30-39,2656873.0
2020-05-02,30-39,2656797.0
2020-05-03,30-39,2656724.0
2020-05-04,30-39,2656670.0
2020-05-05,30-39,2656620.0
2020-05-06,30-39,2656547.0
2020-05-07,30-39,2656453.0
2020-05-08,30-39,2656384.0
2020-05-09,30-39,2656283.0
2020-05-10,30-39,2656217.0
2020-05-11,30-39,2656140.0
2020-05-12,30-39,2656032.0
2020-05-13,30-39,2655914.0
2020-05-14,30-39,2655781.0
2020-05-15,30-39,2655582.0
2020-05-16,30-39,2655332.0
2020-05-17,30-39,2655144.0
2020-05-18,30-39,2654986.0
2020-05-19,30-39,2654798.0
2020-05-20,30-39,2654574.0
2020-05-21,30-39,2654307.0
2020-05-22,30-39,2654038.0
2020-05-23,30-39,2653813.0
2020-05-24,30-39,2653618.0
2020-05-25,30-39,2653359.0
2020-05-26,30-39,2653013.0
2020-05-27,30-39,2652582.0
2020-05-28,30-39,2652136.0
2020-05-29,30-39,2651731.0
2020-05-30,30-39,2651369.0
2020-05-31,30-39,2651023.0
2020-06-01,30-39,2650580.0
2020-06-02,30-39,2650017.0
2020-06-03,30-39,2649332.0
2020-06-04,30-39,2648585.0
2020-06-05,30-39,2647826.0
2020-06-06,30-39,2647058.0
2020-06-07,30-39,2646279.0
2020-06-08,30-39,2645539.0
2020-06-09,30-39,2644843.0
2020-06-10,30-39,2644189.0
2020-06-11,30-39,2643518.0
2020-06-12,30-39,2642777.0
2020-06-13,30-39,2641962.0
2020-06-14,30-39,2641097.0
2020-06-15,30-39,2640266.0
2020-06-16,30-39,2639490.0
2020-06-17,30-39,2638773.0
2020-06-18,30-39,2638035.0
2020-06-19,30-39,2637204.0
2020-06-20,30-39,2636272.0
2020-06-21,30-39,2635269.0
2020-06-22,30-39,2634282.0
2020-06-23,30-39,2633329.0
2020-06-24,30-39,2632401.0
2020-06-25,30-39,2631488.0
2020-06-26,30-39,2630583.0
2020-06-27,30-39,2629684.0
2020-06-28,30-39,2628725.0
2020-06-29,30-39,2627328.0
2020-06-30,30-39,2625424.0
2020-07-01,30-39,2623015.0
2020-07-02,30-39,2620591.0
2020-07-03,30-39,2618646.0
2020-07-04,30-39,2617178.0
2020-07-05,30-39,2616192.0
2020-07-06,30-39,2615412.0
2020-07-07,30-39,2614579.0
2020-07-08,30-39,2613696.0
2020-07-09,30-39,2612753.0
2020-07-10,30-39,2611781.0
2020-07-11,30-39,2610908.0
2020-07-12,30-39,2610148.0
2020-07-13,30-39,2609501.0
2020-07-14,30-39,2608943.0
2020-07-15,30-39,2608336.0
2020-07-16,30-39,2607654.0
2020-07-17,30-39,2606896.0
2020-07-18,30-39,2606135.0
2020-07-19,30-39,2605442.0
2020-07-20,30-39,2604815.0
2020-07-21,30-39,2604255.0
2020-07-22,30-39,2603747.0
2020-07-23,30-39,2603229.0
2020-07-24,30-39,2602691.0
2020-07-25,30-39,2602128.0
2020-07-26,30-39,2601550.0
2020-07-27,30-39,2601013.0
2020-07-28,30-39,2600525.0
2020-07-29,30-39,2600092.0
2020-07-30,30-39,2599686.0
2020-07-31,30-39,2599293.0
2020-08-01,30-39,2598911.0
2020-08-02,30-39,2598540.0
2020-08-03,30-39,2598183.0
2020-08-04,30-39,2597835.0
2020-08-05,30-39,2597485.0
2020-08-06,30-39,2597131.0
2020-08-07,30-39,2596778.0
2020-08-08,30-39,2596424.0
2020-08-09,30-39,2596069.0
2020-08-10,30-39,2595719.0
2020-08-11,30-39,2595380.0
2020-08-12,30-39,2595052.0
2020-08-13,30-39,2594731.0
2020-08-14,30-39,2594414.0
2020-08-15,30-39,2594102.0
2020-08-16,30-39,2593793.0
2020-08-17,30-39,2593457.0
2020-08-18,30-39,2593095.0
2020-08-19,30-39,2592703.0
2020-08-20,30-39,2592299.0
2020-08-21,30-39,2591893.0
2020-08-22,30-39,2591488.0
2020-08-23,30-39,2591082.0
2020-08-24,30-39,2590682.0
2020-08-25,30-39,2590288.0
2020-08-26,30-39,2589903.0
2020-08-27,30-39,2589530.0
2020-08-28,30-39,2589180.0
2020-08-29,30-39,2588849.0
2020-08-30,30-39,2588533.0
2020-08-31,30-39,2588228.0
2020-09-01,30-39,2587925.0
2020-09-02,30-39,2587630.0
2020-09-03,30-39,2587332.0
2020-09-04,30-39,2587020.0
2020-09-05,30-39,2586695.0
2020-09-06,30-39,2586357.0
2020-09-07,30-39,2586030.0
2020-09-08,30-39,2585718.0
2020-09-09,30-39,2585418.0
2020-09-10,30-39,2585119.0
2020-09-11,30-39,2584804.0
2020-09-12,30-39,2584476.0
2020-09-13,30-39,2584134.0
2020-09-14,30-39,2583796.0
2020-09-15,30-39,2583463.0
2020-09-16,30-39,2583137.0
2020-09-17,30-39,2582807.0
2020-09-18,30-39,2582473.0
2020-09-19,30-39,2582127.0
2020-09-20,30-39,2581780.0
2020-09-21,30-39,2581449.0
2020-09-22,30-39,2581138.0
2020-09-23,30-39,2580851.0
2020-09-24,30-39,2580556.0
2020-09-25,30-39,2580231.0
2020-09-26,30-39,2579876.0
2020-09-27,30-39,2579499.0
2020-09-28,30-39,2579147.0
2020-09-29,30-39,2578825.0
2020-09-30,30-39,2578539.0
2020-10-01,30-39,2578272.0
2020-10-02,30-39,2578015.0
2020-10-03,30-39,2577764.0
2020-10-04,30-39,2577518.0
2020-10-05,30-39,2577257.0
2020-10-06,30-39,2576974.0
2020-10-07,30-39,2576669.0
2020-10-08,30-39,2576342.0
2020-10-09,30-39,2575997.0
2020-10-10,30-39,2575635.0
2020-10-11,30-39,2575264.0
2020-10-12,30-39,2574950.0
2020-10-13,30-39,2574708.0
2020-10-14,30-39,2574536.0
2020-10-15,30-39,2574432.0
2020-10-16,30-39,2574374.0
2020-10-17,30-39,2574240.0
2020-10-18,30-39,2574008.0
2020-10-19,30-39,2573676.0
2020-10-20,30-39,2573246.0
2020-10-21,30-39,2572716.0
2020-10-22,30-39,2572183.0
2020-10-23,30-39,2571743.0
2020-10-24,30-39,2571395.0
2020-10-25,30-39,2571127.0
2020-10-26,30-39,2570880.0
2020-10-27,30-39,2570642.0
2020-10-28,30-39,2570414.0
2020-10-29,30-39,2570173.0
2020-10-30,30-39,2569907.0
2020-10-31,30-39,2569610.0
2020-11-01,30-39,2569291.0
2020-11-02,30-39,2568983.0
2020-11-03,30-39,2568689.0
2020-11-04,30-39,2568412.0
2020-11-05,30-39,2568148.0
2020-11-06,30-39,2567886.0
2020-11-07,30-39,2567622.0
2020-11-08,30-39,2567357.0
2020-11-09,30-39,2567101.0
2020-11-10,30-39,2566864.0
2020-11-11,30-39,2566645.0
2020-11-12,30-39,2566427.0
2020-11-13,30-39,2566187.0
2020-11-14,30-39,2565926.0
2020-11-15,30-39,2565649.0
2020-11-16,30-39,2565393.0
2020-11-17,30-39,2565165.0
2020-11-18,30-39,2564962.0
2020-11-19,30-39,2564765.0
2020-11-20,30-39,2564540.0
2020-11-21,30-39,2564291.0
2020-11-22,30-39,2564022.0
2020-11-23,30-39,2563768.0
2020-11-24,30-39,2563531.0
2020-11-25,30-39,2563313.0
2020-11-26,30-39,2563099.0
2020-11-27,30-39,2562866.0
2020-11-28,30-39,2562618.0
2020-11-29,30-39,2562355.0
2020-11-30,30-39,2562102.0
2020-12-01,30-39,2561858.0
2020-12-02,30-39,2561627.0
2020-12-03,30-39,2561397.0
2020-12-04,30-39,2561156.0
2020-12-05,30-39,2560904.0
2020-12-06,30-39,2560645.0
2020-12-07,30-39,2560395.0
2020-12-08,30-39,2560157.0
2020-12-09,30-39,2559928.0
2020-12-10,30-39,2559688.0
2020-12-11,30-39,2559413.0
2020-12-12,30-39,2559103.0
2020-12-13,30-39,2558769.0
2020-12-14,30-39,2558451.0
2020-12-15,30-39,2558159.0
2020-12-16,30-39,2557895.0
2020-12-17,30-39,2557635.0
2020-12-18,30-39,2557358.0
2020-12-19,30-39,2557066.0
2020-12-20,30-39,2556759.0
2020-12-21,30-39,2556467.0
2020-12-22,30-39,2556197.0
2020-12-23,30-39,2555948.0
2020-12-24,30-39,2555688.0
2020-12-25,30-39,2555390.0
2020-12-26,30-39,2555049.0
2020-12-27,30-39,2554675.0
2020-12-28,30-39,2554305.0
2020-12-29,30-39,2553942.0
2020-12-30,30-39,2553593.0
2020-12-31,30-39,2553246.0
2021-01-01,30-39,2552897.0
2021-01-02,30-39,2552549.0
2021-01-03,30-39,2552198.0
2021-01-04,30-39,2551830.0
2021-01-05,30-39,2551445.0
2021-01-06,30-39,2551039.0
2021-01-07,30-39,2550645.0
2021-01-08,30-39,2550284.0
2021-01-09,30-39,2549956.0
2021-01-10,30-39,2549649.0
2021-01-11,30-39,2549279.0
2021-01-12,30-39,2548841.0
2021-01-13,30-39,2548329.0
2021-01-14,30-39,2547803.0
2021-01-15,30-39,2547327.0
2021-01-16,30-39,2546893.0
2021-01-17,30-39,2546497.0
2021-01-18,30-39,2546050.0
2021-01-19,30-39,2545535.0
2021-01-20,30-39,2544954.0
2021-01-21,30-39,2544324.0
2021-01-22,30-39,2543663.0
2021-01-23,30-39,2542968.0
2021-01-24,30-39,2542245.0
2021-01-25,30-39,2541534.0
2021-01-26,30-39,2540839.0
2021-01-27,30-39,2539876.0
2021-01-28,30-39,2537846.0
2021-01-29,30-39,2536465.0
2021-01-30,30-39,2535708.0
2021-01-31,30-39,2534943.0
2021-02-01,30-39,2534173.0
2021-02-02,30-39,2533404.0
2021-02-03,30-39,2532635.0
2021-02-04,30-39,2531867.0
2021-02-05,30-39,2531099.0
2021-02-06,30-39,2530330.0
2021-02-07,30-39,2529563.0
2021-02-08,30-39,2528428.0
2021-02-09,30-39,2527529.0
2021-02-10,30-39,2526808.0
2021-02-11,30-39,2526096.0
2021-02-12,30-39,2525358.0
2021-02-13,30-39,2524602.0
2021-02-14,30-39,2523831.0
2021-02-15,30-39,2523106.0
2021-02-16,30-39,2522436.0
2021-02-17,30-39,2521825.0
2021-02-18,30-39,2520604.0
2021-02-19,30-39,2519766.0
2021-02-20,30-39,2519121.0
2021-02-21,30-39,2518451.0
2021-02-22,30-39,2514661.0
2021-02-23,30-39,2509085.0
2021-02-24,30-39,2506316.0
2021-02-25,30-39,2505031.0
2021-02-26,30-39,2504364.0
2021-02-27,30-39,2503726.0
2021-02-28,30-39,2503086.0
2021-03-01,30-39,2502473.0
2021-03-02,30-39,2501895.0
2021-03-03,30-39,2501348.0
2021-03-04,30-39,2500802.0
2021-03-05,30-39,2500223.0
2021-03-06,30-39,2499614.0
2021-03-07,30-39,2498978.0
2021-03-08,30-39,2498314.0
2021-03-09,30-39,2497624.0
2021-03-10,30-39,2496882.0
2021-03-11,30-39,2496125.0
2021-03-12,30-39,2495361.0
2021-03-13,30-39,2494610.0
2021-03-14,30-39,2493835.0
2021-03-15,30-39,2492917.0
2021-03-16,30-39,2488981.0
2021-03-17,30-39,2464230.0
2021-03-18,30-39,2443851.0
2021-03-19,30-39,2426240.0
2021-03-20,30-39,2423428.0
2021-03-21,30-39,2422167.0
2021-03-22,30-39,2406440.0
2021-03-23,30-39,2387182.0
2021-03-24,30-39,2365780.0
2021-03-25,30-39,2344104.0
2021-03-26,30-39,2325514.0
2021-03-27,30-39,2321439.0
2021-03-28,30-39,2320034.0
2021-03-29,30-39,2299138.0
2021-03-30,30-39,2276453.0
2021-03-31,30-39,2255563.0
2021-04-01,30-39,2228883.0
2021-04-02,30-39,2214009.0
2021-04-03,30-39,2211695.0
2021-04-04,30-39,2210294.0
2021-04-05,30-39,2194102.0
2021-04-06,30-39,2181938.0
2021-04-07,30-39,2174776.0
2021-04-08,30-39,2161882.0
2021-04-09,30-39,2153441.0
2021-04-10,30-39,2151731.0
2021-04-11,30-39,2150284.0
2021-04-12,30-39,2129327.0
2021-04-13,30-39,2107602.0
2021-04-14,30-39,2095437.0
2021-04-15,30-39,2084671.0
2021-04-16,30-39,2083087.0
2021-04-17,30-39,2081685.0
2021-04-18,30-39,2080339.0
2021-04-19,30-39,2070069.0
2021-04-20,30-39,2062439.0
2021-04-21,30-39,2054919.0
2021-04-22,30-39,2046652.0
2021-04-23,30-39,2038215.0
2021-04-24,30-39,2036117.0
2021-04-25,30-39,2034643.0
2021-04-26,30-39,2001705.0
2021-04-27,30-39,1939307.0
2021-04-28,30-39,1896436.0
2021-04-29,30-39,1868139.0
2021-04-30,30-39,1841052.0
2021-05-01,30-39,1836330.0
2021-05-02,30-39,1834502.0
2021-05-03,30-39,1799165.0
2021-05-04,30-39,1763451.0
2021-05-05,30-39,1733877.0
2021-05-06,30-39,1708649.0
2021-05-07,30-39,1687431.0
2021-05-08,30-39,1684098.0
2021-05-09,30-39,1682712.0
2021-05-10,30-39,1663103.0
2021-05-11,30-39,1645578.0
2021-05-12,30-39,1628296.0
2021-05-13,30-39,1613186.0
2021-05-14,30-39,1607036.0
2021-05-15,30-39,1605705.0
2021-05-16,30-39,1604517.0
2021-05-17,30-39,1592225.0
2021-05-18,30-39,1579597.0
2021-05-19,30-39,1566961.0
2021-05-20,30-39,1554580.0
2021-05-21,30-39,1543730.0
2021-05-22,30-39,1541516.0
2021-05-23,30-39,1540410.0
2021-05-24,30-39,1530035.0
2021-05-25,30-39,1517116.0
2021-05-26,30-39,1506352.0
2021-05-27,30-39,1496721.0
2021-05-28,30-39,1487680.0
2021-05-29,30-39,1486517.0
2021-05-30,30-39,1485351.0
2021-05-31,30-39,1477847.0
2021-06-01,30-39,1470297.0
2021-06-02,30-39,1463875.0
2021-06-03,30-39,1457743.0
2021-06-04,30-39,1456409.0
2021-06-05,30-39,1454667.0
2021-06-06,30-39,1453528.0
2021-06-07,30-39,1447319.0
2021-06-08,30-39,1440896.0
2021-06-09,30-39,1435553.0
2021-06-10,30-39,1430792.0
2021-06-11,30-39,1425991.0
2021-06-12,30-39,1424065.0
2021-06-13,30-39,1422631.0
2021-06-14,30-39,1413036.0
2021-06-15,30-39,1380137.0
2021-06-16,30-39,1337427.0
2021-06-17,30-39,-1363566.0
2021-06-18,30-39,-1407758.0
2021-06-19,30-39,-1415904.0
2020-03-16,40-49,2392614.0
2020-03-17,40-49,2392614.0
2020-03-18,40-49,2392614.0
2020-03-19,40-49,2392614.0
2020-03-20,40-49,2392614.0
2020-03-21,40-49,2392614.0
2020-03-22,40-49,2392614.0
2020-03-23,40-49,2392614.0
2020-03-24,40-49,2392613.0
2020-03-25,40-49,2392613.0
2020-03-26,40-49,2392613.0
2020-03-27,40-49,2392613.0
2020-03-28,40-49,2392613.0
2020-03-29,40-49,2392613.0
2020-03-30,40-49,2392613.0
2020-03-31,40-49,2392613.0
2020-04-01,40-49,2392612.0
2020-04-02,40-49,2392612.0
2020-04-03,40-49,2392611.0
2020-04-04,40-49,2392610.0
2020-04-05,40-49,2392608.0
2020-04-06,40-49,2392607.0
2020-04-07,40-49,2392607.0
2020-04-08,40-49,2392606.0
2020-04-09,40-49,2392563.0
2020-04-10,40-49,2392535.0
2020-04-11,40-49,2392469.0
2020-04-12,40-49,2392447.0
2020-04-13,40-49,2392414.0
2020-04-14,40-49,2392368.0
2020-04-15,40-49,2392290.0
2020-04-16,40-49,2392258.0
2020-04-17,40-49,2392190.0
2020-04-18,40-49,2392134.0
2020-04-19,40-49,2392085.0
2020-04-20,40-49,2392042.0
2020-04-21,40-49,2391996.0
2020-04-22,40-49,2391864.0
2020-04-23,40-49,2391799.0
2020-04-24,40-49,2391726.0
2020-04-25,40-49,2391679.0
2020-04-26,40-49,2391629.0
2020-04-27,40-49,2391562.0
2020-04-28,40-49,2391521.0
2020-04-29,40-49,2391442.0
2020-04-30,40-49,2391350.0
2020-05-01,40-49,2391282.0
2020-05-02,40-49,2391212.0
2020-05-03,40-49,2391163.0
2020-05-04,40-49,2391110.0
2020-05-05,40-49,2391061.0
2020-05-06,40-49,2390987.0
2020-05-07,40-49,2390907.0
2020-05-08,40-49,2390846.0
2020-05-09,40-49,2390759.0
2020-05-10,40-49,2390675.0
2020-05-11,40-49,2390624.0
2020-05-12,40-49,2390538.0
2020-05-13,40-49,2390430.0
2020-05-14,40-49,2390303.0
2020-05-15,40-49,2390130.0
2020-05-16,40-49,2389920.0
2020-05-17,40-49,2389744.0
2020-05-18,40-49,2389587.0
2020-05-19,40-49,2389416.0
2020-05-20,40-49,2389231.0
2020-05-21,40-49,2389015.0
2020-05-22,40-49,2388804.0
2020-05-23,40-49,2388618.0
2020-05-24,40-49,2388444.0
2020-05-25,40-49,2388214.0
2020-05-26,40-49,2387910.0
2020-05-27,40-49,2387526.0
2020-05-28,40-49,2387133.0
2020-05-29,40-49,2386773.0
2020-05-30,40-49,2386454.0
2020-05-31,40-49,2386161.0
2020-06-01,40-49,2385760.0
2020-06-02,40-49,2385234.0
2020-06-03,40-49,2384584.0
2020-06-04,40-49,2383893.0
2020-06-05,40-49,2383216.0
2020-06-06,40-49,2382563.0
2020-06-07,40-49,2381938.0
2020-06-08,40-49,2381302.0
2020-06-09,40-49,2380657.0
2020-06-10,40-49,2380014.0
2020-06-11,40-49,2379344.0
2020-06-12,40-49,2378616.0
2020-06-13,40-49,2377842.0
2020-06-14,40-49,2377032.0
2020-06-15,40-49,2376262.0
2020-06-16,40-49,2375544.0
2020-06-17,40-49,2374882.0
2020-06-18,40-49,2374203.0
2020-06-19,40-49,2373427.0
2020-06-20,40-49,2372566.0
2020-06-21,40-49,2371623.0
2020-06-22,40-49,2370693.0
2020-06-23,40-49,2369774.0
2020-06-24,40-49,2368886.0
2020-06-25,40-49,2367992.0
2020-06-26,40-49,2367074.0
2020-06-27,40-49,2366140.0
2020-06-28,40-49,2365121.0
2020-06-29,40-49,2363725.0
2020-06-30,40-49,2361897.0
2020-07-01,40-49,2359647.0
2020-07-02,40-49,2357395.0
2020-07-03,40-49,2355568.0
2020-07-04,40-49,2354185.0
2020-07-05,40-49,2353237.0
2020-07-06,40-49,2352486.0
2020-07-07,40-49,2351697.0
2020-07-08,40-49,2350869.0
2020-07-09,40-49,2350005.0
2020-07-10,40-49,2349119.0
2020-07-11,40-49,2348318.0
2020-07-12,40-49,2347612.0
2020-07-13,40-49,2347005.0
2020-07-14,40-49,2346473.0
2020-07-15,40-49,2345882.0
2020-07-16,40-49,2345218.0
2020-07-17,40-49,2344474.0
2020-07-18,40-49,2343729.0
2020-07-19,40-49,2343059.0
2020-07-20,40-49,2342464.0
2020-07-21,40-49,2341941.0
2020-07-22,40-49,2341481.0
2020-07-23,40-49,2341010.0
2020-07-24,40-49,2340512.0
2020-07-25,40-49,2340002.0
2020-07-26,40-49,2339475.0
2020-07-27,40-49,2338989.0
2020-07-28,40-49,2338549.0
2020-07-29,40-49,2338157.0
2020-07-30,40-49,2337791.0
2020-07-31,40-49,2337427.0
2020-08-01,40-49,2337071.0
2020-08-02,40-49,2336724.0
2020-08-03,40-49,2336378.0
2020-08-04,40-49,2336032.0
2020-08-05,40-49,2335686.0
2020-08-06,40-49,2335344.0
2020-08-07,40-49,2334998.0
2020-08-08,40-49,2334657.0
2020-08-09,40-49,2334308.0
2020-08-10,40-49,2333970.0
2020-08-11,40-49,2333645.0
2020-08-12,40-49,2333327.0
2020-08-13,40-49,2333009.0
2020-08-14,40-49,2332692.0
2020-08-15,40-49,2332367.0
2020-08-16,40-49,2332041.0
2020-08-17,40-49,2331711.0
2020-08-18,40-49,2331380.0
2020-08-19,40-49,2331048.0
2020-08-20,40-49,2330704.0
2020-08-21,40-49,2330336.0
2020-08-22,40-49,2329943.0
2020-08-23,40-49,2329528.0
2020-08-24,40-49,2329129.0
2020-08-25,40-49,2328759.0
2020-08-26,40-49,2328412.0
2020-08-27,40-49,2328085.0
2020-08-28,40-49,2327766.0
2020-08-29,40-49,2327463.0
2020-08-30,40-49,2327166.0
2020-08-31,40-49,2326874.0
2020-09-01,40-49,2326591.0
2020-09-02,40-49,2326311.0
2020-09-03,40-49,2326028.0
2020-09-04,40-49,2325726.0
2020-09-05,40-49,2325408.0
2020-09-06,40-49,2325074.0
2020-09-07,40-49,2324746.0
2020-09-08,40-49,2324432.0
2020-09-09,40-49,2324129.0
2020-09-10,40-49,2323823.0
2020-09-11,40-49,2323509.0
2020-09-12,40-49,2323181.0
2020-09-13,40-49,2322846.0
2020-09-14,40-49,2322523.0
2020-09-15,40-49,2322219.0
2020-09-16,40-49,2321937.0
2020-09-17,40-49,2321648.0
2020-09-18,40-49,2321335.0
2020-09-19,40-49,2320996.0
2020-09-20,40-49,2320638.0
2020-09-21,40-49,2320302.0
2020-09-22,40-49,2319990.0
2020-09-23,40-49,2319703.0
2020-09-24,40-49,2319425.0
2020-09-25,40-49,2319126.0
2020-09-26,40-49,2318810.0
2020-09-27,40-49,2318478.0
2020-09-28,40-49,2318154.0
2020-09-29,40-49,2317841.0
2020-09-30,40-49,2317550.0
2020-10-01,40-49,2317278.0
2020-10-02,40-49,2317019.0
2020-10-03,40-49,2316777.0
2020-10-04,40-49,2316542.0
2020-10-05,40-49,2316289.0
2020-10-06,40-49,2316018.0
2020-10-07,40-49,2315725.0
2020-10-08,40-49,2315412.0
2020-10-09,40-49,2315079.0
2020-10-10,40-49,2314730.0
2020-10-11,40-49,2314372.0
2020-10-12,40-49,2314069.0
2020-10-13,40-49,2313834.0
2020-10-14,40-49,2313663.0
2020-10-15,40-49,2313562.0
2020-10-16,40-49,2313509.0
2020-10-17,40-49,2313380.0
2020-10-18,40-49,2313163.0
2020-10-19,40-49,2312851.0
2020-10-20,40-49,2312444.0
2020-10-21,40-49,2311945.0
2020-10-22,40-49,2311438.0
2020-10-23,40-49,2311021.0
2020-10-24,40-49,2310694.0
2020-10-25,40-49,2310443.0
2020-10-26,40-49,2310208.0
2020-10-27,40-49,2309981.0
2020-10-28,40-49,2309756.0
2020-10-29,40-49,2309526.0
2020-10-30,40-49,2309282.0
2020-10-31,40-49,2309023.0
2020-11-01,40-49,2308748.0
2020-11-02,40-49,2308470.0
2020-11-03,40-49,2308205.0
2020-11-04,40-49,2307942.0
2020-11-05,40-49,2307685.0
2020-11-06,40-49,2307431.0
2020-11-07,40-49,2307188.0
2020-11-08,40-49,2306953.0
2020-11-09,40-49,2306727.0
2020-11-10,40-49,2306507.0
2020-11-11,40-49,2306293.0
2020-11-12,40-49,2306077.0
2020-11-13,40-49,2305841.0
2020-11-14,40-49,2305594.0
2020-11-15,40-49,2305330.0
2020-11-16,40-49,2305083.0
2020-11-17,40-49,2304854.0
2020-11-18,40-49,2304646.0
2020-11-19,40-49,2304438.0
2020-11-20,40-49,2304208.0
2020-11-21,40-49,2303959.0
2020-11-22,40-49,2303695.0
2020-11-23,40-49,2303450.0
2020-11-24,40-49,2303225.0
2020-11-25,40-49,2303020.0
2020-11-26,40-49,2302813.0
2020-11-27,40-49,2302586.0
2020-11-28,40-49,2302341.0
2020-11-29,40-49,2302077.0
2020-11-30,40-49,2301821.0
2020-12-01,40-49,2301573.0
2020-12-02,40-49,2301335.0
2020-12-03,40-49,2301103.0
2020-12-04,40-49,2300867.0
2020-12-05,40-49,2300630.0
2020-12-06,40-49,2300391.0
2020-12-07,40-49,2300157.0
2020-12-08,40-49,2299934.0
2020-12-09,40-49,2299717.0
2020-12-10,40-49,2299489.0
2020-12-11,40-49,2299230.0
2020-12-12,40-49,2298939.0
2020-12-13,40-49,2298629.0
2020-12-14,40-49,2298336.0
2020-12-15,40-49,2298079.0
2020-12-16,40-49,2297851.0
2020-12-17,40-49,2297634.0
2020-12-18,40-49,2297387.0
2020-12-19,40-49,2297115.0
2020-12-20,40-49,2296823.0
2020-12-21,40-49,2296548.0
2020-12-22,40-49,2296285.0
2020-12-23,40-49,2296043.0
2020-12-24,40-49,2295794.0
2020-12-25,40-49,2295507.0
2020-12-26,40-49,2295184.0
2020-12-27,40-49,2294838.0
2020-12-28,40-49,2294494.0
2020-12-29,40-49,2294161.0
2020-12-30,40-49,2293829.0
2020-12-31,40-49,2293495.0
2021-01-01,40-49,2293159.0
2021-01-02,40-49,2292816.0
2021-01-03,40-49,2292462.0
2021-01-04,40-49,2292109.0
2021-01-05,40-49,2291746.0
2021-01-06,40-49,2291376.0
2021-01-07,40-49,2291014.0
2021-01-08,40-49,2290674.0
2021-01-09,40-49,2290351.0
2021-01-10,40-49,2290044.0
2021-01-11,40-49,2289683.0
2021-01-12,40-49,2289264.0
2021-01-13,40-49,2288788.0
2021-01-14,40-49,2288290.0
2021-01-15,40-49,2287840.0
2021-01-16,40-49,2287430.0
2021-01-17,40-49,2287044.0
2021-01-18,40-49,2286617.0
2021-01-19,40-49,2286131.0
2021-01-20,40-49,2285597.0
2021-01-21,40-49,2285022.0
2021-01-22,40-49,2284412.0
2021-01-23,40-49,2283770.0
2021-01-24,40-49,2283097.0
2021-01-25,40-49,2282429.0
2021-01-26,40-49,2281777.0
2021-01-27,40-49,2280991.0
2021-01-28,40-49,2279739.0
2021-01-29,40-49,2278763.0
2021-01-30,40-49,2278063.0
2021-01-31,40-49,2277355.0
2021-02-01,40-49,2276634.0
2021-02-02,40-49,2275910.0
2021-02-03,40-49,2275180.0
2021-02-04,40-49,2274452.0
2021-02-05,40-49,2273735.0
2021-02-06,40-49,2273028.0
2021-02-07,40-49,2272332.0
2021-02-08,40-49,2271458.0
2021-02-09,40-49,2270654.0
2021-02-10,40-49,2269925.0
2021-02-11,40-49,2269202.0
2021-02-12,40-49,2268489.0
2021-02-13,40-49,2267783.0
2021-02-14,40-49,2267086.0
2021-02-15,40-49,2266431.0
2021-02-16,40-49,2265819.0
2021-02-17,40-49,2265242.0
2021-02-18,40-49,2264361.0
2021-02-19,40-49,2263700.0
2021-02-20,40-49,2263090.0
2021-02-21,40-49,2262463.0
2021-02-22,40-49,2259992.0
2021-02-23,40-49,2256272.0
2021-02-24,40-49,2254406.0
2021-02-25,40-49,2253359.0
2021-02-26,40-49,2252748.0
2021-02-27,40-49,2252150.0
2021-02-28,40-49,2251555.0
2021-03-01,40-49,2250971.0
2021-03-02,40-49,2250406.0
2021-03-03,40-49,2249860.0
2021-03-04,40-49,2249306.0
2021-03-05,40-49,2248735.0
2021-03-06,40-49,2248153.0
2021-03-07,40-49,2247549.0
2021-03-08,40-49,2246926.0
2021-03-09,40-49,2246275.0
2021-03-10,40-49,2245590.0
2021-03-11,40-49,2244882.0
2021-03-12,40-49,2244160.0
2021-03-13,40-49,2243441.0
2021-03-14,40-49,2242701.0
2021-03-15,40-49,2241899.0
2021-03-16,40-49,2239278.0
2021-03-17,40-49,2223265.0
2021-03-18,40-49,2209901.0
2021-03-19,40-49,2197897.0
2021-03-20,40-49,2195462.0
2021-03-21,40-49,2194281.0
2021-03-22,40-49,2181737.0
2021-03-23,40-49,2165284.0
2021-03-24,40-49,2147354.0
2021-03-25,40-49,2128472.0
2021-03-26,40-49,2112071.0
2021-03-27,40-49,2108432.0
2021-03-28,40-49,2107131.0
2021-03-29,40-49,2087313.0
2021-03-30,40-49,2056766.0
2021-03-31,40-49,2024490.0
2021-04-01,40-49,2006026.0
2021-04-02,40-49,1993628.0
2021-04-03,40-49,1991661.0
2021-04-04,40-49,1990372.0
2021-04-05,40-49,1980077.0
2021-04-06,40-49,1964611.0
2021-04-07,40-49,1949359.0
2021-04-08,40-49,1941128.0
2021-04-09,40-49,1933778.0
2021-04-10,40-49,1932259.0
2021-04-11,40-49,1930990.0
2021-04-12,40-49,1924759.0
2021-04-13,40-49,1918281.0
2021-04-14,40-49,1911817.0
2021-04-15,40-49,1904892.0
2021-04-16,40-49,1903534.0
2021-04-17,40-49,1902305.0
2021-04-18,40-49,1901120.0
2021-04-19,40-49,1888483.0
2021-04-20,40-49,1874669.0
2021-04-21,40-49,1855283.0
2021-04-22,40-49,1771141.0
2021-04-23,40-49,1692477.0
2021-04-24,40-49,1685916.0
2021-04-25,40-49,1684135.0
2021-04-26,40-49,1619825.0
2021-04-27,40-49,1579334.0
2021-04-28,40-49,1545383.0
2021-04-29,40-49,1515639.0
2021-04-30,40-49,1486767.0
2021-05-01,40-49,1481981.0
2021-05-02,40-49,1480212.0
2021-05-03,40-49,1442866.0
2021-05-04,40-49,1404938.0
2021-05-05,40-49,1376914.0
2021-05-06,40-49,1351334.0
2021-05-07,40-49,1326766.0
2021-05-08,40-49,1323417.0
2021-05-09,40-49,1322221.0
2021-05-10,40-49,1297802.0
2021-05-11,40-49,1274021.0
2021-05-12,40-49,1232924.0
2021-05-13,40-49,1174001.0
2021-05-14,40-49,1160935.0
2021-05-15,40-49,1159766.0
2021-05-16,40-49,1158718.0
2021-05-17,40-49,1129717.0
2021-05-18,40-49,1086031.0
2021-05-19,40-49,1036199.0
2021-05-20,40-49,1005691.0
2021-05-21,40-49,981950.0
2021-05-22,40-49,978038.0
2021-05-23,40-49,977087.0
2021-05-24,40-49,941392.0
2021-05-25,40-49,898027.0
2021-05-26,40-49,853882.0
2021-05-27,40-49,823934.0
2021-05-28,40-49,797741.0
2021-05-29,40-49,796790.0
2021-05-30,40-49,795914.0
2021-05-31,40-49,774315.0
2021-06-01,40-49,752704.0
2021-06-02,40-49,733445.0
2021-06-03,40-49,692070.0
2021-06-04,40-49,690529.0
2021-06-05,40-49,686196.0
2021-06-06,40-49,685074.0
2021-06-07,40-49,645821.0
2021-06-08,40-49,609400.0
2021-06-09,40-49,576697.0
2021-06-10,40-49,553894.0
2021-06-11,40-49,528651.0
2021-06-12,40-49,524409.0
2021-06-13,40-49,522966.0
2021-06-14,40-49,483001.0
2021-06-15,40-49,454688.0
2021-06-16,40-49,433950.0
2021-06-17,40-49,-1970874.0
2021-06-18,40-49,-1987362.0
2021-06-19,40-49,-1992532.0
2020-03-16,50-59,1857879.0
2020-03-17,50-59,1857879.0
2020-03-18,50-59,1857878.0
2020-03-19,50-59,1857877.0
2020-03-20,50-59,1857876.0
2020-03-21,50-59,1857876.0
2020-03-22,50-59,1857876.0
2020-03-23,50-59,1857876.0
2020-03-24,50-59,1857876.0
2020-03-25,50-59,1857876.0
2020-03-26,50-59,1857876.0
2020-03-27,50-59,1857875.0
2020-03-28,50-59,1857875.0
2020-03-29,50-59,1857873.0
2020-03-30,50-59,1857872.0
2020-03-31,50-59,1857870.0
2020-04-01,50-59,1857869.0
2020-04-02,50-59,1857867.0
2020-04-03,50-59,1857864.0
2020-04-04,50-59,1857862.0
2020-04-05,50-59,1857862.0
2020-04-06,50-59,1857859.0
2020-04-07,50-59,1857857.0
2020-04-08,50-59,1857856.0
2020-04-09,50-59,1857832.0
2020-04-10,50-59,1857808.0
2020-04-11,50-59,1857780.0
2020-04-12,50-59,1857753.0
2020-04-13,50-59,1857734.0
2020-04-14,50-59,1857702.0
2020-04-15,50-59,1857666.0
2020-04-16,50-59,1857643.0
2020-04-17,50-59,1857610.0
2020-04-18,50-59,1857569.0
2020-04-19,50-59,1857550.0
2020-04-20,50-59,1857523.0
2020-04-21,50-59,1857478.0
2020-04-22,50-59,1857423.0
2020-04-23,50-59,1857386.0
2020-04-24,50-59,1857340.0
2020-04-25,50-59,1857297.0
2020-04-26,50-59,1857268.0
2020-04-27,50-59,1857233.0
2020-04-28,50-59,1857187.0
2020-04-29,50-59,1857146.0
2020-04-30,50-59,1857105.0
2020-05-01,50-59,1857049.0
2020-05-02,50-59,1857013.0
2020-05-03,50-59,1856990.0
2020-05-04,50-59,1856959.0
2020-05-05,50-59,1856923.0
2020-05-06,50-59,1856879.0
2020-05-07,50-59,1856825.0
2020-05-08,50-59,1856787.0
2020-05-09,50-59,1856744.0
2020-05-10,50-59,1856699.0
2020-05-11,50-59,1856652.0
2020-05-12,50-59,1856596.0
2020-05-13,50-59,1856540.0
2020-05-14,50-59,1856474.0
2020-05-15,50-59,1856383.0
2020-05-16,50-59,1856251.0
2020-05-17,50-59,1856139.0
2020-05-18,50-59,1856047.0
2020-05-19,50-59,1855947.0
2020-05-20,50-59,1855819.0
2020-05-21,50-59,1855662.0
2020-05-22,50-59,1855498.0
2020-05-23,50-59,1855362.0
2020-05-24,50-59,1855228.0
2020-05-25,50-59,1855087.0
2020-05-26,50-59,1854900.0
2020-05-27,50-59,1854678.0
2020-05-28,50-59,1854454.0
2020-05-29,50-59,1854241.0
2020-05-30,50-59,1854030.0
2020-05-31,50-59,1853824.0
2020-06-01,50-59,1853559.0
2020-06-02,50-59,1853245.0
2020-06-03,50-59,1852864.0
2020-06-04,50-59,1852462.0
2020-06-05,50-59,1852071.0
2020-06-06,50-59,1851683.0
2020-06-07,50-59,1851325.0
2020-06-08,50-59,1850958.0
2020-06-09,50-59,1850570.0
2020-06-10,50-59,1850157.0
2020-06-11,50-59,1849720.0
2020-06-12,50-59,1849259.0
2020-06-13,50-59,1848775.0
2020-06-14,50-59,1848280.0
2020-06-15,50-59,1847781.0
2020-06-16,50-59,1847328.0
2020-06-17,50-59,1846918.0
2020-06-18,50-59,1846502.0
2020-06-19,50-59,1846029.0
2020-06-20,50-59,1845524.0
2020-06-21,50-59,1844967.0
2020-06-22,50-59,1844406.0
2020-06-23,50-59,1843830.0
2020-06-24,50-59,1843245.0
2020-06-25,50-59,1842673.0
2020-06-26,50-59,1842114.0
2020-06-27,50-59,1841574.0
2020-06-28,50-59,1841007.0
2020-06-29,50-59,1840229.0
2020-06-30,50-59,1839205.0
2020-07-01,50-59,1837935.0
2020-07-02,50-59,1836662.0
2020-07-03,50-59,1835621.0
2020-07-04,50-59,1834820.0
2020-07-05,50-59,1834252.0
2020-07-06,50-59,1833791.0
2020-07-07,50-59,1833308.0
2020-07-08,50-59,1832795.0
2020-07-09,50-59,1832271.0
2020-07-10,50-59,1831740.0
2020-07-11,50-59,1831250.0
2020-07-12,50-59,1830805.0
2020-07-13,50-59,1830415.0
2020-07-14,50-59,1830069.0
2020-07-15,50-59,1829697.0
2020-07-16,50-59,1829285.0
2020-07-17,50-59,1828833.0
2020-07-18,50-59,1828385.0
2020-07-19,50-59,1827970.0
2020-07-20,50-59,1827589.0
2020-07-21,50-59,1827235.0
2020-07-22,50-59,1826914.0
2020-07-23,50-59,1826591.0
2020-07-24,50-59,1826253.0
2020-07-25,50-59,1825905.0
2020-07-26,50-59,1825559.0
2020-07-27,50-59,1825239.0
2020-07-28,50-59,1824958.0
2020-07-29,50-59,1824710.0
2020-07-30,50-59,1824473.0
2020-07-31,50-59,1824241.0
2020-08-01,50-59,1824001.0
2020-08-02,50-59,1823761.0
2020-08-03,50-59,1823527.0
2020-08-04,50-59,1823287.0
2020-08-05,50-59,1823048.0
2020-08-06,50-59,1822814.0
2020-08-07,50-59,1822585.0
2020-08-08,50-59,1822368.0
2020-08-09,50-59,1822164.0
2020-08-10,50-59,1821958.0
2020-08-11,50-59,1821749.0
2020-08-12,50-59,1821544.0
2020-08-13,50-59,1821340.0
2020-08-14,50-59,1821126.0
2020-08-15,50-59,1820918.0
2020-08-16,50-59,1820717.0
2020-08-17,50-59,1820501.0
2020-08-18,50-59,1820288.0
2020-08-19,50-59,1820069.0
2020-08-20,50-59,1819843.0
2020-08-21,50-59,1819615.0
2020-08-22,50-59,1819378.0
2020-08-23,50-59,1819147.0
2020-08-24,50-59,1818921.0
2020-08-25,50-59,1818703.0
2020-08-26,50-59,1818497.0
2020-08-27,50-59,1818294.0
2020-08-28,50-59,1818084.0
2020-08-29,50-59,1817869.0
2020-08-30,50-59,1817653.0
2020-08-31,50-59,1817437.0
2020-09-01,50-59,1817242.0
2020-09-02,50-59,1817057.0
2020-09-03,50-59,1816863.0
2020-09-04,50-59,1816656.0
2020-09-05,50-59,1816437.0
2020-09-06,50-59,1816206.0
2020-09-07,50-59,1815995.0
2020-09-08,50-59,1815796.0
2020-09-09,50-59,1815619.0
2020-09-10,50-59,1815437.0
2020-09-11,50-59,1815240.0
2020-09-12,50-59,1815028.0
2020-09-13,50-59,1814794.0
2020-09-14,50-59,1814572.0
2020-09-15,50-59,1814366.0
2020-09-16,50-59,1814177.0
2020-09-17,50-59,1813993.0
2020-09-18,50-59,1813783.0
2020-09-19,50-59,1813561.0
2020-09-20,50-59,1813325.0
2020-09-21,50-59,1813104.0
2020-09-22,50-59,1812913.0
2020-09-23,50-59,1812743.0
2020-09-24,50-59,1812572.0
2020-09-25,50-59,1812373.0
2020-09-26,50-59,1812164.0
2020-09-27,50-59,1811939.0
2020-09-28,50-59,1811724.0
2020-09-29,50-59,1811518.0
2020-09-30,50-59,1811323.0
2020-10-01,50-59,1811142.0
2020-10-02,50-59,1810963.0
2020-10-03,50-59,1810795.0
2020-10-04,50-59,1810631.0
2020-10-05,50-59,1810462.0
2020-10-06,50-59,1810280.0
2020-10-07,50-59,1810086.0
2020-10-08,50-59,1809876.0
2020-10-09,50-59,1809666.0
2020-10-10,50-59,1809445.0
2020-10-11,50-59,1809228.0
2020-10-12,50-59,1809039.0
2020-10-13,50-59,1808891.0
2020-10-14,50-59,1808781.0
2020-10-15,50-59,1808708.0
2020-10-16,50-59,1808659.0
2020-10-17,50-59,1808568.0
2020-10-18,50-59,1808415.0
2020-10-19,50-59,1808201.0
2020-10-20,50-59,1807922.0
2020-10-21,50-59,1807588.0
2020-10-22,50-59,1807256.0
2020-10-23,50-59,1806982.0
2020-10-24,50-59,1806762.0
2020-10-25,50-59,1806597.0
2020-10-26,50-59,1806444.0
2020-10-27,50-59,1806302.0
2020-10-28,50-59,1806175.0
2020-10-29,50-59,1806046.0
2020-10-30,50-59,1805890.0
2020-10-31,50-59,1805716.0
2020-11-01,50-59,1805520.0
2020-11-02,50-59,1805327.0
2020-11-03,50-59,1805143.0
2020-11-04,50-59,1804959.0
2020-11-05,50-59,1804788.0
2020-11-06,50-59,1804616.0
2020-11-07,50-59,1804450.0
2020-11-08,50-59,1804287.0
2020-11-09,50-59,1804134.0
2020-11-10,50-59,1803993.0
2020-11-11,50-59,1803870.0
2020-11-12,50-59,1803740.0
2020-11-13,50-59,1803591.0
2020-11-14,50-59,1803425.0
2020-11-15,50-59,1803242.0
2020-11-16,50-59,1803071.0
2020-11-17,50-59,1802917.0
2020-11-18,50-59,1802773.0
2020-11-19,50-59,1802635.0
2020-11-20,50-59,1802480.0
2020-11-21,50-59,1802315.0
2020-11-22,50-59,1802136.0
2020-11-23,50-59,1801959.0
2020-11-24,50-59,1801801.0
2020-11-25,50-59,1801654.0
2020-11-26,50-59,1801505.0
2020-11-27,50-59,1801346.0
2020-11-28,50-59,1801188.0
2020-11-29,50-59,1801026.0
2020-11-30,50-59,1800870.0
2020-12-01,50-59,1800716.0
2020-12-02,50-59,1800573.0
2020-12-03,50-59,1800431.0
2020-12-04,50-59,1800287.0
2020-12-05,50-59,1800127.0
2020-12-06,50-59,1799968.0
2020-12-07,50-59,1799806.0
2020-12-08,50-59,1799652.0
2020-12-09,50-59,1799500.0
2020-12-10,50-59,1799350.0
2020-12-11,50-59,1799179.0
2020-12-12,50-59,1798998.0
2020-12-13,50-59,1798807.0
2020-12-14,50-59,1798627.0
2020-12-15,50-59,1798463.0
2020-12-16,50-59,1798316.0
2020-12-17,50-59,1798170.0
2020-12-18,50-59,1798014.0
2020-12-19,50-59,1797841.0
2020-12-20,50-59,1797658.0
2020-12-21,50-59,1797475.0
2020-12-22,50-59,1797304.0
2020-12-23,50-59,1797141.0
2020-12-24,50-59,1796977.0
2020-12-25,50-59,1796799.0
2020-12-26,50-59,1796598.0
2020-12-27,50-59,1796401.0
2020-12-28,50-59,1796201.0
2020-12-29,50-59,1796010.0
2020-12-30,50-59,1795818.0
2020-12-31,50-59,1795619.0
2021-01-01,50-59,1795409.0
2021-01-02,50-59,1795187.0
2021-01-03,50-59,1794958.0
2021-01-04,50-59,1794721.0
2021-01-05,50-59,1794487.0
2021-01-06,50-59,1794261.0
2021-01-07,50-59,1794029.0
2021-01-08,50-59,1793803.0
2021-01-09,50-59,1793574.0
2021-01-10,50-59,1793342.0
2021-01-11,50-59,1793096.0
2021-01-12,50-59,1792841.0
2021-01-13,50-59,1792563.0
2021-01-14,50-59,1792279.0
2021-01-15,50-59,1791992.0
2021-01-16,50-59,1791701.0
2021-01-17,50-59,1791418.0
2021-01-18,50-59,1791106.0
2021-01-19,50-59,1790778.0
2021-01-20,50-59,1790426.0
2021-01-21,50-59,1790056.0
2021-01-22,50-59,1789661.0
2021-01-23,50-59,1789250.0
2021-01-24,50-59,1788829.0
2021-01-25,50-59,1788406.0
2021-01-26,50-59,1787982.0
2021-01-27,50-59,1787472.0
2021-01-28,50-59,1786686.0
2021-01-29,50-59,1786072.0
2021-01-30,50-59,1785625.0
2021-01-31,50-59,1785187.0
2021-02-01,50-59,1784741.0
2021-02-02,50-59,1784302.0
2021-02-03,50-59,1783869.0
2021-02-04,50-59,1783420.0
2021-02-05,50-59,1782963.0
2021-02-06,50-59,1782501.0
2021-02-07,50-59,1782035.0
2021-02-08,50-59,1781486.0
2021-02-09,50-59,1781009.0
2021-02-10,50-59,1780584.0
2021-02-11,50-59,1780166.0
2021-02-12,50-59,1779746.0
2021-02-13,50-59,1779315.0
2021-02-14,50-59,1778878.0
2021-02-15,50-59,1778460.0
2021-02-16,50-59,1778057.0
2021-02-17,50-59,1777677.0
2021-02-18,50-59,1777130.0
2021-02-19,50-59,1776704.0
2021-02-20,50-59,1776290.0
2021-02-21,50-59,1775865.0
2021-02-22,50-59,1774207.0
2021-02-23,50-59,1771779.0
2021-02-24,50-59,1770500.0
2021-02-25,50-59,1769782.0
2021-02-26,50-59,1769378.0
2021-02-27,50-59,1768981.0
2021-02-28,50-59,1768574.0
2021-03-01,50-59,1768182.0
2021-03-02,50-59,1767817.0
2021-03-03,50-59,1767487.0
2021-03-04,50-59,1767148.0
2021-03-05,50-59,1766785.0
2021-03-06,50-59,1766407.0
2021-03-07,50-59,1766011.0
2021-03-08,50-59,1765604.0
2021-03-09,50-59,1765215.0
2021-03-10,50-59,1764813.0
2021-03-11,50-59,1764411.0
2021-03-12,50-59,1763979.0
2021-03-13,50-59,1763530.0
2021-03-14,50-59,1763057.0
2021-03-15,50-59,1762530.0
2021-03-16,50-59,1760664.0
2021-03-17,50-59,1747439.0
2021-03-18,50-59,1735233.0
2021-03-19,50-59,1724173.0
2021-03-20,50-59,1721853.0
2021-03-21,50-59,1720877.0
2021-03-22,50-59,1708435.0
2021-03-23,50-59,1693120.0
2021-03-24,50-59,1675582.0
2021-03-25,50-59,1655873.0
2021-03-26,50-59,1637734.0
2021-03-27,50-59,1633372.0
2021-03-28,50-59,1632167.0
2021-03-29,50-59,1590851.0
2021-03-30,50-59,1551555.0
2021-03-31,50-59,1522653.0
2021-04-01,50-59,1500292.0
2021-04-02,50-59,1481830.0
2021-04-03,50-59,1479869.0
2021-04-04,50-59,1479027.0
2021-04-05,50-59,1452879.0
2021-04-06,50-59,1436979.0
2021-04-07,50-59,1427446.0
2021-04-08,50-59,1419613.0
2021-04-09,50-59,1411163.0
2021-04-10,50-59,1410054.0
2021-04-11,50-59,1409278.0
2021-04-12,50-59,1389772.0
2021-04-13,50-59,1315996.0
2021-04-14,50-59,1230243.0
2021-04-15,50-59,1125104.0
2021-04-16,50-59,1120701.0
2021-04-17,50-59,1119172.0
2021-04-18,50-59,1118233.0
2021-04-19,50-59,972493.0
2021-04-20,50-59,867028.0
2021-04-21,50-59,772392.0
2021-04-22,50-59,719116.0
2021-04-23,50-59,674743.0
2021-04-24,50-59,667348.0
2021-04-25,50-59,666205.0
2021-04-26,50-59,625681.0
2021-04-27,50-59,592862.0
2021-04-28,50-59,565313.0
2021-04-29,50-59,541420.0
2021-04-30,50-59,518711.0
2021-05-01,50-59,515457.0
2021-05-02,50-59,514553.0
2021-05-03,50-59,484831.0
2021-05-04,50-59,459240.0
2021-05-05,50-59,404257.0
2021-05-06,50-59,347575.0
2021-05-07,50-59,292380.0
2021-05-08,50-59,288012.0
2021-05-09,50-59,287278.0
2021-05-10,50-59,207568.0
2021-05-11,50-59,142235.0
2021-05-12,50-59,100091.0
2021-05-13,50-59,72269.0
2021-05-14,50-59,61297.0
2021-05-15,50-59,60623.0
2021-05-16,50-59,60026.0
2021-05-17,50-59,42065.0
2021-05-18,50-59,26913.0
2021-05-19,50-59,12615.0
2021-05-20,50-59,-3954.0
2021-05-21,50-59,-18102.0
2021-05-22,50-59,-20356.0
2021-05-23,50-59,-20890.0
2021-05-24,50-59,-31818.0
2021-05-25,50-59,-43838.0
2021-05-26,50-59,-53164.0
2021-05-27,50-59,-61123.0
2021-05-28,50-59,-70054.0
2021-05-29,50-59,-70614.0
2021-05-30,50-59,-71152.0
2021-05-31,50-59,-79983.0
2021-06-01,50-59,-89269.0
2021-06-02,50-59,-97499.0
2021-06-03,50-59,-105721.0
2021-06-04,50-59,-106419.0
2021-06-05,50-59,-107881.0
2021-06-06,50-59,-108468.0
2021-06-07,50-59,-116655.0
2021-06-08,50-59,-123207.0
2021-06-09,50-59,-128242.0
2021-06-10,50-59,-132788.0
2021-06-11,50-59,-138873.0
2021-06-12,50-59,-140303.0
2021-06-13,50-59,-141045.0
2021-06-14,50-59,-146682.0
2021-06-15,50-59,-152044.0
2021-06-16,50-59,-156763.0
2021-06-17,50-59,-2011030.0
2021-06-18,50-59,-2015595.0
2021-06-19,50-59,-2017060.0
2020-03-16,60-69,1046293.0
2020-03-17,60-69,1046293.0
2020-03-18,60-69,1046293.0
2020-03-19,60-69,1046293.0
2020-03-20,60-69,1046293.0
2020-03-21,60-69,1046292.0
2020-03-22,60-69,1046291.0
2020-03-23,60-69,1046290.0
2020-03-24,60-69,1046289.0
2020-03-25,60-69,1046289.0
2020-03-26,60-69,1046288.0
2020-03-27,60-69,1046287.0
2020-03-28,60-69,1046284.0
2020-03-29,60-69,1046284.0
2020-03-30,60-69,1046282.0
2020-03-31,60-69,1046280.0
2020-04-01,60-69,1046279.0
2020-04-02,60-69,1046276.0
2020-04-03,60-69,1046274.0
2020-04-04,60-69,1046272.0
2020-04-05,60-69,1046270.0
2020-04-06,60-69,1046266.0
2020-04-07,60-69,1046261.0
2020-04-08,60-69,1046255.0
2020-04-09,60-69,1046243.0
2020-04-10,60-69,1046233.0
2020-04-11,60-69,1046217.0
2020-04-12,60-69,1046206.0
2020-04-13,60-69,1046194.0
2020-04-14,60-69,1046183.0
2020-04-15,60-69,1046152.0
2020-04-16,60-69,1046141.0
2020-04-17,60-69,1046110.0
2020-04-18,60-69,1046076.0
2020-04-19,60-69,1046055.0
2020-04-20,60-69,1046039.0
2020-04-21,60-69,1046023.0
2020-04-22,60-69,1045984.0
2020-04-23,60-69,1045958.0
2020-04-24,60-69,1045928.0
2020-04-25,60-69,1045902.0
2020-04-26,60-69,1045879.0
2020-04-27,60-69,1045866.0
2020-04-28,60-69,1045847.0
2020-04-29,60-69,1045812.0
2020-04-30,60-69,1045779.0
2020-05-01,60-69,1045746.0
2020-05-02,60-69,1045711.0
2020-05-03,60-69,1045689.0
2020-05-04,60-69,1045668.0
2020-05-05,60-69,1045650.0
2020-05-06,60-69,1045627.0
2020-05-07,60-69,1045599.0
2020-05-08,60-69,1045579.0
2020-05-09,60-69,1045548.0
2020-05-10,60-69,1045514.0
2020-05-11,60-69,1045492.0
2020-05-12,60-69,1045442.0
2020-05-13,60-69,1045396.0
2020-05-14,60-69,1045353.0
2020-05-15,60-69,1045307.0
2020-05-16,60-69,1045245.0
2020-05-17,60-69,1045179.0
2020-05-18,60-69,1045099.0
2020-05-19,60-69,1045038.0
2020-05-20,60-69,1044978.0
2020-05-21,60-69,1044885.0
2020-05-22,60-69,1044802.0
2020-05-23,60-69,1044713.0
2020-05-24,60-69,1044624.0
2020-05-25,60-69,1044521.0
2020-05-26,60-69,1044406.0
2020-05-27,60-69,1044269.0
2020-05-28,60-69,1044128.0
2020-05-29,60-69,1043979.0
2020-05-30,60-69,1043850.0
2020-05-31,60-69,1043726.0
2020-06-01,60-69,1043559.0
2020-06-02,60-69,1043368.0
2020-06-03,60-69,1043146.0
2020-06-04,60-69,1042925.0
2020-06-05,60-69,1042694.0
2020-06-06,60-69,1042474.0
2020-06-07,60-69,1042260.0
2020-06-08,60-69,1042047.0
2020-06-09,60-69,1041808.0
2020-06-10,60-69,1041559.0
2020-06-11,60-69,1041297.0
2020-06-12,60-69,1041024.0
2020-06-13,60-69,1040726.0
2020-06-14,60-69,1040397.0
2020-06-15,60-69,1040110.0
2020-06-16,60-69,1039835.0
2020-06-17,60-69,1039571.0
2020-06-18,60-69,1039333.0
2020-06-19,60-69,1039070.0
2020-06-20,60-69,1038775.0
2020-06-21,60-69,1038468.0
2020-06-22,60-69,1038156.0
2020-06-23,60-69,1037849.0
2020-06-24,60-69,1037531.0
2020-06-25,60-69,1037217.0
2020-06-26,60-69,1036907.0
2020-06-27,60-69,1036596.0
2020-06-28,60-69,1036283.0
2020-06-29,60-69,1035865.0
2020-06-30,60-69,1035335.0
2020-07-01,60-69,1034697.0
2020-07-02,60-69,1034047.0
2020-07-03,60-69,1033518.0
2020-07-04,60-69,1033108.0
2020-07-05,60-69,1032831.0
2020-07-06,60-69,1032601.0
2020-07-07,60-69,1032346.0
2020-07-08,60-69,1032080.0
2020-07-09,60-69,1031803.0
2020-07-10,60-69,1031526.0
2020-07-11,60-69,1031268.0
2020-07-12,60-69,1031030.0
2020-07-13,60-69,1030807.0
2020-07-14,60-69,1030617.0
2020-07-15,60-69,1030405.0
2020-07-16,60-69,1030184.0
2020-07-17,60-69,1029956.0
2020-07-18,60-69,1029729.0
2020-07-19,60-69,1029512.0
2020-07-20,60-69,1029308.0
2020-07-21,60-69,1029098.0
2020-07-22,60-69,1028898.0
2020-07-23,60-69,1028716.0
2020-07-24,60-69,1028528.0
2020-07-25,60-69,1028346.0
2020-07-26,60-69,1028182.0
2020-07-27,60-69,1028008.0
2020-07-28,60-69,1027859.0
2020-07-29,60-69,1027711.0
2020-07-30,60-69,1027571.0
2020-07-31,60-69,1027428.0
2020-08-01,60-69,1027282.0
2020-08-02,60-69,1027144.0
2020-08-03,60-69,1027002.0
2020-08-04,60-69,1026852.0
2020-08-05,60-69,1026716.0
2020-08-06,60-69,1026576.0
2020-08-07,60-69,1026436.0
2020-08-08,60-69,1026303.0
2020-08-09,60-69,1026173.0
2020-08-10,60-69,1026044.0
2020-08-11,60-69,1025917.0
2020-08-12,60-69,1025795.0
2020-08-13,60-69,1025676.0
2020-08-14,60-69,1025544.0
2020-08-15,60-69,1025428.0
2020-08-16,60-69,1025309.0
2020-08-17,60-69,1025190.0
2020-08-18,60-69,1025075.0
2020-08-19,60-69,1024950.0
2020-08-20,60-69,1024821.0
2020-08-21,60-69,1024684.0
2020-08-22,60-69,1024551.0
2020-08-23,60-69,1024406.0
2020-08-24,60-69,1024265.0
2020-08-25,60-69,1024132.0
2020-08-26,60-69,1024006.0
2020-08-27,60-69,1023877.0
2020-08-28,60-69,1023749.0
2020-08-29,60-69,1023621.0
2020-08-30,60-69,1023491.0
2020-08-31,60-69,1023365.0
2020-09-01,60-69,1023250.0
2020-09-02,60-69,1023154.0
2020-09-03,60-69,1023052.0
2020-09-04,60-69,1022947.0
2020-09-05,60-69,1022830.0
2020-09-06,60-69,1022706.0
2020-09-07,60-69,1022582.0
2020-09-08,60-69,1022456.0
2020-09-09,60-69,1022345.0
2020-09-10,60-69,1022235.0
2020-09-11,60-69,1022126.0
2020-09-12,60-69,1022011.0
2020-09-13,60-69,1021892.0
2020-09-14,60-69,1021769.0
2020-09-15,60-69,1021654.0
2020-09-16,60-69,1021543.0
2020-09-17,60-69,1021436.0
2020-09-18,60-69,1021308.0
2020-09-19,60-69,1021166.0
2020-09-20,60-69,1021012.0
2020-09-21,60-69,1020868.0
2020-09-22,60-69,1020745.0
2020-09-23,60-69,1020626.0
2020-09-24,60-69,1020515.0
2020-09-25,60-69,1020407.0
2020-09-26,60-69,1020292.0
2020-09-27,60-69,1020179.0
2020-09-28,60-69,1020073.0
2020-09-29,60-69,1019957.0
2020-09-30,60-69,1019845.0
2020-10-01,60-69,1019742.0
2020-10-02,60-69,1019637.0
2020-10-03,60-69,1019532.0
2020-10-04,60-69,1019437.0
2020-10-05,60-69,1019336.0
2020-10-06,60-69,1019229.0
2020-10-07,60-69,1019119.0
2020-10-08,60-69,1019017.0
2020-10-09,60-69,1018901.0
2020-10-10,60-69,1018780.0
2020-10-11,60-69,1018654.0
2020-10-12,60-69,1018545.0
2020-10-13,60-69,1018461.0
2020-10-14,60-69,1018395.0
2020-10-15,60-69,1018349.0
2020-10-16,60-69,1018327.0
2020-10-17,60-69,1018275.0
2020-10-18,60-69,1018196.0
2020-10-19,60-69,1018081.0
2020-10-20,60-69,1017933.0
2020-10-21,60-69,1017763.0
2020-10-22,60-69,1017590.0
2020-10-23,60-69,1017430.0
2020-10-24,60-69,1017295.0
2020-10-25,60-69,1017184.0
2020-10-26,60-69,1017086.0
2020-10-27,60-69,1017003.0
2020-10-28,60-69,1016915.0
2020-10-29,60-69,1016835.0
2020-10-30,60-69,1016740.0
2020-10-31,60-69,1016626.0
2020-11-01,60-69,1016502.0
2020-11-02,60-69,1016384.0
2020-11-03,60-69,1016276.0
2020-11-04,60-69,1016186.0
2020-11-05,60-69,1016094.0
2020-11-06,60-69,1016010.0
2020-11-07,60-69,1015918.0
2020-11-08,60-69,1015827.0
2020-11-09,60-69,1015740.0
2020-11-10,60-69,1015664.0
2020-11-11,60-69,1015587.0
2020-11-12,60-69,1015514.0
2020-11-13,60-69,1015423.0
2020-11-14,60-69,1015328.0
2020-11-15,60-69,1015212.0
2020-11-16,60-69,1015108.0
2020-11-17,60-69,1015019.0
2020-11-18,60-69,1014930.0
2020-11-19,60-69,1014841.0
2020-11-20,60-69,1014754.0
2020-11-21,60-69,1014674.0
2020-11-22,60-69,1014583.0
2020-11-23,60-69,1014501.0
2020-11-24,60-69,1014417.0
2020-11-25,60-69,1014341.0
2020-11-26,60-69,1014260.0
2020-11-27,60-69,1014168.0
2020-11-28,60-69,1014077.0
2020-11-29,60-69,1013974.0
2020-11-30,60-69,1013875.0
2020-12-01,60-69,1013797.0
2020-12-02,60-69,1013721.0
2020-12-03,60-69,1013643.0
2020-12-04,60-69,1013557.0
2020-12-05,60-69,1013475.0
2020-12-06,60-69,1013375.0
2020-12-07,60-69,1013289.0
2020-12-08,60-69,1013200.0
2020-12-09,60-69,1013114.0
2020-12-10,60-69,1013036.0
2020-12-11,60-69,1012955.0
2020-12-12,60-69,1012870.0
2020-12-13,60-69,1012779.0
2020-12-14,60-69,1012684.0
2020-12-15,60-69,1012594.0
2020-12-16,60-69,1012506.0
2020-12-17,60-69,1012413.0
2020-12-18,60-69,1012322.0
2020-12-19,60-69,1012220.0
2020-12-20,60-69,1012111.0
2020-12-21,60-69,1012009.0
2020-12-22,60-69,1011914.0
2020-12-23,60-69,1011831.0
2020-12-24,60-69,1011732.0
2020-12-25,60-69,1011620.0
2020-12-26,60-69,1011491.0
2020-12-27,60-69,1011348.0
2020-12-28,60-69,1011212.0
2020-12-29,60-69,1011087.0
2020-12-30,60-69,1010972.0
2020-12-31,60-69,1010857.0
2021-01-01,60-69,1010739.0
2021-01-02,60-69,1010614.0
2021-01-03,60-69,1010481.0
2021-01-04,60-69,1010342.0
2021-01-05,60-69,1010218.0
2021-01-06,60-69,1010088.0
2021-01-07,60-69,1009963.0
2021-01-08,60-69,1009853.0
2021-01-09,60-69,1009745.0
2021-01-10,60-69,1009639.0
2021-01-11,60-69,1009509.0
2021-01-12,60-69,1009367.0
2021-01-13,60-69,1009213.0
2021-01-14,60-69,1009045.0
2021-01-15,60-69,1008885.0
2021-01-16,60-69,1008728.0
2021-01-17,60-69,1008574.0
2021-01-18,60-69,1008422.0
2021-01-19,60-69,1008254.0
2021-01-20,60-69,1008073.0
2021-01-21,60-69,1007884.0
2021-01-22,60-69,1007677.0
2021-01-23,60-69,1007450.0
2021-01-24,60-69,1007203.0
2021-01-25,60-69,1006965.0
2021-01-26,60-69,1006723.0
2021-01-27,60-69,1006466.0
2021-01-28,60-69,1006182.0
2021-01-29,60-69,1005940.0
2021-01-30,60-69,1005711.0
2021-01-31,60-69,1005468.0
2021-02-01,60-69,1005221.0
2021-02-02,60-69,1004992.0
2021-02-03,60-69,1004757.0
2021-02-04,60-69,1004521.0
2021-02-05,60-69,1004276.0
2021-02-06,60-69,1004020.0
2021-02-07,60-69,1003756.0
2021-02-08,60-69,1003489.0
2021-02-09,60-69,1003228.0
2021-02-10,60-69,1002973.0
2021-02-11,60-69,1002723.0
2021-02-12,60-69,1002473.0
2021-02-13,60-69,1002220.0
2021-02-14,60-69,1001972.0
2021-02-15,60-69,1001740.0
2021-02-16,60-69,1001515.0
2021-02-17,60-69,1001302.0
2021-02-18,60-69,1001062.0
2021-02-19,60-69,1000832.0
2021-02-20,60-69,1000600.0
2021-02-21,60-69,1000368.0
2021-02-22,60-69,999878.0
2021-02-23,60-69,999227.0
2021-02-24,60-69,998807.0
2021-02-25,60-69,998525.0
2021-02-26,60-69,998310.0
2021-02-27,60-69,998105.0
2021-02-28,60-69,997885.0
2021-03-01,60-69,997674.0
2021-03-02,60-69,997471.0
2021-03-03,60-69,997281.0
2021-03-04,60-69,997092.0
2021-03-05,60-69,996899.0
2021-03-06,60-69,996698.0
2021-03-07,60-69,996487.0
2021-03-08,60-69,996270.0
2021-03-09,60-69,996036.0
2021-03-10,60-69,995803.0
2021-03-11,60-69,995560.0
2021-03-12,60-69,995308.0
2021-03-13,60-69,995051.0
2021-03-14,60-69,994768.0
2021-03-15,60-69,994484.0
2021-03-16,60-69,993672.0
2021-03-17,60-69,981524.0
2021-03-18,60-69,964606.0
2021-03-19,60-69,944757.0
2021-03-20,60-69,939407.0
2021-03-21,60-69,936770.0
2021-03-22,60-69,906523.0
2021-03-23,60-69,870417.0
2021-03-24,60-69,823325.0
2021-03-25,60-69,737656.0
2021-03-26,60-69,621929.0
2021-03-27,60-69,613316.0
2021-03-28,60-69,611443.0
2021-03-29,60-69,465032.0
2021-03-30,60-69,354665.0
2021-03-31,60-69,254669.0
2021-04-01,60-69,166581.0
2021-04-02,60-69,82548.0
2021-04-03,60-69,77965.0
2021-04-04,60-69,77174.0
2021-04-05,60-69,30979.0
2021-04-06,60-69,2673.0
2021-04-07,60-69,-17577.0
2021-04-08,60-69,-34091.0
2021-04-09,60-69,-50487.0
2021-04-10,60-69,-51655.0
2021-04-11,60-69,-52062.0
2021-04-12,60-69,-111591.0
2021-04-13,60-69,-132511.0
2021-04-14,60-69,-147270.0
2021-04-15,60-69,-163680.0
2021-04-16,60-69,-164340.0
2021-04-17,60-69,-164738.0
2021-04-18,60-69,-165023.0
2021-04-19,60-69,-181229.0
2021-04-20,60-69,-190838.0
2021-04-21,60-69,-199362.0
2021-04-22,60-69,-207145.0
2021-04-23,60-69,-214923.0
2021-04-24,60-69,-216113.0
2021-04-25,60-69,-216437.0
2021-04-26,60-69,-223964.0
2021-04-27,60-69,-230596.0
2021-04-28,60-69,-236713.0
2021-04-29,60-69,-242111.0
2021-04-30,60-69,-247532.0
2021-05-01,60-69,-248377.0
2021-05-02,60-69,-248722.0
2021-05-03,60-69,-254292.0
2021-05-04,60-69,-258828.0
2021-05-05,60-69,-262731.0
2021-05-06,60-69,-266251.0
2021-05-07,60-69,-269500.0
2021-05-08,60-69,-269977.0
2021-05-09,60-69,-270245.0
2021-05-10,60-69,-274026.0
2021-05-11,60-69,-277326.0
2021-05-12,60-69,-280314.0
2021-05-13,60-69,-282856.0
2021-05-14,60-69,-284033.0
2021-05-15,60-69,-284294.0
2021-05-16,60-69,-284548.0
2021-05-17,60-69,-286995.0
2021-05-18,60-69,-289301.0
2021-05-19,60-69,-291625.0
2021-05-20,60-69,-293715.0
2021-05-21,60-69,-295649.0
2021-05-22,60-69,-296066.0
2021-05-23,60-69,-296323.0
2021-05-24,60-69,-298244.0
2021-05-25,60-69,-300433.0
2021-05-26,60-69,-302231.0
2021-05-27,60-69,-303918.0
2021-05-28,60-69,-305705.0
2021-05-29,60-69,-305994.0
2021-05-30,60-69,-306293.0
2021-05-31,60-69,-308186.0
2021-06-01,60-69,-310147.0
2021-06-02,60-69,-311875.0
2021-06-03,60-69,-313777.0
2021-06-04,60-69,-314082.0
2021-06-05,60-69,-314509.0
2021-06-06,60-69,-314819.0
2021-06-07,60-69,-316764.0
2021-06-08,60-69,-318457.0
2021-06-09,60-69,-319844.0
2021-06-10,60-69,-321032.0
2021-06-11,60-69,-322698.0
2021-06-12,60-69,-323173.0
2021-06-13,60-69,-323528.0
2021-06-14,60-69,-325087.0
2021-06-15,60-69,-326637.0
2021-06-16,60-69,-328016.0
2021-06-17,60-69,-1364781.0
2021-06-18,60-69,-1366151.0
2021-06-19,60-69,-1366684.0
2020-03-16,70-79,4988470.0
2020-03-17,70-79,4988470.0
2020-03-18,70-79,4988470.0
2020-03-19,70-79,4988470.0
2020-03-20,70-79,4988470.0
2020-03-21,70-79,4988470.0
2020-03-22,70-79,4988470.0
2020-03-23,70-79,4988470.0
2020-03-24,70-79,4988470.0
2020-03-25,70-79,4988470.0
2020-03-26,70-79,4988470.0
2020-03-27,70-79,4988470.0
2020-03-28,70-79,4988470.0
2020-03-29,70-79,4988470.0
2020-03-30,70-79,4988470.0
2020-03-31,70-79,4988470.0
2020-04-01,70-79,4988470.0
2020-04-02,70-79,4988470.0
2020-04-03,70-79,4988470.0
2020-04-04,70-79,4988470.0
2020-04-05,70-79,4988470.0
2020-04-06,70-79,4988470.0
2020-04-07,70-79,4988470.0
2020-04-08,70-79,4988470.0
2020-04-09,70-79,4988462.0
2020-04-10,70-79,4988455.0
2020-04-11,70-79,4988442.0
2020-04-12,70-79,4988434.0
2020-04-13,70-79,4988425.0
2020-04-14,70-79,4988409.0
2020-04-15,70-79,4988394.0
2020-04-16,70-79,4988388.0
2020-04-17,70-79,4988363.0
2020-04-18,70-79,4988347.0
2020-04-19,70-79,4988331.0
2020-04-20,70-79,4988308.0
2020-04-21,70-79,4988291.0
2020-04-22,70-79,4988237.0
2020-04-23,70-79,4988203.0
2020-04-24,70-79,4988174.0
2020-04-25,70-79,4988136.0
2020-04-26,70-79,4988111.0
2020-04-27,70-79,4988090.0
2020-04-28,70-79,4988073.0
2020-04-29,70-79,4988037.0
2020-04-30,70-79,4987986.0
2020-05-01,70-79,4987950.0
2020-05-02,70-79,4987900.0
2020-05-03,70-79,4987864.0
2020-05-04,70-79,4987838.0
2020-05-05,70-79,4987779.0
2020-05-06,70-79,4987725.0
2020-05-07,70-79,4987677.0
2020-05-08,70-79,4987635.0
2020-05-09,70-79,4987574.0
2020-05-10,70-79,4987508.0
2020-05-11,70-79,4987462.0
2020-05-12,70-79,4987396.0
2020-05-13,70-79,4987329.0
2020-05-14,70-79,4987257.0
2020-05-15,70-79,4987145.0
2020-05-16,70-79,4987001.0
2020-05-17,70-79,4986895.0
2020-05-18,70-79,4986797.0
2020-05-19,70-79,4986669.0
2020-05-20,70-79,4986528.0
2020-05-21,70-79,4986394.0
2020-05-22,70-79,4986265.0
2020-05-23,70-79,4986138.0
2020-05-24,70-79,4986011.0
2020-05-25,70-79,4985839.0
2020-05-26,70-79,4985619.0
2020-05-27,70-79,4985348.0
2020-05-28,70-79,4985068.0
2020-05-29,70-79,4984817.0
2020-05-30,70-79,4984596.0
2020-05-31,70-79,4984394.0
2020-06-01,70-79,4984155.0
2020-06-02,70-79,4983867.0
2020-06-03,70-79,4983531.0
2020-06-04,70-79,4983177.0
2020-06-05,70-79,4982835.0
2020-06-06,70-79,4982504.0
2020-06-07,70-79,4982182.0
2020-06-08,70-79,4981864.0
2020-06-09,70-79,4981546.0
2020-06-10,70-79,4981229.0
2020-06-11,70-79,4980907.0
2020-06-12,70-79,4980576.0
2020-06-13,70-79,4980236.0
2020-06-14,70-79,4979887.0
2020-06-15,70-79,4979548.0
2020-06-16,70-79,4979223.0
2020-06-17,70-79,4978912.0
2020-06-18,70-79,4978610.0
2020-06-19,70-79,4978313.0
2020-06-20,70-79,4978025.0
2020-06-21,70-79,4977740.0
2020-06-22,70-79,4977433.0
2020-06-23,70-79,4977102.0
2020-06-24,70-79,4976746.0
2020-06-25,70-79,4976401.0
2020-06-26,70-79,4976101.0
2020-06-27,70-79,4975849.0
2020-06-28,70-79,4975595.0
2020-06-29,70-79,4975060.0
2020-06-30,70-79,4974194.0
2020-07-01,70-79,4972999.0
2020-07-02,70-79,4971765.0
2020-07-03,70-79,4970784.0
2020-07-04,70-79,4970055.0
2020-07-05,70-79,4969578.0
2020-07-06,70-79,4969204.0
2020-07-07,70-79,4968785.0
2020-07-08,70-79,4968321.0
2020-07-09,70-79,4967813.0
2020-07-10,70-79,4967274.0
2020-07-11,70-79,4966796.0
2020-07-12,70-79,4966394.0
2020-07-13,70-79,4966070.0
2020-07-14,70-79,4965804.0
2020-07-15,70-79,4965499.0
2020-07-16,70-79,4965134.0
2020-07-17,70-79,4964712.0
2020-07-18,70-79,4964278.0
2020-07-19,70-79,4963875.0
2020-07-20,70-79,4963504.0
2020-07-21,70-79,4963165.0
2020-07-22,70-79,4962851.0
2020-07-23,70-79,4962524.0
2020-07-24,70-79,4962177.0
2020-07-25,70-79,4961809.0
2020-07-26,70-79,4961430.0
2020-07-27,70-79,4961075.0
2020-07-28,70-79,4960754.0
2020-07-29,70-79,4960465.0
2020-07-30,70-79,4960201.0
2020-07-31,70-79,4959956.0
2020-08-01,70-79,4959729.0
2020-08-02,70-79,4959519.0
2020-08-03,70-79,4959328.0
2020-08-04,70-79,4959150.0
2020-08-05,70-79,4958964.0
2020-08-06,70-79,4958763.0
2020-08-07,70-79,4958549.0
2020-08-08,70-79,4958322.0
2020-08-09,70-79,4958085.0
2020-08-10,70-79,4957861.0
2020-08-11,70-79,4957655.0
2020-08-12,70-79,4957465.0
2020-08-13,70-79,4957281.0
2020-08-14,70-79,4957090.0
2020-08-15,70-79,4956894.0
2020-08-16,70-79,4956686.0
2020-08-17,70-79,4956437.0
2020-08-18,70-79,4956140.0
2020-08-19,70-79,4955797.0
2020-08-20,70-79,4955433.0
2020-08-21,70-79,4955077.0
2020-08-22,70-79,4954727.0
2020-08-23,70-79,4954384.0
2020-08-24,70-79,4954054.0
2020-08-25,70-79,4953737.0
2020-08-26,70-79,4953434.0
2020-08-27,70-79,4953139.0
2020-08-28,70-79,4952844.0
2020-08-29,70-79,4952550.0
2020-08-30,70-79,4952260.0
2020-08-31,70-79,4951986.0
2020-09-01,70-79,4951734.0
2020-09-02,70-79,4951502.0
2020-09-03,70-79,4951266.0
2020-09-04,70-79,4950998.0
2020-09-05,70-79,4950698.0
2020-09-06,70-79,4950375.0
2020-09-07,70-79,4950061.0
2020-09-08,70-79,4949763.0
2020-09-09,70-79,4949482.0
2020-09-10,70-79,4949204.0
2020-09-11,70-79,4948920.0
2020-09-12,70-79,4948629.0
2020-09-13,70-79,4948332.0
2020-09-14,70-79,4948044.0
2020-09-15,70-79,4947765.0
2020-09-16,70-79,4947498.0
2020-09-17,70-79,4947226.0
2020-09-18,70-79,4946937.0
2020-09-19,70-79,4946630.0
2020-09-20,70-79,4946309.0
2020-09-21,70-79,4945997.0
2020-09-22,70-79,4945699.0
2020-09-23,70-79,4945414.0
2020-09-24,70-79,4945131.0
2020-09-25,70-79,4944840.0
2020-09-26,70-79,4944541.0
2020-09-27,70-79,4944235.0
2020-09-28,70-79,4943933.0
2020-09-29,70-79,4943636.0
2020-09-30,70-79,4943347.0
2020-10-01,70-79,4943066.0
2020-10-02,70-79,4942798.0
2020-10-03,70-79,4942542.0
2020-10-04,70-79,4942296.0
2020-10-05,70-79,4942042.0
2020-10-06,70-79,4941779.0
2020-10-07,70-79,4941507.0
2020-10-08,70-79,4941213.0
2020-10-09,70-79,4940890.0
2020-10-10,70-79,4940537.0
2020-10-11,70-79,4940167.0
2020-10-12,70-79,4939857.0
2020-10-13,70-79,4939621.0
2020-10-14,70-79,4939458.0
2020-10-15,70-79,4939368.0
2020-10-16,70-79,4939328.0
2020-10-17,70-79,4939201.0
2020-10-18,70-79,4938965.0
2020-10-19,70-79,4938619.0
2020-10-20,70-79,4938163.0
2020-10-21,70-79,4937597.0
2020-10-22,70-79,4937030.0
2020-10-23,70-79,4936568.0
2020-10-24,70-79,4936213.0
2020-10-25,70-79,4935952.0
2020-10-26,70-79,4935712.0
2020-10-27,70-79,4935483.0
2020-10-28,70-79,4935263.0
2020-10-29,70-79,4935038.0
2020-10-30,70-79,4934792.0
2020-10-31,70-79,4934526.0
2020-11-01,70-79,4934242.0
2020-11-02,70-79,4933966.0
2020-11-03,70-79,4933700.0
2020-11-04,70-79,4933446.0
2020-11-05,70-79,4933200.0
2020-11-06,70-79,4932954.0
2020-11-07,70-79,4932707.0
2020-11-08,70-79,4932458.0
2020-11-09,70-79,4932215.0
2020-11-10,70-79,4931988.0
2020-11-11,70-79,4931780.0
2020-11-12,70-79,4931568.0
2020-11-13,70-79,4931330.0
2020-11-14,70-79,4931065.0
2020-11-15,70-79,4930781.0
2020-11-16,70-79,4930517.0
2020-11-17,70-79,4930282.0
2020-11-18,70-79,4930075.0
2020-11-19,70-79,4929871.0
2020-11-20,70-79,4929648.0
2020-11-21,70-79,4929406.0
2020-11-22,70-79,4929148.0
2020-11-23,70-79,4928901.0
2020-11-24,70-79,4928669.0
2020-11-25,70-79,4928453.0
2020-11-26,70-79,4928232.0
2020-11-27,70-79,4927993.0
2020-11-28,70-79,4927733.0
2020-11-29,70-79,4927459.0
2020-11-30,70-79,4927201.0
2020-12-01,70-79,4926966.0
2020-12-02,70-79,4926752.0
2020-12-03,70-79,4926541.0
2020-12-04,70-79,4926312.0
2020-12-05,70-79,4926065.0
2020-12-06,70-79,4925804.0
2020-12-07,70-79,4925552.0
2020-12-08,70-79,4925315.0
2020-12-09,70-79,4925093.0
2020-12-10,70-79,4924866.0
2020-12-11,70-79,4924616.0
2020-12-12,70-79,4924343.0
2020-12-13,70-79,4924053.0
2020-12-14,70-79,4923779.0
2020-12-15,70-79,4923527.0
2020-12-16,70-79,4923298.0
2020-12-17,70-79,4923072.0
2020-12-18,70-79,4922836.0
2020-12-19,70-79,4922589.0
2020-12-20,70-79,4922334.0
2020-12-21,70-79,4922088.0
2020-12-22,70-79,4921855.0
2020-12-23,70-79,4921634.0
2020-12-24,70-79,4921406.0
2020-12-25,70-79,4921150.0
2020-12-26,70-79,4920866.0
2020-12-27,70-79,4920558.0
2020-12-28,70-79,4920252.0
2020-12-29,70-79,4919953.0
2020-12-30,70-79,4919660.0
2020-12-31,70-79,4919369.0
2021-01-01,70-79,4919073.0
2021-01-02,70-79,4918772.0
2021-01-03,70-79,4918466.0
2021-01-04,70-79,4918155.0
2021-01-05,70-79,4917839.0
2021-01-06,70-79,4917518.0
2021-01-07,70-79,4917206.0
2021-01-08,70-79,4916917.0
2021-01-09,70-79,4916652.0
2021-01-10,70-79,4916400.0
2021-01-11,70-79,4916106.0
2021-01-12,70-79,4915759.0
2021-01-13,70-79,4915361.0
2021-01-14,70-79,4914941.0
2021-01-15,70-79,4914531.0
2021-01-16,70-79,4914132.0
2021-01-17,70-79,4913739.0
2021-01-18,70-79,4913328.0
2021-01-19,70-79,4912898.0
2021-01-20,70-79,4912447.0
2021-01-21,70-79,4911958.0
2021-01-22,70-79,4911410.0
2021-01-23,70-79,4910804.0
2021-01-24,70-79,4910150.0
2021-01-25,70-79,4909521.0
2021-01-26,70-79,4908926.0
2021-01-27,70-79,4908367.0
2021-01-28,70-79,4907819.0
2021-01-29,70-79,4907258.0
2021-01-30,70-79,4906684.0
2021-01-31,70-79,4906098.0
2021-02-01,70-79,4905510.0
2021-02-02,70-79,4904921.0
2021-02-03,70-79,4904331.0
2021-02-04,70-79,4903734.0
2021-02-05,70-79,4903124.0
2021-02-06,70-79,4902501.0
2021-02-07,70-79,4901870.0
2021-02-08,70-79,4901257.0
2021-02-09,70-79,4900667.0
2021-02-10,70-79,4900099.0
2021-02-11,70-79,4899534.0
2021-02-12,70-79,4898949.0
2021-02-13,70-79,4898344.0
2021-02-14,70-79,4897728.0
2021-02-15,70-79,4897153.0
2021-02-16,70-79,4896631.0
2021-02-17,70-79,4896161.0
2021-02-18,70-79,4895701.0
2021-02-19,70-79,4895210.0
2021-02-20,70-79,4894689.0
2021-02-21,70-79,4894145.0
2021-02-22,70-79,4893630.0
2021-02-23,70-79,4893151.0
2021-02-24,70-79,4892708.0
2021-02-25,70-79,4892260.0
2021-02-26,70-79,4891762.0
2021-02-27,70-79,4891218.0
2021-02-28,70-79,4890638.0
2021-03-01,70-79,4890096.0
2021-03-02,70-79,4889602.0
2021-03-03,70-79,4889157.0
2021-03-04,70-79,4888716.0
2021-03-05,70-79,4888233.0
2021-03-06,70-79,4887708.0
2021-03-07,70-79,4887145.0
2021-03-08,70-79,4886564.0
2021-03-09,70-79,4885969.0
2021-03-10,70-79,4885359.0
2021-03-11,70-79,4884727.0
2021-03-12,70-79,4884068.0
2021-03-13,70-79,4883380.0
2021-03-14,70-79,4882668.0
2021-03-15,70-79,4881951.0
2021-03-16,70-79,4881237.0
2021-03-17,70-79,4880523.0
2021-03-18,70-79,4879790.0
2021-03-19,70-79,4879013.0
2021-03-20,70-79,4878198.0
2021-03-21,70-79,4877346.0
2021-03-22,70-79,4876484.0
2021-03-23,70-79,4875616.0
2021-03-24,70-79,4874743.0
2021-03-25,70-79,4873864.0
2021-03-26,70-79,4872978.0
2021-03-27,70-79,4872087.0
2021-03-28,70-79,4871188.0
2021-03-29,70-79,4870258.0
2021-03-30,70-79,4869297.0
2021-03-31,70-79,4868305.0
2021-04-01,70-79,4867273.0
2021-04-02,70-79,4866195.0
2021-04-03,70-79,4865071.0
2021-04-04,70-79,4863911.0
2021-04-05,70-79,4862789.0
2021-04-06,70-79,4861721.0
2021-04-07,70-79,4860704.0
2021-04-08,70-79,4859662.0
2021-04-09,70-79,4858514.0
2021-04-10,70-79,4857262.0
2021-04-11,70-79,4855923.0
2021-04-12,70-79,4854607.0
2021-04-13,70-79,4853334.0
2021-04-14,70-79,4852105.0
2021-04-15,70-79,4850916.0
2021-04-16,70-79,4849762.0
2021-04-17,70-79,4848643.0
2021-04-18,70-79,4847537.0
2021-04-19,70-79,4846314.0
2021-04-20,70-79,4844951.0
2021-04-21,70-79,4843449.0
2021-04-22,70-79,4841916.0
2021-04-23,70-79,4840459.0
2021-04-24,70-79,4839081.0
2021-04-25,70-79,4837763.0
2021-04-26,70-79,4836421.0
2021-04-27,70-79,4835040.0
2021-04-28,70-79,4833618.0
2021-04-29,70-79,4832182.0
2021-04-30,70-79,4830758.0
2021-05-01,70-79,4829348.0
2021-05-02,70-79,4827953.0
2021-05-03,70-79,4826589.0
2021-05-04,70-79,4825259.0
2021-05-05,70-79,4823962.0
2021-05-06,70-79,4822678.0
2021-05-07,70-79,4821387.0
2021-05-08,70-79,4820088.0
2021-05-09,70-79,4818781.0
2021-05-10,70-79,4817468.0
2021-05-11,70-79,4816147.0
2021-05-12,70-79,4814819.0
2021-05-13,70-79,4813497.0
2021-05-14,70-79,4812196.0
2021-05-15,70-79,4810914.0
2021-05-16,70-79,4809655.0
2021-05-17,70-79,4808425.0
2021-05-18,70-79,4807224.0
2021-05-19,70-79,4806054.0
2021-05-20,70-79,4804893.0
2021-05-21,70-79,4803717.0
2021-05-22,70-79,4802526.0
2021-05-23,70-79,4801325.0
2021-05-24,70-79,4800139.0
2021-05-25,70-79,4798974.0
2021-05-26,70-79,4797827.0
2021-05-27,70-79,4796661.0
2021-05-28,70-79,4795437.0
2021-05-29,70-79,4794154.0
2021-05-30,70-79,4792817.0
2021-05-31,70-79,4791453.0
2021-06-01,70-79,4790067.0
2021-06-02,70-79,4788661.0
2021-06-03,70-79,4787272.0
2021-06-04,70-79,4785940.0
2021-06-05,70-79,4784666.0
2021-06-06,70-79,4783433.0
2021-06-07,70-79,4782141.0
2021-06-08,70-79,4780773.0
2021-06-09,70-79,4779328.0
2021-06-10,70-79,4777833.0
2021-06-11,70-79,4776308.0
2021-06-12,70-79,4774756.0
2021-06-13,70-79,4773180.0
2021-06-14,70-79,4771631.0
2021-06-15,70-79,4770118.0
2021-06-16,70-79,4768638.0
2021-06-17,70-79,-221180.0
2021-06-18,70-79,-222712.0
2021-06-19,70-79,-224290.0
2020-03-16,>=80,568070.0
2020-03-17,>=80,568070.0
2020-03-18,>=80,568070.0
2020-03-19,>=80,568070.0
2020-03-20,>=80,568069.0
2020-03-21,>=80,568067.0
2020-03-22,>=80,568067.0
2020-03-23,>=80,568067.0
2020-03-24,>=80,568067.0
2020-03-25,>=80,568066.0
2020-03-26,>=80,568065.0
2020-03-27,>=80,568064.0
2020-03-28,>=80,568062.0
2020-03-29,>=80,568060.0
2020-03-30,>=80,568057.0
2020-03-31,>=80,568054.0
2020-04-01,>=80,568051.0
2020-04-02,>=80,568046.0
2020-04-03,>=80,568043.0
2020-04-04,>=80,568034.0
2020-04-05,>=80,568030.0
2020-04-06,>=80,568023.0
2020-04-07,>=80,568016.0
2020-04-08,>=80,568008.0
2020-04-09,>=80,567999.0
2020-04-10,>=80,567994.0
2020-04-11,>=80,567984.0
2020-04-12,>=80,567978.0
2020-04-13,>=80,567969.0
2020-04-14,>=80,567960.0
2020-04-15,>=80,567943.0
2020-04-16,>=80,567936.0
2020-04-17,>=80,567923.0
2020-04-18,>=80,567908.0
2020-04-19,>=80,567890.0
2020-04-20,>=80,567877.0
2020-04-21,>=80,567863.0
2020-04-22,>=80,567830.0
2020-04-23,>=80,567806.0
2020-04-24,>=80,567781.0
2020-04-25,>=80,567757.0
2020-04-26,>=80,567742.0
2020-04-27,>=80,567722.0
2020-04-28,>=80,567701.0
2020-04-29,>=80,567682.0
2020-04-30,>=80,567664.0
2020-05-01,>=80,567634.0
2020-05-02,>=80,567610.0
2020-05-03,>=80,567578.0
2020-05-04,>=80,567555.0
2020-05-05,>=80,567541.0
2020-05-06,>=80,567509.0
2020-05-07,>=80,567481.0
2020-05-08,>=80,567462.0
2020-05-09,>=80,567423.0
2020-05-10,>=80,567383.0
2020-05-11,>=80,567355.0
2020-05-12,>=80,567309.0
2020-05-13,>=80,567256.0
2020-05-14,>=80,567215.0
2020-05-15,>=80,567177.0
2020-05-16,>=80,567121.0
2020-05-17,>=80,567068.0
2020-05-18,>=80,567004.0
2020-05-19,>=80,566944.0
2020-05-20,>=80,566873.0
2020-05-21,>=80,566812.0
2020-05-22,>=80,566739.0
2020-05-23,>=80,566654.0
2020-05-24,>=80,566572.0
2020-05-25,>=80,566482.0
2020-05-26,>=80,566377.0
2020-05-27,>=80,566260.0
2020-05-28,>=80,566142.0
2020-05-29,>=80,566033.0
2020-05-30,>=80,565926.0
2020-05-31,>=80,565820.0
2020-06-01,>=80,565705.0
2020-06-02,>=80,565573.0
2020-06-03,>=80,565412.0
2020-06-04,>=80,565251.0
2020-06-05,>=80,565078.0
2020-06-06,>=80,564908.0
2020-06-07,>=80,564731.0
2020-06-08,>=80,564545.0
2020-06-09,>=80,564346.0
2020-06-10,>=80,564166.0
2020-06-11,>=80,563961.0
2020-06-12,>=80,563762.0
2020-06-13,>=80,563532.0
2020-06-14,>=80,563319.0
2020-06-15,>=80,563101.0
2020-06-16,>=80,562896.0
2020-06-17,>=80,562710.0
2020-06-18,>=80,562539.0
2020-06-19,>=80,562349.0
2020-06-20,>=80,562156.0
2020-06-21,>=80,561931.0
2020-06-22,>=80,561686.0
2020-06-23,>=80,561439.0
2020-06-24,>=80,561179.0
2020-06-25,>=80,560923.0
2020-06-26,>=80,560676.0
2020-06-27,>=80,560457.0
2020-06-28,>=80,560238.0
2020-06-29,>=80,559965.0
2020-06-30,>=80,559617.0
2020-07-01,>=80,559177.0
2020-07-02,>=80,558728.0
2020-07-03,>=80,558359.0
2020-07-04,>=80,558074.0
2020-07-05,>=80,557856.0
2020-07-06,>=80,557660.0
2020-07-07,>=80,557460.0
2020-07-08,>=80,557265.0
2020-07-09,>=80,557070.0
2020-07-10,>=80,556867.0
2020-07-11,>=80,556677.0
2020-07-12,>=80,556515.0
2020-07-13,>=80,556354.0
2020-07-14,>=80,556213.0
2020-07-15,>=80,556085.0
2020-07-16,>=80,555932.0
2020-07-17,>=80,555778.0
2020-07-18,>=80,555619.0
2020-07-19,>=80,555460.0
2020-07-20,>=80,555298.0
2020-07-21,>=80,555135.0
2020-07-22,>=80,554992.0
2020-07-23,>=80,554844.0
2020-07-24,>=80,554687.0
2020-07-25,>=80,554545.0
2020-07-26,>=80,554399.0
2020-07-27,>=80,554255.0
2020-07-28,>=80,554131.0
2020-07-29,>=80,554002.0
2020-07-30,>=80,553904.0
2020-07-31,>=80,553793.0
2020-08-01,>=80,553673.0
2020-08-02,>=80,553570.0
2020-08-03,>=80,553468.0
2020-08-04,>=80,553376.0
2020-08-05,>=80,553274.0
2020-08-06,>=80,553170.0
2020-08-07,>=80,553058.0
2020-08-08,>=80,552949.0
2020-08-09,>=80,552831.0
2020-08-10,>=80,552732.0
2020-08-11,>=80,552633.0
2020-08-12,>=80,552535.0
2020-08-13,>=80,552453.0
2020-08-14,>=80,552372.0
2020-08-15,>=80,552289.0
2020-08-16,>=80,552199.0
2020-08-17,>=80,552117.0
2020-08-18,>=80,552029.0
2020-08-19,>=80,551946.0
2020-08-20,>=80,551862.0
2020-08-21,>=80,551759.0
2020-08-22,>=80,551661.0
2020-08-23,>=80,551563.0
2020-08-24,>=80,551460.0
2020-08-25,>=80,551367.0
2020-08-26,>=80,551280.0
2020-08-27,>=80,551195.0
2020-08-28,>=80,551109.0
2020-08-29,>=80,551015.0
2020-08-30,>=80,550925.0
2020-08-31,>=80,550833.0
2020-09-01,>=80,550752.0
2020-09-02,>=80,550681.0
2020-09-03,>=80,550609.0
2020-09-04,>=80,550533.0
2020-09-05,>=80,550444.0
2020-09-06,>=80,550357.0
2020-09-07,>=80,550268.0
2020-09-08,>=80,550183.0
2020-09-09,>=80,550087.0
2020-09-10,>=80,549987.0
2020-09-11,>=80,549884.0
2020-09-12,>=80,549794.0
2020-09-13,>=80,549700.0
2020-09-14,>=80,549608.0
2020-09-15,>=80,549527.0
2020-09-16,>=80,549442.0
2020-09-17,>=80,549347.0
2020-09-18,>=80,549250.0
2020-09-19,>=80,549148.0
2020-09-20,>=80,549046.0
2020-09-21,>=80,548953.0
2020-09-22,>=80,548868.0
2020-09-23,>=80,548792.0
2020-09-24,>=80,548711.0
2020-09-25,>=80,548629.0
2020-09-26,>=80,548553.0
2020-09-27,>=80,548460.0
2020-09-28,>=80,548376.0
2020-09-29,>=80,548290.0
2020-09-30,>=80,548209.0
2020-10-01,>=80,548131.0
2020-10-02,>=80,548061.0
2020-10-03,>=80,547988.0
2020-10-04,>=80,547925.0
2020-10-05,>=80,547842.0
2020-10-06,>=80,547752.0
2020-10-07,>=80,547658.0
2020-10-08,>=80,547566.0
2020-10-09,>=80,547468.0
2020-10-10,>=80,547375.0
2020-10-11,>=80,547284.0
2020-10-12,>=80,547207.0
2020-10-13,>=80,547147.0
2020-10-14,>=80,547104.0
2020-10-15,>=80,547064.0
2020-10-16,>=80,547037.0
2020-10-17,>=80,546985.0
2020-10-18,>=80,546912.0
2020-10-19,>=80,546807.0
2020-10-20,>=80,546680.0
2020-10-21,>=80,546526.0
2020-10-22,>=80,546372.0
2020-10-23,>=80,546257.0
2020-10-24,>=80,546180.0
2020-10-25,>=80,546129.0
2020-10-26,>=80,546076.0
2020-10-27,>=80,546020.0
2020-10-28,>=80,545959.0
2020-10-29,>=80,545887.0
2020-10-30,>=80,545821.0
2020-10-31,>=80,545744.0
2020-11-01,>=80,545663.0
2020-11-02,>=80,545583.0
2020-11-03,>=80,545506.0
2020-11-04,>=80,545440.0
2020-11-05,>=80,545375.0
2020-11-06,>=80,545310.0
2020-11-07,>=80,545243.0
2020-11-08,>=80,545188.0
2020-11-09,>=80,545131.0
2020-11-10,>=80,545079.0
2020-11-11,>=80,545032.0
2020-11-12,>=80,544977.0
2020-11-13,>=80,544910.0
2020-11-14,>=80,544837.0
2020-11-15,>=80,544754.0
2020-11-16,>=80,544678.0
2020-11-17,>=80,544609.0
2020-11-18,>=80,544547.0
2020-11-19,>=80,544486.0
2020-11-20,>=80,544419.0
2020-11-21,>=80,544355.0
2020-11-22,>=80,544287.0
2020-11-23,>=80,544211.0
2020-11-24,>=80,544143.0
2020-11-25,>=80,544086.0
2020-11-26,>=80,544020.0
2020-11-27,>=80,543951.0
2020-11-28,>=80,543890.0
2020-11-29,>=80,543805.0
2020-11-30,>=80,543741.0
2020-12-01,>=80,543684.0
2020-12-02,>=80,543643.0
2020-12-03,>=80,543599.0
2020-12-04,>=80,543549.0
2020-12-05,>=80,543487.0
2020-12-06,>=80,543422.0
2020-12-07,>=80,543352.0
2020-12-08,>=80,543301.0
2020-12-09,>=80,543248.0
2020-12-10,>=80,543193.0
2020-12-11,>=80,543131.0
2020-12-12,>=80,543077.0
2020-12-13,>=80,543019.0
2020-12-14,>=80,542961.0
2020-12-15,>=80,542900.0
2020-12-16,>=80,542839.0
2020-12-17,>=80,542784.0
2020-12-18,>=80,542728.0
2020-12-19,>=80,542667.0
2020-12-20,>=80,542588.0
2020-12-21,>=80,542527.0
2020-12-22,>=80,542463.0
2020-12-23,>=80,542405.0
2020-12-24,>=80,542350.0
2020-12-25,>=80,542279.0
2020-12-26,>=80,542187.0
2020-12-27,>=80,542081.0
2020-12-28,>=80,541993.0
2020-12-29,>=80,541914.0
2020-12-30,>=80,541855.0
2020-12-31,>=80,541784.0
2021-01-01,>=80,541708.0
2021-01-02,>=80,541623.0
2021-01-03,>=80,541536.0
2021-01-04,>=80,541453.0
2021-01-05,>=80,541374.0
2021-01-06,>=80,541292.0
2021-01-07,>=80,541207.0
2021-01-08,>=80,541126.0
2021-01-09,>=80,541055.0
2021-01-10,>=80,540987.0
2021-01-11,>=80,540906.0
2021-01-12,>=80,540810.0
2021-01-13,>=80,540714.0
2021-01-14,>=80,540610.0
2021-01-15,>=80,540502.0
2021-01-16,>=80,540388.0
2021-01-17,>=80,540273.0
2021-01-18,>=80,540144.0
2021-01-19,>=80,540027.0
2021-01-20,>=80,539909.0
2021-01-21,>=80,539795.0
2021-01-22,>=80,539663.0
2021-01-23,>=80,539529.0
2021-01-24,>=80,539363.0
2021-01-25,>=80,539214.0
2021-01-26,>=80,539080.0
2021-01-27,>=80,538945.0
2021-01-28,>=80,538815.0
2021-01-29,>=80,538676.0
2021-01-30,>=80,538534.0
2021-01-31,>=80,538382.0
2021-02-01,>=80,538247.0
2021-02-02,>=80,538108.0
2021-02-03,>=80,537968.0
2021-02-04,>=80,537826.0
2021-02-05,>=80,537674.0
2021-02-06,>=80,537521.0
2021-02-07,>=80,537361.0
2021-02-08,>=80,537213.0
2021-02-09,>=80,537063.0
2021-02-10,>=80,536902.0
2021-02-11,>=80,536761.0
2021-02-12,>=80,536610.0
2021-02-13,>=80,536459.0
2021-02-14,>=80,536314.0
2021-02-15,>=80,536150.0
2021-02-16,>=80,536014.0
2021-02-17,>=80,535869.0
2021-02-18,>=80,535725.0
2021-02-19,>=80,535586.0
2021-02-20,>=80,535444.0
2021-02-21,>=80,535313.0
2021-02-22,>=80,535045.0
2021-02-23,>=80,534691.0
2021-02-24,>=80,534421.0
2021-02-25,>=80,534209.0
2021-02-26,>=80,534075.0
2021-02-27,>=80,533933.0
2021-02-28,>=80,533792.0
2021-03-01,>=80,533650.0
2021-03-02,>=80,533519.0
2021-03-03,>=80,533410.0
2021-03-04,>=80,533298.0
2021-03-05,>=80,533175.0
2021-03-06,>=80,533041.0
2021-03-07,>=80,532914.0
2021-03-08,>=80,532783.0
2021-03-09,>=80,532644.0
2021-03-10,>=80,532477.0
2021-03-11,>=80,532325.0
2021-03-12,>=80,532145.0
2021-03-13,>=80,531945.0
2021-03-14,>=80,531725.0
2021-03-15,>=80,531519.0
2021-03-16,>=80,530882.0
2021-03-17,>=80,483033.0
2021-03-18,>=80,413309.0
2021-03-19,>=80,340766.0
2021-03-20,>=80,330009.0
2021-03-21,>=80,326795.0
2021-03-22,>=80,202341.0
2021-03-23,>=80,72981.0
2021-03-24,>=80,-66496.0
2021-03-25,>=80,-144857.0
2021-03-26,>=80,-180963.0
2021-03-27,>=80,-185940.0
2021-03-28,>=80,-186830.0
2021-03-29,>=80,-214414.0
2021-03-30,>=80,-236761.0
2021-03-31,>=80,-254877.0
2021-04-01,>=80,-271028.0
2021-04-02,>=80,-284792.0
2021-04-03,>=80,-286438.0
2021-04-04,>=80,-286840.0
2021-04-05,>=80,-302689.0
2021-04-06,>=80,-315706.0
2021-04-07,>=80,-326185.0
2021-04-08,>=80,-335142.0
2021-04-09,>=80,-343120.0
2021-04-10,>=80,-343727.0
2021-04-11,>=80,-343935.0
2021-04-12,>=80,-349740.0
2021-04-13,>=80,-354666.0
2021-04-14,>=80,-359318.0
2021-04-15,>=80,-364502.0
2021-04-16,>=80,-364803.0
2021-04-17,>=80,-365035.0
2021-04-18,>=80,-365211.0
2021-04-19,>=80,-371132.0
2021-04-20,>=80,-375350.0
2021-04-21,>=80,-379205.0
2021-04-22,>=80,-383303.0
2021-04-23,>=80,-387213.0
2021-04-24,>=80,-387762.0
2021-04-25,>=80,-387951.0
2021-04-26,>=80,-391499.0
2021-04-27,>=80,-394639.0
2021-04-28,>=80,-397619.0
2021-04-29,>=80,-400472.0
2021-04-30,>=80,-403176.0
2021-05-01,>=80,-403660.0
2021-05-02,>=80,-403888.0
2021-05-03,>=80,-406397.0
2021-05-04,>=80,-408687.0
2021-05-05,>=80,-410765.0
2021-05-06,>=80,-412557.0
2021-05-07,>=80,-414241.0
2021-05-08,>=80,-414483.0
2021-05-09,>=80,-414637.0
2021-05-10,>=80,-416427.0
2021-05-11,>=80,-418100.0
2021-05-12,>=80,-419680.0
2021-05-13,>=80,-421083.0
2021-05-14,>=80,-421742.0
2021-05-15,>=80,-421929.0
2021-05-16,>=80,-422114.0
2021-05-17,>=80,-423358.0
2021-05-18,>=80,-424634.0
2021-05-19,>=80,-425868.0
2021-05-20,>=80,-427076.0
2021-05-21,>=80,-428049.0
2021-05-22,>=80,-428287.0
2021-05-23,>=80,-428449.0
2021-05-24,>=80,-429445.0
2021-05-25,>=80,-430614.0
2021-05-26,>=80,-431566.0
2021-05-27,>=80,-432496.0
2021-05-28,>=80,-433426.0
2021-05-29,>=80,-433611.0
2021-05-30,>=80,-433781.0
2021-05-31,>=80,-434683.0
2021-06-01,>=80,-435710.0
2021-06-02,>=80,-436599.0
2021-06-03,>=80,-437543.0
2021-06-04,>=80,-437734.0
2021-06-05,>=80,-437981.0
2021-06-06,>=80,-438168.0
2021-06-07,>=80,-439129.0
2021-06-08,>=80,-440019.0
2021-06-09,>=80,-440759.0
2021-06-10,>=80,-441467.0
2021-06-11,>=80,-442305.0
2021-06-12,>=80,-442582.0
2021-06-13,>=80,-442799.0
2021-06-14,>=80,-443574.0
2021-06-15,>=80,-444370.0
2021-06-16,>=80,-445129.0
2021-06-17,>=80,-999557.0
2021-06-18,>=80,-1000258.0
2021-06-19,>=80,-1000515.0
