Fecha,<=19,20-29,30-39,40-49,50-59,60-69,70-79,>=80
2020-03-16,3046000.0,3120583.0,2658453.0,2392614.0,1857879.0,1046293.0,4988470.0,568070.0
2020-03-17,3046000.0,3120583.0,2658453.0,2392614.0,1857879.0,1046293.0,4988470.0,568070.0
2020-03-18,3046000.0,3120583.0,2658453.0,2392614.0,1857878.0,1046293.0,4988470.0,568070.0
2020-03-19,3046000.0,3120583.0,2658453.0,2392614.0,1857877.0,1046293.0,4988470.0,568070.0
2020-03-20,3046000.0,3120583.0,2658453.0,2392614.0,1857876.0,1046293.0,4988470.0,568069.0
2020-03-21,3046000.0,3120583.0,2658453.0,2392614.0,1857876.0,1046292.0,4988470.0,568067.0
2020-03-22,3046000.0,3120583.0,2658453.0,2392614.0,1857876.0,1046291.0,4988470.0,568067.0
2020-03-23,3046000.0,3120583.0,2658453.0,2392614.0,1857876.0,1046290.0,4988470.0,568067.0
2020-03-24,3046000.0,3120583.0,2658453.0,2392613.0,1857876.0,1046289.0,4988470.0,568067.0
2020-03-25,3046000.0,3120583.0,2658453.0,2392613.0,1857876.0,1046289.0,4988470.0,568066.0
2020-03-26,3046000.0,3120583.0,2658453.0,2392613.0,1857876.0,1046288.0,4988470.0,568065.0
2020-03-27,3046000.0,3120583.0,2658453.0,2392613.0,1857875.0,1046287.0,4988470.0,568064.0
2020-03-28,3046000.0,3120583.0,2658453.0,2392613.0,1857875.0,1046284.0,4988470.0,568062.0
2020-03-29,3046000.0,3120583.0,2658452.0,2392613.0,1857873.0,1046284.0,4988470.0,568060.0
2020-03-30,3046000.0,3120583.0,2658451.0,2392613.0,1857872.0,1046282.0,4988470.0,568057.0
2020-03-31,3046000.0,3120583.0,2658451.0,2392613.0,1857870.0,1046280.0,4988470.0,568054.0
2020-04-01,3046000.0,3120583.0,2658451.0,2392612.0,1857869.0,1046279.0,4988470.0,568051.0
2020-04-02,3046000.0,3120583.0,2658451.0,2392612.0,1857867.0,1046276.0,4988470.0,568046.0
2020-04-03,3046000.0,3120581.0,2658451.0,2392611.0,1857864.0,1046274.0,4988470.0,568043.0
2020-04-04,3046000.0,3120581.0,2658451.0,2392610.0,1857862.0,1046272.0,4988470.0,568034.0
2020-04-05,3046000.0,3120581.0,2658450.0,2392608.0,1857862.0,1046271.0,4988470.0,568030.0
2020-04-06,3046000.0,3120581.0,2658450.0,2392607.0,1857859.0,1046267.0,4988470.0,568023.0
2020-04-07,3045999.0,3120581.0,2658450.0,2392607.0,1857857.0,1046262.0,4988470.0,568016.0
2020-04-08,3045999.0,3120581.0,2658450.0,2392606.0,1857856.0,1046256.0,4988470.0,568008.0
2020-04-09,3045959.0,3120515.0,2658401.0,2392563.0,1857832.0,1046244.0,4988462.0,567999.0
2020-04-10,3045926.0,3120473.0,2658358.0,2392535.0,1857808.0,1046234.0,4988455.0,567994.0
2020-04-11,3045878.0,3120398.0,2658311.0,2392469.0,1857780.0,1046218.0,4988442.0,567984.0
2020-04-12,3045850.0,3120360.0,2658261.0,2392447.0,1857753.0,1046207.0,4988434.0,567978.0
2020-04-13,3045822.0,3120320.0,2658217.0,2392414.0,1857734.0,1046195.0,4988425.0,567969.0
2020-04-14,3045773.0,3120244.0,2658157.0,2392368.0,1857702.0,1046184.0,4988409.0,567960.0
2020-04-15,3045709.0,3120170.0,2658084.0,2392290.0,1857666.0,1046153.0,4988394.0,567943.0
2020-04-16,3045672.0,3120113.0,2658052.0,2392258.0,1857643.0,1046142.0,4988388.0,567936.0
2020-04-17,3045566.0,3120000.0,2657973.0,2392190.0,1857610.0,1046111.0,4988363.0,567923.0
2020-04-18,3045476.0,3119919.0,2657905.0,2392134.0,1857569.0,1046077.0,4988347.0,567908.0
2020-04-19,3045428.0,3119841.0,2657835.0,2392085.0,1857550.0,1046056.0,4988331.0,567890.0
2020-04-20,3045377.0,3119781.0,2657790.0,2392042.0,1857523.0,1046040.0,4988308.0,567877.0
2020-04-21,3045331.0,3119727.0,2657739.0,2391996.0,1857478.0,1046024.0,4988291.0,567863.0
2020-04-22,3045184.0,3119549.0,2657585.0,2391864.0,1857423.0,1045985.0,4988237.0,567830.0
2020-04-23,3045091.0,3119475.0,2657510.0,2391799.0,1857386.0,1045959.0,4988203.0,567806.0
2020-04-24,3044997.0,3119351.0,2657434.0,2391726.0,1857340.0,1045929.0,4988174.0,567781.0
2020-04-25,3044906.0,3119262.0,2657364.0,2391679.0,1857297.0,1045903.0,4988136.0,567757.0
2020-04-26,3044842.0,3119198.0,2657299.0,2391629.0,1857268.0,1045880.0,4988111.0,567742.0
2020-04-27,3044775.0,3119093.0,2657208.0,2391562.0,1857233.0,1045867.0,4988090.0,567722.0
2020-04-28,3044702.0,3119022.0,2657171.0,2391521.0,1857187.0,1045848.0,4988073.0,567701.0
2020-04-29,3044613.0,3118901.0,2657076.0,2391442.0,1857146.0,1045813.0,4988037.0,567682.0
2020-04-30,3044522.0,3118787.0,2656973.0,2391350.0,1857105.0,1045780.0,4987986.0,567664.0
2020-05-01,3044415.0,3118681.0,2656875.0,2391282.0,1857050.0,1045747.0,4987950.0,567634.0
2020-05-02,3044332.0,3118558.0,2656799.0,2391212.0,1857014.0,1045712.0,4987900.0,567610.0
2020-05-03,3044263.0,3118474.0,2656726.0,2391163.0,1856990.0,1045690.0,4987864.0,567578.0
2020-05-04,3044175.0,3118387.0,2656672.0,2391110.0,1856959.0,1045669.0,4987838.0,567555.0
2020-05-05,3044082.0,3118305.0,2656622.0,2391061.0,1856923.0,1045651.0,4987779.0,567541.0
2020-05-06,3043990.0,3118203.0,2656549.0,2390987.0,1856879.0,1045628.0,4987725.0,567509.0
2020-05-07,3043879.0,3118091.0,2656455.0,2390907.0,1856825.0,1045600.0,4987677.0,567481.0
2020-05-08,3043783.0,3118000.0,2656386.0,2390846.0,1856787.0,1045580.0,4987635.0,567462.0
2020-05-09,3043666.0,3117859.0,2656285.0,2390759.0,1856745.0,1045549.0,4987574.0,567423.0
2020-05-10,3043558.0,3117755.0,2656219.0,2390675.0,1856700.0,1045515.0,4987508.0,567383.0
2020-05-11,3043460.0,3117663.0,2656142.0,2390624.0,1856653.0,1045493.0,4987462.0,567355.0
2020-05-12,3043321.0,3117514.0,2656034.0,2390538.0,1856597.0,1045443.0,4987396.0,567309.0
2020-05-13,3043168.0,3117334.0,2655916.0,2390430.0,1856541.0,1045397.0,4987329.0,567256.0
2020-05-14,3042996.0,3117130.0,2655783.0,2390303.0,1856475.0,1045354.0,4987257.0,567215.0
2020-05-15,3042732.0,3116866.0,2655584.0,2390130.0,1856384.0,1045308.0,4987145.0,567177.0
2020-05-16,3042391.0,3116555.0,2655334.0,2389920.0,1856252.0,1045246.0,4987001.0,567121.0
2020-05-17,3042142.0,3116294.0,2655146.0,2389744.0,1856140.0,1045180.0,4986895.0,567068.0
2020-05-18,3041934.0,3116050.0,2654988.0,2389587.0,1856048.0,1045100.0,4986797.0,567004.0
2020-05-19,3041688.0,3115768.0,2654800.0,2389416.0,1855947.0,1045039.0,4986669.0,566944.0
2020-05-20,3041410.0,3115452.0,2654575.0,2389231.0,1855819.0,1044979.0,4986528.0,566873.0
2020-05-21,3041104.0,3115101.0,2654308.0,2389015.0,1855663.0,1044886.0,4986394.0,566812.0
2020-05-22,3040798.0,3114755.0,2654039.0,2388804.0,1855500.0,1044803.0,4986265.0,566738.0
2020-05-23,3040512.0,3114445.0,2653814.0,2388618.0,1855363.0,1044714.0,4986138.0,566653.0
2020-05-24,3040237.0,3114155.0,2653619.0,2388444.0,1855228.0,1044625.0,4986011.0,566570.0
2020-05-25,3039890.0,3113770.0,2653360.0,2388214.0,1855087.0,1044522.0,4985839.0,566480.0
2020-05-26,3039458.0,3113269.0,2653014.0,2387910.0,1854901.0,1044407.0,4985619.0,566374.0
2020-05-27,3038942.0,3112659.0,2652583.0,2387526.0,1854678.0,1044270.0,4985348.0,566256.0
2020-05-28,3038405.0,3112034.0,2652137.0,2387133.0,1854454.0,1044129.0,4985068.0,566138.0
2020-05-29,3037912.0,3111490.0,2651732.0,2386773.0,1854240.0,1043980.0,4984817.0,566029.0
2020-05-30,3037462.0,3111025.0,2651370.0,2386454.0,1854028.0,1043851.0,4984596.0,565921.0
2020-05-31,3037038.0,3110607.0,2651024.0,2386161.0,1853822.0,1043727.0,4984394.0,565815.0
2020-06-01,3036493.0,3110028.0,2650581.0,2385760.0,1853557.0,1043560.0,4984155.0,565700.0
2020-06-02,3035803.0,3109249.0,2650018.0,2385234.0,1853243.0,1043369.0,4983867.0,565568.0
2020-06-03,3034970.0,3108276.0,2649333.0,2384584.0,1852862.0,1043147.0,4983531.0,565407.0
2020-06-04,3034077.0,3107219.0,2648586.0,2383892.0,1852460.0,1042926.0,4983177.0,565246.0
2020-06-05,3033212.0,3106196.0,2647827.0,2383215.0,1852069.0,1042695.0,4982835.0,565072.0
2020-06-06,3032372.0,3105204.0,2647059.0,2382562.0,1851681.0,1042476.0,4982504.0,564901.0
2020-06-07,3031552.0,3104243.0,2646280.0,2381936.0,1851323.0,1042260.0,4982182.0,564724.0
2020-06-08,3030726.0,3103294.0,2645540.0,2381300.0,1850956.0,1042047.0,4981864.0,564539.0
2020-06-09,3029887.0,3102348.0,2644844.0,2380655.0,1850568.0,1041808.0,4981546.0,564340.0
2020-06-10,3029034.0,3101408.0,2644190.0,2380012.0,1850155.0,1041559.0,4981229.0,564160.0
2020-06-11,3028145.0,3100449.0,2643519.0,2379342.0,1849718.0,1041297.0,4980907.0,563954.0
2020-06-12,3027190.0,3099431.0,2642778.0,2378614.0,1849257.0,1041024.0,4980576.0,563755.0
2020-06-13,3026175.0,3098359.0,2641963.0,2377840.0,1848773.0,1040726.0,4980236.0,563525.0
2020-06-14,3025117.0,3097246.0,2641098.0,2377030.0,1848278.0,1040397.0,4979887.0,563312.0
2020-06-15,3024132.0,3096168.0,2640267.0,2376260.0,1847779.0,1040110.0,4979548.0,563094.0
2020-06-16,3023238.0,3095144.0,2639491.0,2375542.0,1847326.0,1039835.0,4979223.0,562889.0
2020-06-17,3022434.0,3094167.0,2638774.0,2374880.0,1846916.0,1039571.0,4978912.0,562703.0
2020-06-18,3021621.0,3093160.0,2638036.0,2374201.0,1846500.0,1039333.0,4978610.0,562532.0
2020-06-19,3020694.0,3092035.0,2637205.0,2373425.0,1846027.0,1039070.0,4978313.0,562342.0
2020-06-20,3019655.0,3090803.0,2636273.0,2372564.0,1845522.0,1038775.0,4978025.0,562149.0
2020-06-21,3018515.0,3089478.0,2635269.0,2371621.0,1844964.0,1038468.0,4977740.0,561925.0
2020-06-22,3017349.0,3088169.0,2634282.0,2370691.0,1844403.0,1038157.0,4977433.0,561680.0
2020-06-23,3016171.0,3086887.0,2633329.0,2369772.0,1843827.0,1037850.0,4977102.0,561433.0
2020-06-24,3014979.0,3085630.0,2632401.0,2368884.0,1843242.0,1037532.0,4976746.0,561173.0
2020-06-25,3013826.0,3084408.0,2631488.0,2367990.0,1842670.0,1037218.0,4976401.0,560917.0
2020-06-26,3012755.0,3083223.0,2630583.0,2367072.0,1842111.0,1036908.0,4976101.0,560670.0
2020-06-27,3011767.0,3082077.0,2629684.0,2366138.0,1841572.0,1036597.0,4975849.0,560451.0
2020-06-28,3010757.0,3080876.0,2628725.0,2365119.0,1841005.0,1036284.0,4975595.0,560232.0
2020-06-29,3009086.0,3079078.0,2627328.0,2363723.0,1840227.0,1035866.0,4975060.0,559959.0
2020-06-30,3006647.0,3076590.0,2625424.0,2361895.0,1839204.0,1035336.0,4974194.0,559611.0
2020-07-01,3003440.0,3073415.0,2623015.0,2359645.0,1837934.0,1034698.0,4972999.0,559171.0
2020-07-02,3000189.0,3070213.0,2620591.0,2357393.0,1836661.0,1034048.0,4971765.0,558722.0
2020-07-03,2997621.0,3067651.0,2618646.0,2355566.0,1835620.0,1033519.0,4970784.0,558353.0
2020-07-04,2995732.0,3065727.0,2617178.0,2354183.0,1834819.0,1033109.0,4970055.0,558068.0
2020-07-05,2994525.0,3064448.0,2616192.0,2353235.0,1834251.0,1032832.0,4969578.0,557850.0
2020-07-06,2993621.0,3063450.0,2615412.0,2352484.0,1833790.0,1032602.0,4969204.0,557654.0
2020-07-07,2992643.0,3062382.0,2614579.0,2351696.0,1833307.0,1032347.0,4968785.0,557454.0
2020-07-08,2991593.0,3061240.0,2613696.0,2350867.0,1832794.0,1032081.0,4968321.0,557259.0
2020-07-09,2990468.0,3060025.0,2612753.0,2350003.0,1832270.0,1031804.0,4967813.0,557064.0
2020-07-10,2989298.0,3058765.0,2611781.0,2349117.0,1831738.0,1031527.0,4967274.0,556861.0
2020-07-11,2988245.0,3057620.0,2610908.0,2348316.0,1831248.0,1031269.0,4966796.0,556671.0
2020-07-12,2987342.0,3056618.0,2610148.0,2347610.0,1830803.0,1031031.0,4966394.0,556509.0
2020-07-13,2986586.0,3055757.0,2609501.0,2347003.0,1830413.0,1030808.0,4966070.0,556348.0
2020-07-14,2985946.0,3055014.0,2608943.0,2346471.0,1830067.0,1030618.0,4965804.0,556207.0
2020-07-15,2985240.0,3054227.0,2608336.0,2345880.0,1829695.0,1030406.0,4965499.0,556079.0
2020-07-16,2984436.0,3053368.0,2607654.0,2345216.0,1829283.0,1030185.0,4965134.0,555926.0
2020-07-17,2983535.0,3052441.0,2606896.0,2344472.0,1828831.0,1029957.0,4964712.0,555772.0
2020-07-18,2982631.0,3051510.0,2606135.0,2343727.0,1828383.0,1029730.0,4964278.0,555613.0
2020-07-19,2981817.0,3050645.0,2605442.0,2343057.0,1827968.0,1029513.0,4963875.0,555454.0
2020-07-20,2981093.0,3049846.0,2604815.0,2342462.0,1827587.0,1029309.0,4963504.0,555292.0
2020-07-21,2980458.0,3049111.0,2604255.0,2341939.0,1827233.0,1029099.0,4963165.0,555129.0
2020-07-22,2979897.0,3048431.0,2603747.0,2341479.0,1826912.0,1028899.0,4962851.0,554986.0
2020-07-23,2979305.0,3047744.0,2603229.0,2341008.0,1826589.0,1028717.0,4962524.0,554838.0
2020-07-24,2978667.0,3047038.0,2602691.0,2340510.0,1826251.0,1028529.0,4962177.0,554681.0
2020-07-25,2977982.0,3046312.0,2602128.0,2340000.0,1825903.0,1028347.0,4961809.0,554539.0
2020-07-26,2977263.0,3045581.0,2601550.0,2339473.0,1825557.0,1028183.0,4961430.0,554393.0
2020-07-27,2976596.0,3044916.0,2601013.0,2338987.0,1825237.0,1028009.0,4961075.0,554249.0
2020-07-28,2975996.0,3044328.0,2600525.0,2338547.0,1824956.0,1027860.0,4960754.0,554125.0
2020-07-29,2975460.0,3043817.0,2600092.0,2338155.0,1824708.0,1027711.0,4960465.0,553996.0
2020-07-30,2974967.0,3043345.0,2599686.0,2337789.0,1824471.0,1027571.0,4960201.0,553898.0
2020-07-31,2974491.0,3042877.0,2599293.0,2337425.0,1824239.0,1027428.0,4959956.0,553787.0
2020-08-01,2974032.0,3042410.0,2598911.0,2337070.0,1823999.0,1027282.0,4959729.0,553667.0
2020-08-02,2973592.0,3041947.0,2598540.0,2336723.0,1823759.0,1027144.0,4959519.0,553564.0
2020-08-03,2973170.0,3041487.0,2598183.0,2336377.0,1823525.0,1027002.0,4959328.0,553462.0
2020-08-04,2972764.0,3041030.0,2597835.0,2336031.0,1823285.0,1026852.0,4959150.0,553370.0
2020-08-05,2972351.0,3040571.0,2597485.0,2335685.0,1823046.0,1026716.0,4958964.0,553268.0
2020-08-06,2971929.0,3040112.0,2597131.0,2335343.0,1822812.0,1026576.0,4958763.0,553164.0
2020-08-07,2971500.0,3039653.0,2596778.0,2334997.0,1822583.0,1026436.0,4958549.0,553052.0
2020-08-08,2971061.0,3039192.0,2596424.0,2334656.0,1822366.0,1026303.0,4958322.0,552943.0
2020-08-09,2970619.0,3038733.0,2596069.0,2334307.0,1822162.0,1026173.0,4958085.0,552825.0
2020-08-10,2970199.0,3038292.0,2595719.0,2333969.0,1821956.0,1026044.0,4957861.0,552726.0
2020-08-11,2969808.0,3037878.0,2595380.0,2333644.0,1821747.0,1025917.0,4957655.0,552627.0
2020-08-12,2969444.0,3037487.0,2595052.0,2333326.0,1821542.0,1025795.0,4957465.0,552529.0
2020-08-13,2969094.0,3037108.0,2594731.0,2333008.0,1821338.0,1025676.0,4957281.0,552447.0
2020-08-14,2968744.0,3036729.0,2594414.0,2332691.0,1821124.0,1025544.0,4957090.0,552366.0
2020-08-15,2968393.0,3036350.0,2594102.0,2332366.0,1820916.0,1025427.0,4956894.0,552283.0
2020-08-16,2968035.0,3035968.0,2593793.0,2332040.0,1820715.0,1025308.0,4956686.0,552193.0
2020-08-17,2967623.0,3035547.0,2593457.0,2331710.0,1820499.0,1025189.0,4956437.0,552111.0
2020-08-18,2967151.0,3035084.0,2593095.0,2331379.0,1820286.0,1025075.0,4956140.0,552023.0
2020-08-19,2966618.0,3034577.0,2592703.0,2331047.0,1820067.0,1024950.0,4955797.0,551940.0
2020-08-20,2966059.0,3034047.0,2592299.0,2330703.0,1819841.0,1024821.0,4955433.0,551856.0
2020-08-21,2965508.0,3033510.0,2591893.0,2330335.0,1819613.0,1024684.0,4955077.0,551753.0
2020-08-22,2964965.0,3032971.0,2591488.0,2329942.0,1819376.0,1024551.0,4954727.0,551655.0
2020-08-23,2964432.0,3032432.0,2591082.0,2329527.0,1819145.0,1024406.0,4954384.0,551557.0
2020-08-24,2963922.0,3031908.0,2590682.0,2329128.0,1818919.0,1024265.0,4954054.0,551454.0
2020-08-25,2963440.0,3031410.0,2590288.0,2328758.0,1818701.0,1024132.0,4953737.0,551361.0
2020-08-26,2962983.0,3030940.0,2589903.0,2328411.0,1818495.0,1024006.0,4953434.0,551274.0
2020-08-27,2962540.0,3030487.0,2589530.0,2328084.0,1818292.0,1023877.0,4953139.0,551189.0
2020-08-28,2962097.0,3030047.0,2589180.0,2327765.0,1818082.0,1023749.0,4952844.0,551103.0
2020-08-29,2961653.0,3029621.0,2588849.0,2327462.0,1817867.0,1023621.0,4952550.0,551009.0
2020-08-30,2961212.0,3029209.0,2588533.0,2327165.0,1817651.0,1023491.0,4952260.0,550919.0
2020-08-31,2960796.0,3028810.0,2588228.0,2326873.0,1817435.0,1023365.0,4951986.0,550827.0
2020-09-01,2960410.0,3028424.0,2587925.0,2326590.0,1817240.0,1023250.0,4951734.0,550746.0
2020-09-02,2960054.0,3028051.0,2587630.0,2326310.0,1817055.0,1023154.0,4951502.0,550675.0
2020-09-03,2959690.0,3027669.0,2587332.0,2326027.0,1816861.0,1023052.0,4951266.0,550603.0
2020-09-04,2959282.0,3027255.0,2587020.0,2325725.0,1816654.0,1022947.0,4950998.0,550527.0
2020-09-05,2958830.0,3026811.0,2586695.0,2325407.0,1816435.0,1022830.0,4950698.0,550438.0
2020-09-06,2958341.0,3026342.0,2586357.0,2325073.0,1816204.0,1022706.0,4950375.0,550351.0
2020-09-07,2957862.0,3025888.0,2586030.0,2324745.0,1815993.0,1022582.0,4950061.0,550262.0
2020-09-08,2957402.0,3025454.0,2585718.0,2324431.0,1815794.0,1022456.0,4949763.0,550177.0
2020-09-09,2956959.0,3025044.0,2585418.0,2324128.0,1815617.0,1022346.0,4949482.0,550081.0
2020-09-10,2956521.0,3024635.0,2585119.0,2323822.0,1815435.0,1022236.0,4949204.0,549981.0
2020-09-11,2956076.0,3024207.0,2584804.0,2323508.0,1815238.0,1022127.0,4948920.0,549878.0
2020-09-12,2955624.0,3023761.0,2584476.0,2323180.0,1815026.0,1022012.0,4948629.0,549788.0
2020-09-13,2955166.0,3023300.0,2584134.0,2322845.0,1814792.0,1021893.0,4948332.0,549694.0
2020-09-14,2954712.0,3022851.0,2583796.0,2322522.0,1814570.0,1021770.0,4948044.0,549602.0
2020-09-15,2954262.0,3022419.0,2583463.0,2322218.0,1814364.0,1021655.0,4947765.0,549521.0
2020-09-16,2953818.0,3022000.0,2583137.0,2321936.0,1814175.0,1021545.0,4947498.0,549435.0
2020-09-17,2953371.0,3021580.0,2582807.0,2321647.0,1813991.0,1021438.0,4947226.0,549340.0
2020-09-18,2952911.0,3021137.0,2582473.0,2321334.0,1813781.0,1021310.0,4946937.0,549243.0
2020-09-19,2952437.0,3020671.0,2582127.0,2320995.0,1813559.0,1021168.0,4946630.0,549141.0
2020-09-20,2951958.0,3020190.0,2581780.0,2320637.0,1813323.0,1021014.0,4946309.0,549039.0
2020-09-21,2951502.0,3019739.0,2581449.0,2320301.0,1813102.0,1020870.0,4945997.0,548946.0
2020-09-22,2951073.0,3019325.0,2581138.0,2319989.0,1812911.0,1020747.0,4945699.0,548861.0
2020-09-23,2950672.0,3018948.0,2580851.0,2319702.0,1812741.0,1020628.0,4945414.0,548785.0
2020-09-24,2950271.0,3018571.0,2580556.0,2319424.0,1812570.0,1020517.0,4945131.0,548704.0
2020-09-25,2949842.0,3018149.0,2580231.0,2319125.0,1812371.0,1020409.0,4944840.0,548622.0
2020-09-26,2949385.0,3017685.0,2579876.0,2318809.0,1812162.0,1020294.0,4944541.0,548546.0
2020-09-27,2948908.0,3017188.0,2579499.0,2318477.0,1811937.0,1020181.0,4944235.0,548454.0
2020-09-28,2948451.0,3016721.0,2579147.0,2318153.0,1811722.0,1020075.0,4943933.0,548370.0
2020-09-29,2948023.0,3016296.0,2578825.0,2317840.0,1811516.0,1019959.0,4943636.0,548284.0
2020-09-30,2947622.0,3015910.0,2578539.0,2317549.0,1811321.0,1019847.0,4943347.0,548203.0
2020-10-01,2947246.0,3015553.0,2578272.0,2317277.0,1811140.0,1019744.0,4943066.0,548125.0
2020-10-02,2946887.0,3015213.0,2578015.0,2317018.0,1810961.0,1019639.0,4942798.0,548055.0
2020-10-03,2946545.0,3014892.0,2577764.0,2316776.0,1810793.0,1019534.0,4942542.0,547982.0
2020-10-04,2946216.0,3014582.0,2577518.0,2316541.0,1810629.0,1019439.0,4942296.0,547919.0
2020-10-05,2945874.0,3014249.0,2577257.0,2316288.0,1810460.0,1019338.0,4942042.0,547836.0
2020-10-06,2945515.0,3013887.0,2576974.0,2316017.0,1810278.0,1019231.0,4941779.0,547746.0
2020-10-07,2945138.0,3013496.0,2576669.0,2315724.0,1810084.0,1019121.0,4941507.0,547652.0
2020-10-08,2944730.0,3013078.0,2576342.0,2315411.0,1809874.0,1019019.0,4941213.0,547560.0
2020-10-09,2944276.0,3012633.0,2575997.0,2315078.0,1809664.0,1018903.0,4940890.0,547462.0
2020-10-10,2943776.0,3012163.0,2575635.0,2314729.0,1809443.0,1018782.0,4940537.0,547369.0
2020-10-11,2943249.0,3011682.0,2575264.0,2314371.0,1809226.0,1018656.0,4940167.0,547278.0
2020-10-12,2942804.0,3011277.0,2574950.0,2314068.0,1809037.0,1018547.0,4939857.0,547201.0
2020-10-13,2942460.0,3010961.0,2574708.0,2313833.0,1808889.0,1018463.0,4939621.0,547141.0
2020-10-14,2942214.0,3010735.0,2574536.0,2313662.0,1808779.0,1018397.0,4939458.0,547098.0
2020-10-15,2942071.0,3010601.0,2574432.0,2313561.0,1808706.0,1018351.0,4939368.0,547058.0
2020-10-16,2942001.0,3010529.0,2574374.0,2313508.0,1808657.0,1018329.0,4939328.0,547031.0
2020-10-17,2941829.0,3010361.0,2574240.0,2313379.0,1808566.0,1018277.0,4939201.0,546979.0
2020-10-18,2941527.0,3010068.0,2574008.0,2313162.0,1808413.0,1018198.0,4938965.0,546906.0
2020-10-19,2941096.0,3009648.0,2573676.0,2312850.0,1808199.0,1018083.0,4938619.0,546801.0
2020-10-20,2940534.0,3009104.0,2573246.0,2312443.0,1807920.0,1017935.0,4938163.0,546674.0
2020-10-21,2939843.0,3008435.0,2572716.0,2311944.0,1807586.0,1017765.0,4937597.0,546520.0
2020-10-22,2939141.0,3007758.0,2572183.0,2311437.0,1807254.0,1017592.0,4937030.0,546366.0
2020-10-23,2938549.0,3007193.0,2571743.0,2311020.0,1806980.0,1017432.0,4936568.0,546251.0
2020-10-24,2938065.0,3006739.0,2571395.0,2310693.0,1806760.0,1017297.0,4936213.0,546174.0
2020-10-25,2937679.0,3006384.0,2571127.0,2310442.0,1806595.0,1017186.0,4935952.0,546123.0
2020-10-26,2937328.0,3006060.0,2570880.0,2310207.0,1806442.0,1017088.0,4935712.0,546070.0
2020-10-27,2937001.0,3005753.0,2570642.0,2309980.0,1806300.0,1017005.0,4935483.0,546014.0
2020-10-28,2936698.0,3005465.0,2570414.0,2309755.0,1806172.0,1016917.0,4935263.0,545953.0
2020-10-29,2936391.0,3005167.0,2570173.0,2309525.0,1806043.0,1016837.0,4935038.0,545881.0
2020-10-30,2936052.0,3004832.0,2569907.0,2309281.0,1805887.0,1016742.0,4934792.0,545815.0
2020-10-31,2935682.0,3004458.0,2569610.0,2309022.0,1805713.0,1016628.0,4934526.0,545738.0
2020-11-01,2935285.0,3004053.0,2569291.0,2308747.0,1805517.0,1016504.0,4934242.0,545657.0
2020-11-02,2934900.0,3003659.0,2568983.0,2308469.0,1805324.0,1016386.0,4933966.0,545577.0
2020-11-03,2934533.0,3003286.0,2568689.0,2308204.0,1805140.0,1016278.0,4933700.0,545500.0
2020-11-04,2934185.0,3002932.0,2568412.0,2307941.0,1804956.0,1016188.0,4933446.0,545434.0
2020-11-05,2933850.0,3002594.0,2568148.0,2307684.0,1804785.0,1016096.0,4933200.0,545368.0
2020-11-06,2933504.0,3002251.0,2567886.0,2307430.0,1804613.0,1016012.0,4932954.0,545303.0
2020-11-07,2933146.0,3001902.0,2567622.0,2307187.0,1804446.0,1015920.0,4932707.0,545236.0
2020-11-08,2932774.0,3001545.0,2567357.0,2306952.0,1804283.0,1015829.0,4932458.0,545181.0
2020-11-09,2932407.0,3001195.0,2567101.0,2306726.0,1804130.0,1015742.0,4932215.0,545124.0
2020-11-10,2932061.0,3000870.0,2566864.0,2306506.0,1803989.0,1015666.0,4931988.0,545072.0
2020-11-11,2931737.0,3000569.0,2566645.0,2306292.0,1803866.0,1015589.0,4931780.0,545025.0
2020-11-12,2931419.0,3000269.0,2566427.0,2306076.0,1803736.0,1015516.0,4931568.0,544970.0
2020-11-13,2931090.0,2999948.0,2566187.0,2305840.0,1803587.0,1015425.0,4931330.0,544903.0
2020-11-14,2930750.0,2999607.0,2565926.0,2305593.0,1803421.0,1015330.0,4931065.0,544830.0
2020-11-15,2930403.0,2999247.0,2565649.0,2305329.0,1803238.0,1015214.0,4930781.0,544747.0
2020-11-16,2930069.0,2998901.0,2565393.0,2305082.0,1803067.0,1015110.0,4930517.0,544671.0
2020-11-17,2929751.0,2998574.0,2565165.0,2304853.0,1802913.0,1015021.0,4930282.0,544602.0
2020-11-18,2929448.0,2998265.0,2564962.0,2304645.0,1802769.0,1014932.0,4930075.0,544540.0
2020-11-19,2929142.0,2997958.0,2564765.0,2304437.0,1802631.0,1014843.0,4929871.0,544479.0
2020-11-20,2928815.0,2997634.0,2564540.0,2304207.0,1802476.0,1014756.0,4929648.0,544412.0
2020-11-21,2928468.0,2997294.0,2564291.0,2303958.0,1802311.0,1014676.0,4929406.0,544348.0
2020-11-22,2928103.0,2996942.0,2564022.0,2303694.0,1802132.0,1014585.0,4929148.0,544280.0
2020-11-23,2927745.0,2996602.0,2563768.0,2303449.0,1801955.0,1014503.0,4928901.0,544204.0
2020-11-24,2927397.0,2996286.0,2563531.0,2303224.0,1801797.0,1014419.0,4928669.0,544136.0
2020-11-25,2927060.0,2995989.0,2563313.0,2303019.0,1801650.0,1014343.0,4928453.0,544079.0
2020-11-26,2926727.0,2995689.0,2563099.0,2302812.0,1801501.0,1014262.0,4928232.0,544013.0
2020-11-27,2926389.0,2995363.0,2562866.0,2302585.0,1801342.0,1014170.0,4927993.0,543944.0
2020-11-28,2926047.0,2995012.0,2562618.0,2302340.0,1801184.0,1014079.0,4927733.0,543883.0
2020-11-29,2925703.0,2994642.0,2562355.0,2302076.0,1801022.0,1013976.0,4927459.0,543798.0
2020-11-30,2925365.0,2994295.0,2562102.0,2301820.0,1800866.0,1013877.0,4927201.0,543734.0
2020-12-01,2925035.0,2993978.0,2561858.0,2301572.0,1800712.0,1013799.0,4926966.0,543677.0
2020-12-02,2924713.0,2993691.0,2561627.0,2301334.0,1800569.0,1013723.0,4926752.0,543636.0
2020-12-03,2924389.0,2993406.0,2561397.0,2301102.0,1800427.0,1013645.0,4926541.0,543592.0
2020-12-04,2924053.0,2993092.0,2561156.0,2300866.0,1800283.0,1013559.0,4926312.0,543542.0
2020-12-05,2923707.0,2992749.0,2560904.0,2300629.0,1800123.0,1013477.0,4926065.0,543480.0
2020-12-06,2923354.0,2992384.0,2560645.0,2300390.0,1799964.0,1013377.0,4925804.0,543415.0
2020-12-07,2923016.0,2992040.0,2560395.0,2300156.0,1799802.0,1013291.0,4925552.0,543345.0
2020-12-08,2922700.0,2991726.0,2560157.0,2299933.0,1799648.0,1013202.0,4925315.0,543294.0
2020-12-09,2922405.0,2991441.0,2559928.0,2299716.0,1799496.0,1013116.0,4925093.0,543241.0
2020-12-10,2922100.0,2991141.0,2559688.0,2299488.0,1799346.0,1013038.0,4924866.0,543186.0
2020-12-11,2921751.0,2990781.0,2559413.0,2299229.0,1799175.0,1012957.0,4924616.0,543124.0
2020-12-12,2921361.0,2990362.0,2559103.0,2298938.0,1798995.0,1012872.0,4924343.0,543070.0
2020-12-13,2920939.0,2989899.0,2558769.0,2298628.0,1798804.0,1012781.0,4924053.0,543012.0
2020-12-14,2920549.0,2989474.0,2558451.0,2298335.0,1798624.0,1012686.0,4923779.0,542954.0
2020-12-15,2920202.0,2989105.0,2558159.0,2298078.0,1798460.0,1012597.0,4923527.0,542893.0
2020-12-16,2919898.0,2988790.0,2557895.0,2297850.0,1798313.0,1012509.0,4923298.0,542832.0
2020-12-17,2919596.0,2988487.0,2557635.0,2297633.0,1798167.0,1012416.0,4923072.0,542777.0
2020-12-18,2919259.0,2988152.0,2557358.0,2297386.0,1798011.0,1012325.0,4922836.0,542721.0
2020-12-19,2918884.0,2987786.0,2557066.0,2297114.0,1797839.0,1012223.0,4922589.0,542660.0
2020-12-20,2918483.0,2987394.0,2556759.0,2296822.0,1797656.0,1012114.0,4922334.0,542581.0
2020-12-21,2918104.0,2987019.0,2556467.0,2296547.0,1797473.0,1012012.0,4922088.0,542520.0
2020-12-22,2917755.0,2986666.0,2556197.0,2296284.0,1797302.0,1011917.0,4921855.0,542456.0
2020-12-23,2917438.0,2986334.0,2555948.0,2296042.0,1797139.0,1011834.0,4921634.0,542398.0
2020-12-24,2917103.0,2985991.0,2555688.0,2295793.0,1796975.0,1011735.0,4921406.0,542343.0
2020-12-25,2916703.0,2985600.0,2555390.0,2295506.0,1796797.0,1011622.0,4921150.0,542272.0
2020-12-26,2916238.0,2985162.0,2555049.0,2295183.0,1796596.0,1011493.0,4920866.0,542180.0
2020-12-27,2915720.0,2984680.0,2554675.0,2294837.0,1796399.0,1011350.0,4920558.0,542074.0
2020-12-28,2915220.0,2984210.0,2554305.0,2294493.0,1796199.0,1011214.0,4920252.0,541986.0
2020-12-29,2914749.0,2983758.0,2553942.0,2294160.0,1796008.0,1011089.0,4919953.0,541907.0
2020-12-30,2914307.0,2983322.0,2553593.0,2293828.0,1795816.0,1010974.0,4919661.0,541848.0
2020-12-31,2913867.0,2982889.0,2553246.0,2293494.0,1795617.0,1010859.0,4919370.0,541777.0
2021-01-01,2913399.0,2982441.0,2552897.0,2293158.0,1795407.0,1010741.0,4919074.0,541701.0
2021-01-02,2912904.0,2981978.0,2552549.0,2292815.0,1795185.0,1010616.0,4918773.0,541616.0
2021-01-03,2912384.0,2981500.0,2552198.0,2292461.0,1794956.0,1010483.0,4918467.0,541529.0
2021-01-04,2911864.0,2981007.0,2551830.0,2292108.0,1794719.0,1010344.0,4918156.0,541446.0
2021-01-05,2911346.0,2980496.0,2551445.0,2291745.0,1794485.0,1010220.0,4917840.0,541367.0
2021-01-06,2910832.0,2979964.0,2551039.0,2291375.0,1794259.0,1010090.0,4917519.0,541285.0
2021-01-07,2910333.0,2979446.0,2550645.0,2291013.0,1794027.0,1009965.0,4917207.0,541200.0
2021-01-08,2909865.0,2978963.0,2550284.0,2290673.0,1793801.0,1009855.0,4916918.0,541119.0
2021-01-09,2909427.0,2978516.0,2549956.0,2290350.0,1793572.0,1009747.0,4916653.0,541048.0
2021-01-10,2909006.0,2978087.0,2549649.0,2290043.0,1793340.0,1009641.0,4916401.0,540980.0
2021-01-11,2908511.0,2977571.0,2549279.0,2289682.0,1793094.0,1009511.0,4916107.0,540899.0
2021-01-12,2907927.0,2976955.0,2548841.0,2289263.0,1792839.0,1009369.0,4915760.0,540803.0
2021-01-13,2907254.0,2976235.0,2548329.0,2288787.0,1792561.0,1009215.0,4915362.0,540707.0
2021-01-14,2906557.0,2975497.0,2547803.0,2288289.0,1792277.0,1009047.0,4914942.0,540603.0
2021-01-15,2905909.0,2974820.0,2547327.0,2287839.0,1791990.0,1008887.0,4914532.0,540495.0
2021-01-16,2905308.0,2974207.0,2546893.0,2287429.0,1791699.0,1008730.0,4914133.0,540381.0
2021-01-17,2904737.0,2973640.0,2546497.0,2287043.0,1791416.0,1008576.0,4913740.0,540266.0
2021-01-18,2904098.0,2973010.0,2546050.0,2286616.0,1791104.0,1008424.0,4913329.0,540137.0
2021-01-19,2903373.0,2972300.0,2545535.0,2286130.0,1790776.0,1008256.0,4912899.0,540020.0
2021-01-20,2902566.0,2971512.0,2544954.0,2285596.0,1790424.0,1008075.0,4912448.0,539902.0
2021-01-21,2901686.0,2970662.0,2544324.0,2285021.0,1790054.0,1007886.0,4911959.0,539788.0
2021-01-22,2900742.0,2969770.0,2543663.0,2284411.0,1789660.0,1007681.0,4911411.0,539656.0
2021-01-23,2899736.0,2968837.0,2542968.0,2283769.0,1789249.0,1007454.0,4910805.0,539522.0
2021-01-24,2898682.0,2967870.0,2542245.0,2283096.0,1788828.0,1007207.0,4910151.0,539356.0
2021-01-25,2897661.0,2966913.0,2541534.0,2282428.0,1788405.0,1006969.0,4909522.0,539207.0
2021-01-26,2896686.0,2965973.0,2540839.0,2281776.0,1787981.0,1006727.0,4908927.0,539073.0
2021-01-27,2895759.0,2965029.0,2540001.0,2281043.0,1787502.0,1006461.0,4908368.0,538936.0
2021-01-28,2894837.0,2963983.0,2538551.0,2279978.0,1786861.0,1006129.0,4907820.0,538793.0
2021-01-29,2893878.0,2962981.0,2537438.0,2279101.0,1786322.0,1005854.0,4907259.0,538651.0
2021-01-30,2892881.0,2962033.0,2536690.0,2278409.0,1785874.0,1005624.0,4906685.0,538509.0
2021-01-31,2891854.0,2961072.0,2535925.0,2277701.0,1785437.0,1005381.0,4906099.0,538357.0
2021-02-01,2890836.0,2960094.0,2535156.0,2276980.0,1784991.0,1005134.0,4905511.0,538221.0
2021-02-02,2889834.0,2959109.0,2534387.0,2276256.0,1784553.0,1004905.0,4904922.0,538082.0
2021-02-03,2888848.0,2958111.0,2533618.0,2275526.0,1784120.0,1004670.0,4904332.0,537941.0
2021-02-04,2887861.0,2957105.0,2532850.0,2274798.0,1783671.0,1004436.0,4903735.0,537800.0
2021-02-05,2886852.0,2956099.0,2532082.0,2274081.0,1783213.0,1004189.0,4903125.0,537649.0
2021-02-06,2885824.0,2955093.0,2531312.0,2273374.0,1782752.0,1003934.0,4902502.0,537496.0
2021-02-07,2884784.0,2954090.0,2530545.0,2272678.0,1782285.0,1003670.0,4901871.0,537336.0
2021-02-08,2883783.0,2953077.0,2529550.0,2271848.0,1781776.0,1003384.0,4901258.0,537186.0
2021-02-09,2882831.0,2952109.0,2528723.0,2271075.0,1781309.0,1003116.0,4900668.0,537035.0
2021-02-10,2881926.0,2951181.0,2528000.0,2270351.0,1780882.0,1002862.0,4900100.0,536874.0
2021-02-11,2881035.0,2950268.0,2527288.0,2269628.0,1780464.0,1002612.0,4899535.0,536733.0
2021-02-12,2880118.0,2949358.0,2526552.0,2268915.0,1780044.0,1002362.0,4898950.0,536582.0
2021-02-13,2879175.0,2948452.0,2525796.0,2268210.0,1779613.0,1002109.0,4898345.0,536432.0
2021-02-14,2878218.0,2947553.0,2525025.0,2267513.0,1779177.0,1001861.0,4897729.0,536287.0
2021-02-15,2877323.0,2946690.0,2524300.0,2266857.0,1778758.0,1001629.0,4897154.0,536123.0
2021-02-16,2876501.0,2945869.0,2523631.0,2266244.0,1778355.0,1001405.0,4896632.0,535986.0
2021-02-17,2875752.0,2945089.0,2523021.0,2265668.0,1777976.0,1001192.0,4896162.0,535842.0
2021-02-18,2875022.0,2944279.0,2522111.0,2264901.0,1777504.0,1000920.0,4895702.0,535692.0
2021-02-19,2874260.0,2943465.0,2521384.0,2264240.0,1777088.0,1000689.0,4895211.0,535551.0
2021-02-20,2873465.0,2942646.0,2520738.0,2263631.0,1776676.0,1000457.0,4894690.0,535409.0
2021-02-21,2872644.0,2941808.0,2520067.0,2263004.0,1776251.0,1000225.0,4894146.0,535277.0
2021-02-22,2871842.0,2940741.0,2517779.0,2261388.0,1775219.0,999614.0,4893631.0,535037.0
2021-02-23,2871069.0,2939511.0,2514436.0,2259216.0,1773805.0,998767.0,4893152.0,534713.0
2021-02-24,2870324.0,2938552.0,2512682.0,2257954.0,1773017.0,998285.0,4892709.0,534467.0
2021-02-25,2869574.0,2937716.0,2511705.0,2257167.0,1772498.0,997980.0,4892261.0,534281.0
2021-02-26,2868787.0,2936919.0,2511060.0,2256571.0,1772107.0,997762.0,4891763.0,534146.0
2021-02-27,2867965.0,2936108.0,2510423.0,2255978.0,1771711.0,997558.0,4891219.0,534003.0
2021-02-28,2867117.0,2935285.0,2509782.0,2255382.0,1771304.0,997339.0,4890639.0,533862.0
2021-03-01,2866307.0,2934486.0,2509170.0,2254798.0,1770912.0,997128.0,4890097.0,533720.0
2021-03-02,2865550.0,2933722.0,2508591.0,2254234.0,1770549.0,996926.0,4889603.0,533590.0
2021-03-03,2864845.0,2932990.0,2508044.0,2253689.0,1770220.0,996737.0,4889158.0,533481.0
2021-03-04,2864143.0,2932258.0,2507499.0,2253134.0,1769880.0,996548.0,4888717.0,533369.0
2021-03-05,2863400.0,2931501.0,2506919.0,2252563.0,1769517.0,996355.0,4888234.0,533246.0
2021-03-06,2862617.0,2930714.0,2506310.0,2251981.0,1769139.0,996154.0,4887709.0,533112.0
2021-03-07,2861791.0,2929895.0,2505674.0,2251377.0,1768743.0,995942.0,4887146.0,532985.0
2021-03-08,2860930.0,2929034.0,2505013.0,2250757.0,1768337.0,995727.0,4886565.0,532853.0
2021-03-09,2860031.0,2928128.0,2504328.0,2250108.0,1767949.0,995494.0,4885970.0,532713.0
2021-03-10,2859094.0,2927168.0,2503609.0,2249430.0,1767558.0,995258.0,4885360.0,532556.0
2021-03-11,2858114.0,2926190.0,2502875.0,2248730.0,1767162.0,995019.0,4884728.0,532402.0
2021-03-12,2857085.0,2925203.0,2502125.0,2248020.0,1766734.0,994770.0,4884069.0,532221.0
2021-03-13,2856006.0,2924213.0,2501373.0,2247301.0,1766285.0,994512.0,4883381.0,532020.0
2021-03-14,2854884.0,2923212.0,2500597.0,2246562.0,1765811.0,994229.0,4882669.0,531799.0
2021-03-15,2853754.0,2922152.0,2499723.0,2245770.0,1765306.0,993953.0,4881952.0,531594.0
2021-03-16,2852620.0,2920832.0,2497201.0,2244034.0,1764197.0,993239.0,4881238.0,531098.0
2021-03-17,2851485.0,2917361.0,2483002.0,2235684.0,1758621.0,988778.0,4880524.0,511015.0
2021-03-18,2850321.0,2913786.0,2471367.0,2228712.0,1753898.0,984568.0,4879790.0,481907.0
2021-03-19,2849105.0,2910283.0,2461376.0,2222525.0,1749648.0,980693.0,4879014.0,450817.0
2021-03-20,2847839.0,2908814.0,2459555.0,2221063.0,1748582.0,979767.0,4878198.0,445401.0
2021-03-21,2846522.0,2907568.0,2458494.0,2220073.0,1747952.0,979277.0,4877347.0,443430.0
2021-03-22,2845167.0,2904588.0,2451374.0,2214279.0,1743525.0,974799.0,4876485.0,391239.0
2021-03-23,2843776.0,2901266.0,2443555.0,2207249.0,1737820.0,969314.0,4875617.0,335558.0
2021-03-24,2842347.0,2897766.0,2435357.0,2199517.0,1731622.0,962974.0,4874744.0,272846.0
2021-03-25,2840893.0,2894450.0,2427192.0,2191640.0,1725047.0,955825.0,4873864.0,217932.0
2021-03-26,2839432.0,2891381.0,2419925.0,2184795.0,1719300.0,949133.0,4872978.0,167150.0
2021-03-27,2837960.0,2889602.0,2417887.0,2182782.0,1717797.0,947470.0,4872088.0,162684.0
2021-03-28,2836475.0,2888139.0,2416721.0,2181653.0,1717090.0,946943.0,4871188.0,161755.0
2021-03-29,2834963.0,2885232.0,2409737.0,2173898.0,1710070.0,931091.0,4870258.0,104895.0
2021-03-30,2833420.0,2882181.0,2402039.0,2165499.0,1698690.0,917044.0,4869298.0,61783.0
2021-03-31,2831849.0,2879322.0,2394974.0,2157657.0,1687502.0,905877.0,4868305.0,23525.0
2021-04-01,2830238.0,2876387.0,2388489.0,2147305.0,1681670.0,897262.0,4867273.0,-10575.0
2021-04-02,2828581.0,2873638.0,2382890.0,2141594.0,1677272.0,889727.0,4866195.0,-42337.0
2021-04-03,2826876.0,2871633.0,2381239.0,2140102.0,1676336.0,888893.0,4865071.0,-44376.0
2021-04-04,2825134.0,2869989.0,2379906.0,2138881.0,1675623.0,888503.0,4863911.0,-44798.0
2021-04-05,2823414.0,2867620.0,2375223.0,2132667.0,1671854.0,878486.0,4862789.0,-64542.0
2021-04-06,2821731.0,2865451.0,2370819.0,2127951.0,1665800.0,873115.0,4861721.0,-77916.0
2021-04-07,2820082.0,2863358.0,2367844.0,2124728.0,1660363.0,869564.0,4860705.0,-87908.0
2021-04-08,2818425.0,2861364.0,2365212.0,2119050.0,1657823.0,866608.0,4859663.0,-96199.0
2021-04-09,2816720.0,2859244.0,2362005.0,2115351.0,1655147.0,863418.0,4858514.0,-104066.0
2021-04-10,2814966.0,2857491.0,2360543.0,2113990.0,1654387.0,862932.0,4857262.0,-104621.0
2021-04-11,2813170.0,2855719.0,2359133.0,2112720.0,1653695.0,862605.0,4855923.0,-104826.0
2021-04-12,2811355.0,2853466.0,2355400.0,2104939.0,1651323.0,839809.0,4854607.0,-110798.0
2021-04-13,2809527.0,2850923.0,2345779.0,2098467.0,1648860.0,810781.0,4853334.0,-115567.0
2021-04-14,2807684.0,2848173.0,2333283.0,2094054.0,1646376.0,779605.0,4852105.0,-120017.0
2021-04-15,2805860.0,2844238.0,2324069.0,2089865.0,1643757.0,741456.0,4850916.0,-124850.0
2021-04-16,2804085.0,2842416.0,2322573.0,2088592.0,1643045.0,739867.0,4849762.0,-125154.0
2021-04-17,2802361.0,2840717.0,2321212.0,2087402.0,1642369.0,739304.0,4848643.0,-125388.0
2021-04-18,2800667.0,2839100.0,2319884.0,2086247.0,1641710.0,738953.0,4847537.0,-125565.0
2021-04-19,2798889.0,2835444.0,2314027.0,2082172.0,1636763.0,688077.0,4846314.0,-131254.0
2021-04-20,2797009.0,2832746.0,2309875.0,2078857.0,1631058.0,652143.0,4844952.0,-135067.0
2021-04-21,2795026.0,2830004.0,2306035.0,2075493.0,1617058.0,626504.0,4843450.0,-138564.0
2021-04-22,2793023.0,2827074.0,2302083.0,2071800.0,1585661.0,610454.0,4841916.0,-141979.0
2021-04-23,2791068.0,2824244.0,2298329.0,2068012.0,1557166.0,596492.0,4840459.0,-145347.0
2021-04-24,2789164.0,2822311.0,2296702.0,2066461.0,1554499.0,594115.0,4839081.0,-145872.0
2021-04-25,2787304.0,2820493.0,2295314.0,2065159.0,1553689.0,593689.0,4837763.0,-146049.0
2021-04-26,2785448.0,2817279.0,2290241.0,2049822.0,1533662.0,580966.0,4836421.0,-149263.0
2021-04-27,2783589.0,2813491.0,2283894.0,2026921.0,1519794.0,570595.0,4835040.0,-152111.0
2021-04-28,2781729.0,2809370.0,2268544.0,2012758.0,1508108.0,561833.0,4833618.0,-154810.0
2021-04-29,2779853.0,2800576.0,2253117.0,2002287.0,1497861.0,554227.0,4832182.0,-157270.0
2021-04-30,2777950.0,2787948.0,2243683.0,1992078.0,1487921.0,546973.0,4830758.0,-159692.0
2021-05-01,2776018.0,2785564.0,2241281.0,1989655.0,1486169.0,545840.0,4829348.0,-160138.0
2021-05-02,2774075.0,2783710.0,2239722.0,1988249.0,1485423.0,545453.0,4827953.0,-160362.0
2021-05-03,2772189.0,2776304.0,2227823.0,1975380.0,1472492.0,536158.0,4826589.0,-162723.0
2021-05-04,2770372.0,2768912.0,2214831.0,1962615.0,1459585.0,528123.0,4825259.0,-164723.0
2021-05-05,2768627.0,2763354.0,2206151.0,1951692.0,1450004.0,510123.0,4823962.0,-166488.0
2021-05-06,2766914.0,2758083.0,2195779.0,1942802.0,1440845.0,491665.0,4822678.0,-168029.0
2021-05-07,2765196.0,2749413.0,2186941.0,1935023.0,1431970.0,473701.0,4821387.0,-169500.0
2021-05-08,2763473.0,2747340.0,2184919.0,1933287.0,1430669.0,472251.0,4820088.0,-169728.0
2021-05-09,2761747.0,2745705.0,2183607.0,1932200.0,1430111.0,471934.0,4818782.0,-169879.0
2021-05-10,2760007.0,2740239.0,2176141.0,1925012.0,1420497.0,446191.0,4817468.0,-171526.0
2021-05-11,2758249.0,2735582.0,2169116.0,1918524.0,1405290.0,431114.0,4816147.0,-172993.0
2021-05-12,2756476.0,2730854.0,2162245.0,1912176.0,1386376.0,421773.0,4814819.0,-174370.0
2021-05-13,2754739.0,2726350.0,2155898.0,1906613.0,1364135.0,414507.0,4813497.0,-175560.0
2021-05-14,2753084.0,2723782.0,2152841.0,1904057.0,1358806.0,411486.0,4812196.0,-176140.0
2021-05-15,2751516.0,2722234.0,2151617.0,1903116.0,1358237.0,411181.0,4810915.0,-176319.0
2021-05-16,2750023.0,2720783.0,2150522.0,1902239.0,1357712.0,410898.0,4809656.0,-176503.0
2021-05-17,2748546.0,2717388.0,2145736.0,1897595.0,1346779.0,405792.0,4808426.0,-177634.0
2021-05-18,2747080.0,2713830.0,2140878.0,1892880.0,1331125.0,401382.0,4807225.0,-178728.0
2021-05-19,2745621.0,2710327.0,2136002.0,1888169.0,1313475.0,397204.0,4806056.0,-179820.0
2021-05-20,2744161.0,2706755.0,2131012.0,1883558.0,1302231.0,392426.0,4804895.0,-180827.0
2021-05-21,2742690.0,2703303.0,2126531.0,1879487.0,1293421.0,388265.0,4803719.0,-181717.0
2021-05-22,2741208.0,2701594.0,2125084.0,1878308.0,1291838.0,387505.0,4802528.0,-181937.0
2021-05-23,2739715.0,2700124.0,2124048.0,1877493.0,1291333.0,387228.0,4801327.0,-182096.0
2021-05-24,2738226.0,2696957.0,2119964.0,1873488.0,1278694.0,383899.0,4800141.0,-182978.0
2021-05-25,2736740.0,2693352.0,2115115.0,1868708.0,1263467.0,380247.0,4798976.0,-184017.0
2021-05-26,2735259.0,2690041.0,2110762.0,1864668.0,1248099.0,377360.0,4797829.0,-184861.0
2021-05-27,2733745.0,2686751.0,2106721.0,1861013.0,1237594.0,374882.0,4796663.0,-185676.0
2021-05-28,2732162.0,2683589.0,2102857.0,1857569.0,1228240.0,372107.0,4795439.0,-186517.0
2021-05-29,2730511.0,2681999.0,2101737.0,1856776.0,1227683.0,371810.0,4794156.0,-186699.0
2021-05-30,2728798.0,2680369.0,2100600.0,1855965.0,1227131.0,371510.0,4792819.0,-186869.0
2021-05-31,2727060.0,2677511.0,2097252.0,1853026.0,1219254.0,368744.0,4791455.0,-187739.0
2021-06-01,2725304.0,2674659.0,2093855.0,1850053.0,1211335.0,365851.0,4790069.0,-188678.0
2021-06-02,2723530.0,2671887.0,2090847.0,1847497.0,1204239.0,363291.0,4788663.0,-189507.0
2021-06-03,2721767.0,2669107.0,2087853.0,1845022.0,1189651.0,360696.0,4787274.0,-190409.0
2021-06-04,2720044.0,2667394.0,2086612.0,1844205.0,1188871.0,360364.0,4785943.0,-190602.0
2021-06-05,2718363.0,2665633.0,2085262.0,1843257.0,1187119.0,359798.0,4784669.0,-190845.0
2021-06-06,2716704.0,2664010.0,2084144.0,1842500.0,1186485.0,359484.0,4783436.0,-191035.0
2021-06-07,2714976.0,2661355.0,2081226.0,1839968.0,1172635.0,356881.0,4782144.0,-191955.0
2021-06-08,2713165.0,2658515.0,2078136.0,1837342.0,1159840.0,354758.0,4780776.0,-192776.0
2021-06-09,2711268.0,2655751.0,2075393.0,1834987.0,1148411.0,353097.0,4779330.0,-193470.0
2021-06-10,2709301.0,2653048.0,2072825.0,1832816.0,1140338.0,351596.0,4777834.0,-194090.0
2021-06-11,2707271.0,2650367.0,2070218.0,1830611.0,1131400.0,349591.0,4776310.0,-194894.0
2021-06-12,2705179.0,2648345.0,2068709.0,1829471.0,1129630.0,349027.0,4774757.0,-195170.0
2021-06-13,2703042.0,2646418.0,2067365.0,1828504.0,1128841.0,348649.0,4773183.0,-195390.0
2021-06-14,2700952.0,2643790.0,2064782.0,1818175.0,1121349.0,346801.0,4771634.0,-196144.0
2021-06-15,2698928.0,2641075.0,2062107.0,1803363.0,1114401.0,345012.0,4770118.0,-196900.0
2021-06-16,2696966.0,2638504.0,2059744.0,1786549.0,1108714.0,343432.0,4768639.0,-197625.0
2021-06-17,2695002.0,2635885.0,2057458.0,1769780.0,1103884.0,341906.0,4767152.0,-198325.0
2021-06-18,2692962.0,2633259.0,2055164.0,1753059.0,1098998.0,340334.0,4765621.0,-199027.0
2021-06-19,2690851.0,2631074.0,2053657.0,1749342.0,1097269.0,339709.0,4764043.0,-199359.0
2021-06-20,2688690.0,2628989.0,2052312.0,1748080.0,1096469.0,339292.0,4762433.0,-199604.0
2021-06-21,2686592.0,2626145.0,2049636.0,1722446.0,1090789.0,337330.0,4760873.0,-200460.0
2021-06-22,2684573.0,2623307.0,2046739.0,1695184.0,1085529.0,335459.0,4759374.0,-201314.0
2021-06-23,2682640.0,2620699.0,2043888.0,1668638.0,1080709.0,333681.0,4757940.0,-202101.0
2021-06-24,2680734.0,2618138.0,2041070.0,1643538.0,1076486.0,332051.0,4756519.0,-202816.0
2021-06-25,2678800.0,2615479.0,2037893.0,1618665.0,1072264.0,330381.0,4755064.0,-203526.0
2021-06-26,2676838.0,2613602.0,2036408.0,1615499.0,1071156.0,329887.0,4753575.0,-203789.0
2021-06-27,2674866.0,2611817.0,2035166.0,1614459.0,1070434.0,329505.0,4752065.0,-204011.0
2021-06-28,2673004.0,2609426.0,2014680.0,1600029.0,1066743.0,327908.0,4750611.0,-204722.0
2021-06-29,2671277.0,2606838.0,1988662.0,1587899.0,1063299.0,326390.0,4749227.0,-205401.0
2021-06-30,2669680.0,2603651.0,1963752.0,1577237.0,1059705.0,324839.0,4747915.0,-206067.0
2021-07-01,2668145.0,2599690.0,1940264.0,1568141.0,1056434.0,323362.0,4746630.0,-206748.0
2021-07-02,2666600.0,2597020.0,1931848.0,1563193.0,1054464.0,322520.0,4745328.0,-207167.0
2021-07-03,2665050.0,2595182.0,1927379.0,1560440.0,1053239.0,321888.0,4744006.0,-207460.0
2021-07-04,2663514.0,2593731.0,1926028.0,1559405.0,1052567.0,321517.0,4742688.0,-207672.0
2021-07-05,2662127.0,2592253.0,1922718.0,1557616.0,1051661.0,321035.0,4741500.0,-207926.0
2021-07-06,2660914.0,2588441.0,1881727.0,1541599.0,1044483.0,317183.0,4740462.0,-209643.0
2021-07-07,2659876.0,2585520.0,1848441.0,1528940.0,1038596.0,314328.0,4739575.0,-210904.0
2021-07-08,2658887.0,2582554.0,1819553.0,1518947.0,1033340.0,311620.0,4738724.0,-212204.0
2021-07-09,2657827.0,2579766.0,1796387.0,1509159.0,1027953.0,308864.0,4737794.0,-213427.0
2021-07-10,2656693.0,2578235.0,1789714.0,1506157.0,1026176.0,307980.0,4736783.0,-213834.0
2021-07-11,2655516.0,2577098.0,1788355.0,1505167.0,1025518.0,307608.0,4735719.0,-214072.0
2021-07-12,2654457.0,2576050.0,1787086.0,1504284.0,1024931.0,307266.0,4734757.0,-214296.0
2021-07-13,2653544.0,2563848.0,1757892.0,1494105.0,1018569.0,303717.0,4733922.0,-216081.0
2021-07-14,2652775.0,2550490.0,1739190.0,1486208.0,1014173.0,301315.0,4733215.0,-217356.0
2021-07-15,2652061.0,2543503.0,1727183.0,1480742.0,1011113.0,299644.0,4732553.0,-218298.0
2021-07-16,2651310.0,2538159.0,1717427.0,1476265.0,1008463.0,298176.0,4731851.0,-219098.0
2021-07-17,2650538.0,2536220.0,1713868.0,1474540.0,1007480.0,297644.0,4731109.0,-219383.0
2021-07-18,2649747.0,2535354.0,1712931.0,1473878.0,1007020.0,297360.0,4730340.0,-219561.0
2021-07-19,2648994.0,2529675.0,1696286.0,1466900.0,1003680.0,295470.0,4729600.0,-220613.0
2021-07-20,2648290.0,2524587.0,1684011.0,1461111.0,1000408.0,293598.0,4728899.0,-221633.0
2021-07-21,2647635.0,2518883.0,1671988.0,1455005.0,996785.0,291545.0,4728237.0,-222789.0
2021-07-22,2647021.0,2505204.0,1661787.0,1449973.0,993895.0,289936.0,4727615.0,-223712.0
2021-07-23,2646444.0,2494687.0,1651730.0,1444946.0,990968.0,288375.0,4727034.0,-224540.0
2021-07-24,2645903.0,2492213.0,1648464.0,1443149.0,989980.0,287836.0,4726494.0,-224818.0
2021-07-25,2645395.0,2491533.0,1647739.0,1442616.0,989626.0,287643.0,4725994.0,-224974.0
2021-07-26,2644905.0,2471223.0,1634654.0,1436689.0,986666.0,286034.0,4725531.0,-225809.0
2021-07-27,2644431.0,2454080.0,1625236.0,1431913.0,984194.0,284672.0,4725103.0,-226542.0
2021-07-28,2643971.0,2432148.0,1617850.0,1428002.0,982029.0,283460.0,4724710.0,-227214.0
2021-07-29,2643533.0,2415432.0,1610588.0,1424132.0,979746.0,282216.0,4724354.0,-227947.0
2021-07-30,2643141.0,2414659.0,1610066.0,1423774.0,979509.0,282069.0,4724037.0,-228036.0
2021-07-31,2642787.0,2412190.0,1608565.0,1422924.0,978984.0,281782.0,4723757.0,-228188.0
2021-08-01,2642471.0,2411697.0,1608200.0,1422639.0,978777.0,281646.0,4723508.0,-228292.0
2021-08-02,2641967.0,2399268.0,1601676.0,1419135.0,976834.0,280627.0,4723234.0,-228810.0
2021-08-03,2640862.0,2379540.0,1596030.0,1415972.0,974959.0,279606.0,4722927.0,-229413.0
2021-08-04,2639613.0,2365383.0,1591654.0,1413344.0,973197.0,278717.0,4722586.0,-229930.0
2021-08-05,2638563.0,2357426.0,1589062.0,1411686.0,971875.0,278067.0,4722240.0,-230361.0
2021-08-06,2636622.0,2346744.0,1585724.0,1409786.0,970155.0,277210.0,4721917.0,-230835.0
2021-08-07,2636160.0,2344788.0,1584741.0,1409147.0,969651.0,276956.0,4721618.0,-230980.0
2021-08-08,2635865.0,2344395.0,1584429.0,1408879.0,969447.0,276834.0,4721342.0,-231065.0
2021-08-09,2634833.0,2337583.0,1581504.0,1406868.0,968069.0,276245.0,4721076.0,-231395.0
2021-08-10,2633548.0,2330884.0,1578822.0,1404876.0,966682.0,275527.0,4720817.0,-231909.0
2021-08-11,2632501.0,2326340.0,1577001.0,1403592.0,965713.0,274956.0,4720567.0,-232326.0
2021-08-12,2630674.0,2306844.0,1573907.0,1401564.0,964501.0,274231.0,4720325.0,-232816.0
2021-08-13,2628959.0,2290918.0,1571212.0,1399764.0,963351.0,273562.0,4720091.0,-233236.0
2021-08-14,2628528.0,2288803.0,1570391.0,1399239.0,962976.0,273341.0,4719864.0,-233357.0
2021-08-15,2628286.0,2288514.0,1570176.0,1399056.0,962820.0,273231.0,4719646.0,-233417.0
2021-08-16,2627882.0,2285001.0,1567857.0,1397740.0,961981.0,272750.0,4719438.0,-233708.0
2021-08-17,2627462.0,2281554.0,1565325.0,1396235.0,961043.0,272205.0,4719238.0,-234036.0
2021-08-18,2626240.0,2270019.0,1561299.0,1393924.0,959760.0,271575.0,4719048.0,-234406.0
2021-08-19,2625315.0,2261434.0,1558499.0,1392284.0,958830.0,271095.0,4718858.0,-234672.0
2021-08-20,2624575.0,2255289.0,1556357.0,1391006.0,958058.0,270665.0,4718660.0,-234908.0
2021-08-21,2624370.0,2254918.0,1556124.0,1390821.0,957908.0,270568.0,4718452.0,-234986.0
2021-08-22,2624191.0,2254711.0,1555955.0,1390674.0,957777.0,270474.0,4718239.0,-235058.0
2021-08-23,2623812.0,2251674.0,1553955.0,1389415.0,957042.0,269998.0,4718038.0,-235383.0
2021-08-24,2623430.0,2248585.0,1552219.0,1388338.0,956371.0,269608.0,4717851.0,-235668.0
2021-08-25,2620823.0,2221161.0,1547650.0,1385521.0,954546.0,268482.0,4717680.0,-236399.0
2021-08-26,2619092.0,2203601.0,1543963.0,1383306.0,953126.0,267619.0,4717515.0,-236904.0
2021-08-27,2618068.0,2192814.0,1541358.0,1381777.0,952217.0,267121.0,4717349.0,-237215.0
2021-08-28,2617861.0,2192462.0,1541149.0,1381587.0,952073.0,267034.0,4717180.0,-237283.0
2021-08-29,2617693.0,2192254.0,1540992.0,1381432.0,951946.0,266962.0,4717010.0,-237344.0
2021-08-30,2617309.0,2189776.0,1538752.0,1379983.0,951018.0,266430.0,4716847.0,-237696.0
2021-08-31,2616904.0,2187064.0,1536262.0,1378483.0,950106.0,265882.0,4716689.0,-238047.0
2021-09-01,2614826.0,2168850.0,1533565.0,1376745.0,949001.0,265170.0,4716539.0,-238507.0
2021-09-02,2611823.0,2155789.0,1531570.0,1375487.0,948185.0,264672.0,4716391.0,-238803.0
2021-09-03,2608514.0,2144457.0,1529574.0,1374315.0,947434.0,264163.0,4716243.0,-239061.0
2021-09-04,2608262.0,2144056.0,1529341.0,1374126.0,947282.0,264079.0,4716093.0,-239109.0
2021-09-05,2608091.0,2143878.0,1529221.0,1374000.0,947159.0,264021.0,4715941.0,-239147.0
2021-09-06,2607574.0,2141482.0,1526675.0,1372415.0,946051.0,263399.0,4715798.0,-239539.0
2021-09-07,2607151.0,2139716.0,1524744.0,1371249.0,945263.0,262938.0,4715661.0,-239818.0
2021-09-08,2606582.0,2138211.0,1523421.0,1370428.0,944682.0,262599.0,4715532.0,-240040.0
2021-09-09,2595549.0,2126146.0,1521346.0,1369166.0,944029.0,262208.0,4715410.0,-240325.0
2021-09-10,2588982.0,2117744.0,1519694.0,1368240.0,943533.0,261901.0,4715292.0,-240506.0
2021-09-11,2588785.0,2117466.0,1519517.0,1368096.0,943433.0,261836.0,4715178.0,-240546.0
2021-09-12,2588655.0,2117307.0,1519406.0,1367988.0,943352.0,261787.0,4715068.0,-240576.0
2021-09-13,2588314.0,2109876.0,1510752.0,1363081.0,940361.0,260128.0,4714949.0,-241505.0
2021-09-14,2588034.0,2101105.0,1500507.0,1357416.0,936924.0,258146.0,4714819.0,-242505.0
2021-09-15,2585286.0,2096276.0,1498322.0,1356264.0,936324.0,257817.0,4714680.0,-242685.0
2021-09-16,2583205.0,2092803.0,1496788.0,1355453.0,935909.0,257578.0,4714542.0,-242835.0
2021-09-17,2581713.0,2090306.0,1495711.0,1354848.0,935568.0,257379.0,4714417.0,-242946.0
2021-09-18,2581576.0,2090144.0,1495578.0,1354745.0,935488.0,257336.0,4714304.0,-242978.0
2021-09-19,2581479.0,2090043.0,1495492.0,1354675.0,935428.0,257306.0,4714204.0,-243002.0
2021-09-20,2581306.0,2084882.0,1488796.0,1350772.0,933015.0,255857.0,4714107.0,-243799.0
2021-09-21,2581134.0,2079310.0,1481799.0,1346767.0,930648.0,254475.0,4714012.0,-244562.0
2021-09-22,2580395.0,2077151.0,1480442.0,1346055.0,930293.0,254281.0,4713919.0,-244671.0
2021-09-23,2579853.0,2075552.0,1479426.0,1345513.0,930013.0,254141.0,4713828.0,-244761.0
2021-09-24,2579389.0,2074232.0,1478584.0,1345069.0,929773.0,254012.0,4713735.0,-244843.0
2021-09-25,2579282.0,2074081.0,1478460.0,1344975.0,929706.0,253973.0,4713641.0,-244868.0
2021-09-26,2579180.0,2073972.0,1478377.0,1344900.0,929644.0,253941.0,4713545.0,-244891.0
2021-09-27,2578835.0,2070527.0,1473949.0,1342324.0,928148.0,253079.0,4713445.0,-245412.0
2021-09-28,2578480.0,2066777.0,1469587.0,1339832.0,926765.0,252266.0,4713338.0,-245944.0
2021-09-29,2578113.0,2064894.0,1467913.0,1338862.0,926304.0,252027.0,4713227.0,-246104.0
2021-09-30,2577848.0,2063786.0,1467041.0,1338357.0,926042.0,251897.0,4713118.0,-246184.0
2021-10-01,2577740.0,2063661.0,1466944.0,1338274.0,925996.0,251875.0,4713018.0,-246204.0
2021-10-02,2577646.0,2063561.0,1466854.0,1338203.0,925958.0,251852.0,4712929.0,-246218.0
2021-10-03,2577556.0,2063474.0,1466767.0,1338136.0,925921.0,251836.0,4712846.0,-246234.0
2021-10-04,2577301.0,2061393.0,1464208.0,1336609.0,925064.0,251324.0,4712746.0,-246561.0
2021-10-05,2577013.0,2059123.0,1461491.0,1335057.0,924164.0,250806.0,4712627.0,-246913.0
2021-10-06,2576725.0,2057283.0,1459493.0,1333886.0,923512.0,250420.0,4712488.0,-247168.0
2021-10-07,2576427.0,2056003.0,1458190.0,1333135.0,923139.0,250193.0,4712335.0,-247321.0
2021-10-08,2576080.0,2054742.0,1457149.0,1332510.0,922814.0,250017.0,4712176.0,-247434.0
2021-10-09,2575881.0,2054510.0,1456985.0,1332383.0,922753.0,249989.0,4712012.0,-247454.0
2021-10-10,2575687.0,2054299.0,1456847.0,1332271.0,922697.0,249963.0,4711843.0,-247470.0
2021-10-11,2575391.0,2052500.0,1454840.0,1331106.0,921987.0,249564.0,4711672.0,-247732.0
2021-10-12,2575087.0,2050466.0,1452573.0,1329788.0,921230.0,249133.0,4711500.0,-248014.0
2021-10-13,2574794.0,2049119.0,1451224.0,1329043.0,920829.0,248914.0,4711325.0,-248157.0
2021-10-14,2574519.0,2048025.0,1450150.0,1328449.0,920517.0,248755.0,4711150.0,-248255.0
2021-10-15,2574255.0,2047039.0,1449239.0,1327954.0,920267.0,248621.0,4710976.0,-248347.0
2021-10-16,2574075.0,2046837.0,1449070.0,1327837.0,920199.0,248593.0,4710803.0,-248366.0
2021-10-17,2573903.0,2046656.0,1448931.0,1327733.0,920141.0,248569.0,4710631.0,-248385.0
2021-10-18,2573648.0,2045089.0,1447076.0,1326702.0,919553.0,248228.0,4710462.0,-248603.0
2021-10-19,2573399.0,2043461.0,1445144.0,1325619.0,918950.0,247897.0,4710295.0,-248811.0
2021-10-20,2573141.0,2042489.0,1444189.0,1325074.0,918688.0,247758.0,4710132.0,-248914.0
2021-10-21,2572856.0,2041612.0,1443359.0,1324620.0,918478.0,247642.0,4709963.0,-249008.0
2021-10-22,2572456.0,2040777.0,1442625.0,1324202.0,918266.0,247530.0,4709780.0,-249089.0
2021-10-23,2572183.0,2040509.0,1442425.0,1324042.0,918185.0,247491.0,4709584.0,-249119.0
2021-10-24,2571902.0,2040249.0,1442244.0,1323881.0,918104.0,247452.0,4709376.0,-249150.0
2021-10-25,2571582.0,2039961.0,1442040.0,1323718.0,918023.0,247417.0,4709172.0,-249179.0
2021-10-26,2559714.0,2032599.0,1440199.0,1322687.0,917427.0,247091.0,4708972.0,-249402.0
2021-10-27,2552642.0,2023382.0,1438898.0,1321887.0,917016.0,246876.0,4708778.0,-249553.0
2021-10-28,2548125.0,2018259.0,1437772.0,1321199.0,916667.0,246701.0,4708572.0,-249669.0
2021-10-29,2545300.0,2015498.0,1436913.0,1320706.0,916420.0,246589.0,4708337.0,-249745.0
2021-10-30,2544877.0,2015073.0,1436630.0,1320501.0,916318.0,246544.0,4708073.0,-249783.0
2021-10-31,2544457.0,2014647.0,1436350.0,1320291.0,916214.0,246495.0,4707783.0,-249812.0
2021-11-01,2532095.0,2012339.0,1435063.0,1319495.0,915795.0,246284.0,4707481.0,-249942.0
2021-11-02,2517520.0,2010009.0,1433651.0,1318636.0,915325.0,246043.0,4707172.0,-250095.0
2021-11-03,2499748.0,2007979.0,1432488.0,1317903.0,914916.0,245837.0,4706855.0,-250248.0
2021-11-04,2486329.0,2006032.0,1431296.0,1317189.0,914496.0,245620.0,4706533.0,-250386.0
2021-11-05,2471816.0,2002533.0,1430220.0,1316500.0,914110.0,245436.0,4706209.0,-250509.0
2021-11-06,2471016.0,2002032.0,1429905.0,1316269.0,913987.0,245381.0,4705884.0,-250554.0
2021-11-07,2470497.0,2001578.0,1429604.0,1316046.0,913875.0,245326.0,4705555.0,-250590.0
2021-11-08,2448053.0,1998826.0,1428106.0,1315173.0,913361.0,245057.0,4705207.0,-250754.0
2021-11-09,2420472.0,1996081.0,1426546.0,1314207.0,912767.0,244745.0,4704836.0,-250938.0
2021-11-10,2390145.0,1993499.0,1425033.0,1313266.0,912205.0,244451.0,4704445.0,-251135.0
2021-11-11,2360153.0,1990850.0,1423443.0,1312304.0,911612.0,244145.0,4704046.0,-251333.0
2021-11-12,2333096.0,1988324.0,1421964.0,1311388.0,911083.0,243870.0,4703652.0,-251507.0
2021-11-13,2331355.0,1987682.0,1421539.0,1311088.0,910917.0,243782.0,4703264.0,-251557.0
2021-11-14,2330723.0,1987149.0,1421188.0,1310819.0,910774.0,243702.0,4702883.0,-251609.0
2021-11-15,2330061.0,1986631.0,1420838.0,1310555.0,910640.0,243623.0,4702517.0,-251662.0
2021-11-16,2303366.0,1984065.0,1418974.0,1309371.0,909949.0,243203.0,4702166.0,-251897.0
2021-11-17,2277837.0,1981715.0,1417297.0,1308348.0,909343.0,242894.0,4701831.0,-252081.0
2021-11-18,2254170.0,1979518.0,1415798.0,1307395.0,908807.0,242621.0,4701476.0,-252257.0
2021-11-19,2233615.0,1977338.0,1414323.0,1306461.0,908316.0,242357.0,4701066.0,-252411.0
2021-11-20,2231781.0,1976595.0,1413820.0,1306125.0,908126.0,242246.0,4700603.0,-252463.0
2021-11-21,2230902.0,1975915.0,1413381.0,1305811.0,907958.0,242140.0,4700092.0,-252518.0
2021-11-22,2218710.0,1974051.0,1412019.0,1304974.0,907495.0,241896.0,4699575.0,-252651.0
2021-11-23,2201951.0,1971906.0,1410384.0,1303958.0,906941.0,241594.0,4699060.0,-252822.0
2021-11-24,2185524.0,1969892.0,1408820.0,1302997.0,906398.0,241320.0,4698547.0,-253007.0
2021-11-25,2169750.0,1967918.0,1407365.0,1302068.0,905869.0,241051.0,4698034.0,-253185.0
2021-11-26,2156063.0,1965994.0,1405990.0,1301209.0,905371.0,240795.0,4697519.0,-253344.0
2021-11-27,2154390.0,1965182.0,1405444.0,1300826.0,905139.0,240686.0,4697005.0,-253415.0
2021-11-28,2153525.0,1964486.0,1405009.0,1300522.0,904951.0,240594.0,4696494.0,-253484.0
2021-11-29,2141030.0,1962461.0,1403397.0,1299525.0,904351.0,240255.0,4696003.0,-253685.0
2021-11-30,2128264.0,1960558.0,1401871.0,1298591.0,903800.0,239932.0,4695537.0,-253886.0
2021-12-01,2116334.0,1958823.0,1400529.0,1297803.0,903299.0,239678.0,4695096.0,-254076.0
2021-12-02,2105945.0,1957159.0,1399224.0,1296998.0,902820.0,239417.0,4694658.0,-254249.0
2021-12-03,2097276.0,1955578.0,1398009.0,1296236.0,902369.0,239162.0,4694202.0,-254405.0
2021-12-04,2096099.0,1954934.0,1397553.0,1295913.0,902171.0,239047.0,4693727.0,-254470.0
2021-12-05,2095360.0,1954377.0,1397179.0,1295611.0,901992.0,238943.0,4693235.0,-254541.0
2021-12-06,2087347.0,1952675.0,1395837.0,1294700.0,901426.0,238602.0,4692741.0,-254752.0
2021-12-07,2078401.0,1950935.0,1394456.0,1293772.0,900840.0,238216.0,4692250.0,-255005.0
2021-12-08,2069919.0,1949243.0,1393100.0,1292839.0,900222.0,237799.0,4691760.0,-255294.0
2021-12-09,2061682.0,1947618.0,1391826.0,1291973.0,899606.0,237399.0,4691284.0,-255573.0
2021-12-10,2054261.0,1946079.0,1390624.0,1291160.0,899061.0,237049.0,4690839.0,-255797.0
2021-12-11,2053017.0,1945460.0,1390186.0,1290833.0,898836.0,236910.0,4690422.0,-255873.0
2021-12-12,2052379.0,1945006.0,1389905.0,1290614.0,898698.0,236829.0,4690034.0,-255909.0
2021-12-13,2047286.0,1943862.0,1388983.0,1290018.0,898337.0,236624.0,4689668.0,-256037.0
2021-12-14,2040866.0,1942379.0,1387770.0,1289254.0,897859.0,236290.0,4689326.0,-256257.0
2021-12-15,2035408.0,1940951.0,1386631.0,1288511.0,897402.0,236011.0,4689006.0,-256429.0
2021-12-16,2030170.0,1939611.0,1385525.0,1287806.0,896950.0,235728.0,4688693.0,-256622.0
2021-12-17,2025232.0,1938336.0,1384461.0,1287127.0,896517.0,235467.0,4688376.0,-256797.0
2021-12-18,2024346.0,1937892.0,1384131.0,1286885.0,896338.0,235367.0,4688056.0,-256859.0
2021-12-19,2023856.0,1937562.0,1383911.0,1286704.0,896201.0,235288.0,4687735.0,-256920.0
2021-12-20,2018771.0,1936175.0,1382727.0,1285922.0,895694.0,234960.0,4687432.0,-257151.0
2021-12-21,2013647.0,1934860.0,1381589.0,1285194.0,895217.0,234672.0,4687156.0,-257357.0
2021-12-22,2013260.0,1934538.0,1381405.0,1285025.0,895100.0,234612.0,4686907.0,-257413.0
2021-12-23,2008267.0,1933191.0,1380204.0,1284279.0,894630.0,234331.0,4686666.0,-257633.0
2021-12-24,2003838.0,1932027.0,1379210.0,1283658.0,894206.0,234085.0,4686418.0,-257794.0
2021-12-25,2002994.0,1931614.0,1378915.0,1283439.0,894050.0,233998.0,4686167.0,-257845.0
2021-12-26,2002581.0,1931319.0,1378729.0,1283297.0,893937.0,233937.0,4685913.0,-257885.0
2021-12-27,1998007.0,1929979.0,1377524.0,1282567.0,893454.0,233622.0,4685677.0,-258091.0
2021-12-28,1993744.0,1928742.0,1376443.0,1281921.0,893026.0,233338.0,4685462.0,-258272.0
2021-12-29,1989777.0,1927604.0,1375480.0,1281350.0,892642.0,233092.0,4685272.0,-258438.0
2021-12-30,1986369.0,1926560.0,1374623.0,1280831.0,892274.0,232873.0,4685083.0,-258598.0
2021-12-31,1983370.0,1925612.0,1373852.0,1280358.0,891948.0,232676.0,4684872.0,-258737.0
2022-01-01,1982779.0,1925309.0,1373623.0,1280183.0,891827.0,232602.0,4684639.0,-258783.0
2022-01-02,1982480.0,1925084.0,1373472.0,1280051.0,891730.0,232546.0,4684391.0,-258823.0
2022-01-03,1979510.0,1924109.0,1372631.0,1279513.0,891371.0,232346.0,4684162.0,-258975.0
2022-01-04,1976623.0,1923170.0,1371781.0,1279041.0,891070.0,232149.0,4683959.0,-259105.0
2022-01-05,1974155.0,1922288.0,1371024.0,1278587.0,890781.0,231960.0,4683783.0,-259229.0
2022-01-06,1972148.0,1921528.0,1370382.0,1278209.0,890532.0,231795.0,4683613.0,-259341.0
2022-01-07,1971548.0,1921179.0,1370113.0,1278008.0,890402.0,231705.0,4683429.0,-259408.0
2022-01-08,1971309.0,1920976.0,1369979.0,1277903.0,890318.0,231652.0,4683230.0,-259442.0
2022-01-09,1971043.0,1920774.0,1369836.0,1277795.0,890233.0,231595.0,4683016.0,-259485.0
2022-01-10,1967924.0,1919768.0,1368955.0,1277248.0,889857.0,231356.0,4682795.0,-259653.0
2022-01-11,1964447.0,1918721.0,1368033.0,1276695.0,889477.0,231131.0,4682565.0,-259803.0
2022-01-12,1961012.0,1917614.0,1367151.0,1276186.0,889129.0,230926.0,4682328.0,-259934.0
2022-01-13,1957894.0,1916497.0,1366334.0,1275683.0,888813.0,230727.0,4682077.0,-260076.0
2022-01-14,1956978.0,1916013.0,1366009.0,1275442.0,888635.0,230629.0,4681804.0,-260143.0
2022-01-15,1956620.0,1915751.0,1365845.0,1275303.0,888534.0,230572.0,4681520.0,-260182.0
2022-01-16,1956234.0,1915486.0,1365675.0,1275157.0,888431.0,230509.0,4681220.0,-260224.0
2022-01-17,1953059.0,1914375.0,1364691.0,1274550.0,888031.0,230269.0,4680328.0,-260373.0
2022-01-18,1949543.0,1913206.0,1363729.0,1273962.0,887649.0,230034.0,4679073.0,-260527.0
2022-01-19,1946786.0,1912133.0,1362943.0,1273470.0,887345.0,229850.0,4678326.0,-260639.0
2022-01-20,1941647.0,1910971.0,1362055.0,1272932.0,886989.0,229630.0,4672760.0,-260788.0
2022-01-21,1936362.0,1909724.0,1361133.0,1272338.0,886604.0,229407.0,4666509.0,-260919.0
2022-01-22,1935084.0,1908952.0,1360669.0,1271996.0,886369.0,229300.0,4665569.0,-260982.0
2022-01-23,1933968.0,1908148.0,1360225.0,1271656.0,886132.0,229192.0,4664831.0,-261048.0
2022-01-24,1928284.0,1906633.0,1359130.0,1270936.0,885648.0,228926.0,4658697.0,-261210.0
2022-01-25,1923061.0,1905248.0,1358115.0,1270262.0,885212.0,228686.0,4653109.0,-261359.0
2022-01-26,1918469.0,1903928.0,1357151.0,1269662.0,884806.0,228461.0,4648189.0,-261501.0
2022-01-27,1913659.0,1902225.0,1355944.0,1268862.0,884282.0,228191.0,4643108.0,-261671.0
2022-01-28,1908062.0,1899669.0,1354225.0,1267659.0,883494.0,227797.0,4637690.0,-261912.0
2022-01-29,1904380.0,1896697.0,1352373.0,1266227.0,882552.0,227380.0,4635362.0,-262155.0
2022-01-30,1900121.0,1893059.0,1350123.0,1264457.0,881402.0,226861.0,4632883.0,-262449.0
2022-01-31,1892774.0,1889073.0,1347451.0,1262515.0,880145.0,226271.0,4626534.0,-262783.0
2022-02-01,1886761.0,1885693.0,1345105.0,1260857.0,879063.0,225765.0,4621410.0,-263071.0
2022-02-02,1881288.0,1882684.0,1342964.0,1259397.0,878116.0,225311.0,4616482.0,-263303.0
2022-02-03,1876497.0,1879761.0,1340887.0,1257996.0,877175.0,224870.0,4612333.0,-263540.0
2022-02-04,1871692.0,1876415.0,1338610.0,1256398.0,876093.0,224356.0,4608455.0,-263805.0
2022-02-05,1867826.0,1872900.0,1336357.0,1254714.0,874948.0,223832.0,4605738.0,-264105.0
2022-02-06,1863548.0,1868956.0,1333867.0,1252814.0,873639.0,223231.0,4602786.0,-264458.0
2022-02-07,1856637.0,1864275.0,1330672.0,1250446.0,872023.0,222460.0,4597024.0,-264890.0
2022-02-08,1849463.0,1859379.0,1327314.0,1247895.0,870279.0,221600.0,4590902.0,-265325.0
2022-02-09,1842337.0,1854275.0,1323743.0,1245130.0,868385.0,220684.0,4584772.0,-265770.0
2022-02-10,1835117.0,1848844.0,1319958.0,1242147.0,866315.0,219673.0,4578594.0,-266256.0
2022-02-11,1827987.0,1843046.0,1315949.0,1238927.0,864029.0,218567.0,4572497.0,-266805.0
2022-02-12,1821853.0,1837128.0,1311937.0,1235625.0,861603.0,217400.0,4567513.0,-267417.0
2022-02-13,1815410.0,1830843.0,1307692.0,1232099.0,858962.0,216139.0,4562242.0,-268092.0
2022-02-14,1806546.0,1823904.0,1302843.0,1228175.0,856078.0,214718.0,4554335.0,-268870.0
2022-02-15,1797789.0,1816946.0,1297917.0,1224160.0,853168.0,213289.0,4546449.0,-269643.0
2022-02-16,1789160.0,1809901.0,1292912.0,1220032.0,850197.0,211844.0,4538467.0,-270452.0
2022-02-17,1780537.0,1802723.0,1287782.0,1215781.0,847171.0,210340.0,4530499.0,-271269.0
2022-02-18,1771677.0,1795317.0,1282453.0,1211351.0,843991.0,208734.0,4522233.0,-272133.0
2022-02-19,1764467.0,1788074.0,1277319.0,1206951.0,840814.0,207132.0,4515765.0,-272970.0
2022-02-20,1757151.0,1780683.0,1272068.0,1202421.0,837535.0,205447.0,4509212.0,-273845.0
2022-02-21,1747642.0,1772900.0,1266390.0,1197646.0,834094.0,203678.0,4500242.0,-274799.0
2022-02-22,1738500.0,1765296.0,1260832.0,1192980.0,830747.0,201954.0,4491471.0,-275764.0
2022-02-23,1729859.0,1757910.0,1255403.0,1188438.0,827450.0,200269.0,4483144.0,-276731.0
2022-02-24,1721453.0,1750596.0,1250037.0,1183922.0,824164.0,198583.0,4474945.0,-277688.0
2022-02-25,1713144.0,1743279.0,1244625.0,1179309.0,820794.0,196794.0,4466765.0,-278657.0
2022-02-26,1706279.0,1736272.0,1239450.0,1174776.0,817470.0,195002.0,4460121.0,-279610.0
2022-02-27,1699449.0,1729283.0,1234266.0,1170200.0,814101.0,193157.0,4453503.0,-280572.0
2022-02-28,1691074.0,1722064.0,1228768.0,1165509.0,810661.0,191290.0,4445156.0,-281574.0
2022-03-01,1683029.0,1715045.0,1223421.0,1160985.0,807321.0,189531.0,4437080.0,-282541.0
2022-03-02,1675214.0,1708179.0,1218182.0,1156595.0,804071.0,187884.0,4429146.0,-283484.0
2022-03-03,1667638.0,1701513.0,1213076.0,1152284.0,800891.0,186259.0,4421480.0,-284402.0
2022-03-04,1660211.0,1694990.0,1208065.0,1147997.0,797726.0,184604.0,4413837.0,-285342.0
2022-03-05,1654448.0,1688941.0,1203448.0,1143911.0,794692.0,182999.0,4407904.0,-286245.0
2022-03-06,1648876.0,1683068.0,1198944.0,1139873.0,791701.0,181388.0,4402154.0,-287170.0
2022-03-07,1641445.0,1676963.0,1194140.0,1135752.0,788704.0,179778.0,4394636.0,-288119.0
2022-03-08,1634201.0,1671024.0,1189417.0,1131761.0,785835.0,178282.0,4387401.0,-288993.0
2022-03-09,1627362.0,1665298.0,1184836.0,1127942.0,783111.0,176888.0,4380720.0,-289806.0
2022-03-10,1620624.0,1659738.0,1180373.0,1124241.0,780468.0,175563.0,4374082.0,-290580.0
2022-03-11,1614068.0,1654318.0,1176091.0,1120588.0,777818.0,174258.0,4367380.0,-291343.0
2022-03-12,1609560.0,1649303.0,1172192.0,1117132.0,775249.0,173025.0,4362470.0,-292057.0
2022-03-13,1605387.0,1644442.0,1168450.0,1113757.0,772709.0,171827.0,4357715.0,-292760.0
2022-03-14,1598737.0,1639323.0,1164470.0,1110341.0,770213.0,170642.0,4350684.0,-293470.0
2022-03-15,1592691.0,1634361.0,1160597.0,1107121.0,767916.0,169553.0,4344359.0,-294096.0
2022-03-16,1587852.0,1629576.0,1156818.0,1104068.0,765828.0,168564.0,4338962.0,-294668.0
2022-03-17,1583333.0,1625045.0,1153194.0,1101183.0,763857.0,167623.0,4333738.0,-295214.0
2022-03-18,1578646.0,1620823.0,1149853.0,1098449.0,761983.0,166725.0,4327990.0,-295754.0
2022-03-19,1575449.0,1617206.0,1146953.0,1095973.0,760253.0,165908.0,4323615.0,-296255.0
2022-03-20,1572551.0,1613893.0,1144289.0,1093655.0,758604.0,165133.0,4319378.0,-296766.0
2022-03-21,1568885.0,1610329.0,1141396.0,1091281.0,756972.0,164385.0,4314099.0,-297273.0
2022-03-22,1565430.0,1606800.0,1138617.0,1089081.0,755485.0,163706.0,4308821.0,-297715.0
2022-03-23,1562090.0,1603259.0,1135887.0,1087005.0,754106.0,163122.0,4303480.0,-298114.0
2022-03-24,1558922.0,1599860.0,1133271.0,1085038.0,752818.0,162603.0,4298136.0,-298486.0
2022-03-25,1555374.0,1596687.0,1130823.0,1083179.0,751576.0,162098.0,4292342.0,-298842.0
2022-03-26,1552998.0,1593912.0,1128691.0,1081512.0,750442.0,161643.0,4287657.0,-299170.0
2022-03-27,1550862.0,1591345.0,1126698.0,1079944.0,749357.0,161207.0,4283115.0,-299500.0
2022-03-28,1548022.0,1588513.0,1124439.0,1078272.0,748276.0,160732.0,4277800.0,-299850.0
2022-03-29,1545289.0,1585596.0,1122164.0,1076642.0,747283.0,160295.0,4272517.0,-300171.0
2022-03-30,1542610.0,1582619.0,1119908.0,1075041.0,746370.0,159879.0,4267242.0,-300463.0
2022-03-31,1540036.0,1579751.0,1117714.0,1073496.0,745509.0,159485.0,4262211.0,-300730.0
2022-04-01,1537215.0,1577086.0,1115666.0,1072028.0,744654.0,159093.0,4257269.0,-300989.0
2022-04-02,1535361.0,1574830.0,1113924.0,1070740.0,743863.0,158738.0,4253601.0,-301217.0
2022-04-03,1533721.0,1572811.0,1112335.0,1069545.0,743096.0,158395.0,4250458.0,-301430.0
2022-04-04,1531429.0,1570679.0,1110604.0,1068304.0,742326.0,158038.0,4246852.0,-301661.0
2022-04-05,1529235.0,1568657.0,1108981.0,1067167.0,741635.0,157722.0,4243459.0,-301884.0
2022-04-06,1527152.0,1566733.0,1107464.0,1066113.0,741035.0,157453.0,4240310.0,-302075.0
2022-04-07,1525167.0,1564937.0,1106069.0,1065141.0,740494.0,157196.0,4237374.0,-302239.0
2022-04-08,1522727.0,1563289.0,1104779.0,1064201.0,739975.0,156947.0,4234184.0,-302418.0
2022-04-09,1521290.0,1561918.0,1103740.0,1063382.0,739529.0,156713.0,4232099.0,-302565.0
2022-04-10,1519990.0,1560699.0,1102807.0,1062610.0,739117.0,156475.0,4230311.0,-302710.0
2022-04-11,1517861.0,1559298.0,1101663.0,1061756.0,738649.0,156222.0,4227802.0,-302887.0
2022-04-12,1515984.0,1557985.0,1100563.0,1060960.0,738222.0,155996.0,4225563.0,-303048.0
2022-04-13,1514259.0,1556728.0,1099478.0,1060208.0,737824.0,155809.0,4223544.0,-303206.0
2022-04-14,1512728.0,1555545.0,1098481.0,1059500.0,737458.0,155634.0,4221688.0,-303347.0
2022-04-15,1510914.0,1554407.0,1097553.0,1058820.0,737099.0,155463.0,4219641.0,-303486.0
2022-04-16,1509964.0,1553511.0,1096854.0,1058240.0,736801.0,155306.0,4218440.0,-303595.0
2022-04-17,1509153.0,1552704.0,1096244.0,1057692.0,736518.0,155153.0,4217422.0,-303691.0
2022-04-18,1507791.0,1551744.0,1095422.0,1057062.0,736192.0,154965.0,4215842.0,-303811.0
2022-04-19,1506550.0,1550842.0,1094631.0,1056469.0,735881.0,154799.0,4214419.0,-303922.0
2022-04-20,1505428.0,1549966.0,1093861.0,1055913.0,735585.0,154653.0,4213053.0,-304025.0
2022-04-21,1504351.0,1549142.0,1093126.0,1055385.0,735310.0,154518.0,4211792.0,-304117.0
2022-04-22,1503063.0,1548330.0,1092434.0,1054877.0,735038.0,154380.0,4210347.0,-304218.0
2022-04-23,1502347.0,1547681.0,1091882.0,1054439.0,734817.0,154268.0,4209518.0,-304306.0
2022-04-24,1501746.0,1547084.0,1091396.0,1054031.0,734622.0,154163.0,4208840.0,-304394.0
2022-04-25,1500690.0,1546327.0,1090742.0,1053548.0,734375.0,154030.0,4207740.0,-304514.0
2022-04-26,1499729.0,1545591.0,1090098.0,1053088.0,734140.0,153901.0,4206733.0,-304622.0
2022-04-27,1498779.0,1544858.0,1089443.0,1052633.0,733901.0,153780.0,4205762.0,-304723.0
2022-04-28,1497791.0,1544151.0,1088823.0,1052207.0,733666.0,153662.0,4204764.0,-304808.0
2022-04-29,1497328.0,1543675.0,1088404.0,1051895.0,733499.0,153577.0,4204280.0,-304874.0
2022-04-30,1496953.0,1543300.0,1088061.0,1051633.0,733353.0,153498.0,4203881.0,-304937.0
2022-05-01,1496647.0,1543001.0,1087777.0,1051410.0,733222.0,153429.0,4203551.0,-305001.0
2022-05-02,1495910.0,1542479.0,1087300.0,1051058.0,733034.0,153318.0,4202781.0,-305084.0
2022-05-03,1495144.0,1541876.0,1086770.0,1050689.0,732839.0,153223.0,4201992.0,-305163.0
2022-05-04,1494292.0,1541181.0,1086230.0,1050298.0,732643.0,153131.0,4201086.0,-305243.0
2022-05-05,1493482.0,1540490.0,1085686.0,1049908.0,732451.0,153042.0,4200208.0,-305319.0
2022-05-06,1492612.0,1539866.0,1085186.0,1049548.0,732263.0,152946.0,4199271.0,-305392.0
2022-05-07,1492131.0,1539408.0,1084814.0,1049269.0,732101.0,152867.0,4198747.0,-305449.0
2022-05-08,1491778.0,1539036.0,1084492.0,1049023.0,731946.0,152788.0,4198351.0,-305502.0
2022-05-09,1491093.0,1538531.0,1084034.0,1048707.0,731755.0,152686.0,4197595.0,-305566.0
2022-05-10,1490451.0,1538009.0,1083582.0,1048395.0,731570.0,152582.0,4196883.0,-305630.0
2022-05-11,1489782.0,1537471.0,1083130.0,1048072.0,731391.0,152490.0,4196149.0,-305686.0
2022-05-12,1489105.0,1536922.0,1082684.0,1047752.0,731208.0,152397.0,4195391.0,-305743.0
2022-05-13,1488368.0,1536396.0,1082265.0,1047447.0,731039.0,152299.0,4194558.0,-305796.0
2022-05-14,1487946.0,1535964.0,1081934.0,1047191.0,730889.0,152222.0,4194086.0,-305840.0
2022-05-15,1487589.0,1535548.0,1081627.0,1046950.0,730747.0,152147.0,4193695.0,-305881.0
2022-05-16,1486898.0,1534972.0,1081155.0,1046634.0,730561.0,152051.0,4192946.0,-305949.0
2022-05-17,1486180.0,1534347.0,1080633.0,1046302.0,730368.0,151963.0,4192166.0,-306015.0
2022-05-18,1485400.0,1533667.0,1080077.0,1045964.0,730164.0,151879.0,4191342.0,-306090.0
2022-05-19,1484634.0,1532980.0,1079499.0,1045598.0,729959.0,151792.0,4190503.0,-306174.0
2022-05-20,1483771.0,1532293.0,1078967.0,1045229.0,729735.0,151689.0,4189606.0,-306248.0
2022-05-21,1483204.0,1531707.0,1078525.0,1044908.0,729515.0,151588.0,4188959.0,-306307.0
2022-05-22,1482688.0,1531137.0,1078099.0,1044580.0,729288.0,151479.0,4188383.0,-306363.0
2022-05-23,1481784.0,1530371.0,1077498.0,1044154.0,729029.0,151351.0,4187471.0,-306440.0
2022-05-24,1480842.0,1529546.0,1076859.0,1043712.0,728782.0,151240.0,4186539.0,-306509.0
2022-05-25,1479802.0,1528658.0,1076186.0,1043244.0,728552.0,151126.0,4185548.0,-306571.0
2022-05-26,1478730.0,1527705.0,1075461.0,1042736.0,728299.0,151005.0,4184537.0,-306627.0
2022-05-27,1477582.0,1526757.0,1074739.0,1042192.0,728009.0,150859.0,4183468.0,-306714.0
2022-05-28,1476688.0,1525867.0,1074066.0,1041636.0,727691.0,150693.0,4182632.0,-306810.0
2022-05-29,1475844.0,1524972.0,1073380.0,1041045.0,727343.0,150507.0,4181847.0,-306922.0
2022-05-30,1474573.0,1523902.0,1072525.0,1040371.0,726954.0,150306.0,4180627.0,-307052.0
2022-05-31,1473213.0,1522748.0,1071602.0,1039704.0,726569.0,150118.0,4179237.0,-307175.0
2022-06-01,1471755.0,1521517.0,1070622.0,1039023.0,726183.0,149935.0,4177702.0,-307288.0
2022-06-02,1470320.0,1520272.0,1069624.0,1038350.0,725792.0,149752.0,4176120.0,-307397.0
2022-06-03,1468830.0,1519072.0,1068666.0,1037676.0,725385.0,149565.0,4174494.0,-307513.0
2022-06-04,1467777.0,1518008.0,1067822.0,1037061.0,725004.0,149385.0,4173199.0,-307632.0
2022-06-05,1466760.0,1516973.0,1067001.0,1036446.0,724615.0,149196.0,4171942.0,-307754.0
2022-06-06,1465260.0,1515697.0,1065966.0,1035712.0,724172.0,148979.0,4170272.0,-307883.0
2022-06-07,1463670.0,1514308.0,1064860.0,1034930.0,723715.0,148755.0,4168541.0,-308017.0
2022-06-08,1461987.0,1512777.0,1063654.0,1034089.0,723239.0,148530.0,4166702.0,-308142.0
2022-06-09,1460213.0,1511172.0,1062389.0,1033213.0,722734.0,148292.0,4164792.0,-308278.0
2022-06-10,1458372.0,1509584.0,1061123.0,1032299.0,722189.0,148026.0,4162815.0,-308434.0
2022-06-11,1456748.0,1508073.0,1059910.0,1031369.0,721618.0,147751.0,4161052.0,-308604.0
2022-06-12,1455179.0,1506569.0,1058702.0,1030419.0,721017.0,147457.0,4159367.0,-308778.0
2022-06-13,1453215.0,1504898.0,1057382.0,1029420.0,720401.0,147150.0,4157389.0,-308959.0
2022-06-14,1451256.0,1503166.0,1056035.0,1028443.0,719825.0,146861.0,4155434.0,-309135.0
2022-06-15,1449394.0,1501377.0,1054684.0,1027494.0,719282.0,146590.0,4153542.0,-309290.0
2022-06-16,1447576.0,1499543.0,1053315.0,1026539.0,718744.0,146316.0,4151707.0,-309443.0
2022-06-17,1445720.0,1497708.0,1051946.0,1025546.0,718166.0,146021.0,4149835.0,-309610.0
2022-06-18,1444033.0,1495922.0,1050615.0,1024546.0,717567.0,145710.0,4148069.0,-309777.0
2022-06-19,1442347.0,1494117.0,1049270.0,1023513.0,716938.0,145379.0,4146295.0,-309960.0
2022-06-20,1440271.0,1492069.0,1047697.0,1022361.0,716233.0,145023.0,4144134.0,-310167.0
2022-06-21,1438222.0,1489904.0,1046044.0,1021161.0,715516.0,144656.0,4141905.0,-310373.0
2022-06-22,1436146.0,1487612.0,1044305.0,1019904.0,714769.0,144284.0,4139573.0,-310582.0
2022-06-23,1434051.0,1485283.0,1042514.0,1018602.0,713990.0,143892.0,4137167.0,-310799.0
2022-06-24,1431912.0,1482998.0,1040705.0,1017280.0,713169.0,143459.0,4134682.0,-311041.0
2022-06-25,1430037.0,1480830.0,1038965.0,1015972.0,712324.0,143002.0,4132391.0,-311278.0
2022-06-26,1428213.0,1478714.0,1037230.0,1014652.0,711452.0,142517.0,4130140.0,-311525.0
2022-06-27,1426114.0,1476486.0,1035385.0,1013280.0,710564.0,142041.0,4127641.0,-311779.0
2022-06-28,1424062.0,1474234.0,1033563.0,1011927.0,709708.0,141603.0,4125211.0,-312016.0
2022-06-29,1422051.0,1471964.0,1031766.0,1010587.0,708890.0,141211.0,4122809.0,-312249.0
2022-06-30,1420070.0,1469708.0,1029982.0,1009245.0,708049.0,140817.0,4120435.0,-312477.0
2022-07-01,1418098.0,1467541.0,1028217.0,1007906.0,707161.0,140383.0,4118060.0,-312743.0
2022-07-02,1416353.0,1465501.0,1026536.0,1006613.0,706230.0,139929.0,4115870.0,-313018.0
2022-07-03,1414684.0,1463541.0,1024895.0,1005340.0,705265.0,139445.0,4113753.0,-313309.0
2022-07-04,1412861.0,1461573.0,1023240.0,1004076.0,704350.0,138986.0,4111556.0,-313592.0
2022-07-05,1411462.0,1459790.0,1021796.0,1002956.0,703566.0,138600.0,4109845.0,-313821.0
2022-07-06,1409969.0,1457987.0,1020330.0,1001856.0,702839.0,138247.0,4108168.0,-314037.0
2022-07-07,1408510.0,1456150.0,1018865.0,1000738.0,702122.0,137883.0,4106527.0,-314254.0
2022-07-08,1406810.0,1454113.0,1017214.0,999488.0,701266.0,137444.0,4104619.0,-314521.0
2022-07-09,1405102.0,1451948.0,1015464.0,998142.0,700316.0,136944.0,4102698.0,-314804.0
2022-07-10,1403295.0,1449639.0,1013591.0,996701.0,699278.0,136392.0,4100687.0,-315116.0
2022-07-11,1401573.0,1447443.0,1011828.0,995337.0,698313.0,135881.0,4098899.0,-315412.0
2022-07-12,1399738.0,1445286.0,1010092.0,993992.0,697411.0,135400.0,4097174.0,-315701.0
2022-07-13,1398052.0,1443301.0,1008527.0,992776.0,696614.0,134986.0,4095743.0,-315962.0
2022-07-14,1396354.0,1441369.0,1007026.0,991614.0,695843.0,134588.0,4094407.0,-316220.0
2022-07-15,1394661.0,1439419.0,1005495.0,990414.0,695001.0,134147.0,4093100.0,-316486.0
2022-07-16,1393006.0,1437482.0,1003980.0,989203.0,694100.0,133668.0,4091870.0,-316767.0
2022-07-17,1391318.0,1435507.0,1002427.0,987962.0,693143.0,133153.0,4090655.0,-317074.0
2022-07-18,1389359.0,1433397.0,1000747.0,986630.0,692165.0,132634.0,4089210.0,-317377.0
2022-07-19,1387460.0,1431269.0,999058.0,985277.0,691226.0,132147.0,4087892.0,-317666.0
2022-07-20,1385685.0,1429123.0,997356.0,983911.0,690328.0,131692.0,4086717.0,-317917.0
2022-07-21,1383901.0,1427022.0,995692.0,982548.0,689438.0,131243.0,4085537.0,-318176.0
2022-07-22,1382179.0,1425035.0,994115.0,981248.0,688551.0,130778.0,4084360.0,-318445.0
2022-07-23,1380682.0,1423230.0,992704.0,980047.0,687689.0,130317.0,4083368.0,-318726.0
2022-07-24,1379241.0,1421528.0,991376.0,978899.0,686840.0,129847.0,4082404.0,-319019.0
2022-07-25,1377551.0,1419698.0,989920.0,977682.0,685968.0,129368.0,4081215.0,-319316.0
2022-07-26,1375846.0,1417830.0,988424.0,976461.0,685116.0,128910.0,4080033.0,-319590.0
2022-07-27,1374181.0,1415930.0,986875.0,975228.0,684277.0,128459.0,4078915.0,-319845.0
2022-07-28,1372628.0,1414104.0,985398.0,974043.0,683468.0,128023.0,4077890.0,-320094.0
2022-07-29,1371182.0,1412429.0,984060.0,972954.0,682703.0,127597.0,4076901.0,-320349.0
2022-07-30,1370006.0,1410989.0,982927.0,971991.0,682006.0,127199.0,4076120.0,-320596.0
2022-07-31,1368929.0,1409677.0,981911.0,971102.0,681346.0,126808.0,4075389.0,-320847.0
2022-08-01,1367563.0,1408216.0,980767.0,970119.0,680638.0,126414.0,4074340.0,-321106.0
2022-08-02,1366152.0,1406700.0,979575.0,969094.0,679918.0,126035.0,4073306.0,-321354.0
2022-08-03,1364718.0,1405087.0,978325.0,968010.0,679166.0,125655.0,4072260.0,-321587.0
2022-08-04,1363271.0,1403469.0,977076.0,966916.0,678396.0,125267.0,4071178.0,-321822.0
2022-08-05,1361819.0,1401891.0,975835.0,965844.0,677608.0,124857.0,4070016.0,-322066.0
2022-08-06,1360618.0,1400427.0,974677.0,964822.0,676829.0,124430.0,4069040.0,-322320.0
2022-08-07,1359469.0,1399009.0,973550.0,963824.0,676045.0,123982.0,4068039.0,-322584.0
2022-08-08,1358118.0,1397411.0,972225.0,962724.0,675240.0,123541.0,4066728.0,-322844.0
2022-08-09,1356738.0,1395698.0,970781.0,961567.0,674432.0,123111.0,4065317.0,-323095.0
2022-08-10,1355308.0,1393868.0,969214.0,960341.0,673624.0,122695.0,4063777.0,-323345.0
2022-08-11,1353894.0,1392038.0,967638.0,959121.0,672820.0,122282.0,4062155.0,-323590.0
2022-08-12,1352548.0,1390343.0,966213.0,957955.0,672015.0,121855.0,4060503.0,-323833.0
2022-08-13,1351393.0,1388815.0,964989.0,956881.0,671220.0,121417.0,4058967.0,-324072.0
2022-08-14,1350332.0,1387371.0,963874.0,955861.0,670423.0,120971.0,4057433.0,-324313.0
2022-08-15,1349075.0,1385688.0,962528.0,954754.0,669602.0,120528.0,4055511.0,-324552.0
